[debug] [2026-02-03T05:34:33.370Z] [Firebase Plugin] Activating Firebase extension.
[debug] [2026-02-03T05:34:34.099Z] [Firebase Plugin] requireAuthWrapper
[debug] [2026-02-03T05:34:34.100Z] > command requires scopes: ["email","openid","https://www.googleapis.com/auth/cloudplatformprojects.readonly","https://www.googleapis.com/auth/firebase","https://www.googleapis.com/auth/cloud-platform"]
[debug] [2026-02-03T05:34:34.108Z] [Firebase Plugin] VSCode notification server listening on port 40001
[info] [Firebase Plugin] Starting Data Connect toolkit (version 3.1.1) on port 50001
[debug] [2026-02-03T05:34:34.279Z] 'fdc build' failed with error: Unable to build your Data Connect schema and connectors (exit code 1): E0203 11:04:34.277091    4091 cmd.go:43] Error loading data connect config: could not find dataconnect.yaml in `/home/user/antigravity/typpingchallenge/dataconnect`
 {"metadata":{"emulator":{"name":"dataconnect"},"message":"'fdc build' failed with error: Unable to build your Data Connect schema and connectors (exit code 1): E0203 11:04:34.277091    4091 cmd.go:43] Error loading data connect config: could not find dataconnect.yaml in `/home/user/antigravity/typpingchallenge/dataconnect`\n"}}
[debug] [2026-02-03T05:34:34.281Z] Ignoring unsupported arg: auto_download {"metadata":{"emulator":{"name":"dataconnect"},"message":"Ignoring unsupported arg: auto_download"}}
[debug] [2026-02-03T05:34:34.281Z] Ignoring unsupported arg: port {"metadata":{"emulator":{"name":"dataconnect"},"message":"Ignoring unsupported arg: port"}}
[debug] [2026-02-03T05:34:34.282Z] Starting Data Connect Emulator with command {"binary":"/home/user/.cache/firebase/emulators/dataconnect-emulator-3.1.1","args":["--logtostderr","-v=2","dev","--listen=localhost:50001","--config_dir=/home/user/antigravity/typpingchallenge/dataconnect","--enable_output_schema_extensions=true","--enable_output_generated_sdk=true"],"optionalArgs":["listen","config_dir","enable_output_schema_extensions","enable_output_generated_sdk"],"joinArgs":true,"shell":false,"port":9399} {"metadata":{"emulator":{"name":"dataconnect"},"message":"Starting Data Connect Emulator with command {\"binary\":\"/home/user/.cache/firebase/emulators/dataconnect-emulator-3.1.1\",\"args\":[\"--logtostderr\",\"-v=2\",\"dev\",\"--listen=localhost:50001\",\"--config_dir=/home/user/antigravity/typpingchallenge/dataconnect\",\"--enable_output_schema_extensions=true\",\"--enable_output_generated_sdk=true\"],\"optionalArgs\":[\"listen\",\"config_dir\",\"enable_output_schema_extensions\",\"enable_output_generated_sdk\"],\"joinArgs\":true,\"shell\":false,\"port\":9399}"}}
[info] i  dataconnect: Data Connect Emulator logging to dataconnect-debug.log {"metadata":{"emulator":{"name":"dataconnect"},"message":"Data Connect Emulator logging to dataconnect-debug.log"}}
[error] [Firebase Plugin] requireAuth error: Could not load the default credentials. Browse to https://cloud.google.com/docs/authentication/getting-started for more information.
[debug] [2026-02-03T05:34:34.311Z] E0203 11:04:34.310697    4101 dev.go:83] Failed to load initial config from "/home/user/antigravity/typpingchallenge/dataconnect": could not find dataconnect.yaml in `/home/user/antigravity/typpingchallenge/dataconnect`
 {"metadata":{"emulator":{"name":"dataconnect"},"message":"E0203 11:04:34.310697    4101 dev.go:83] Failed to load initial config from \"/home/user/antigravity/typpingchallenge/dataconnect\": could not find dataconnect.yaml in `/home/user/antigravity/typpingchallenge/dataconnect`\n"}}
[debug] [2026-02-03T05:34:34.312Z] E0203 11:04:34.311423    4101 watch.go:116] watchAllDir unable to walk dir `/home/user/antigravity/typpingchallenge/dataconnect`: lstat /home/user/antigravity/typpingchallenge/dataconnect: no such file or directory
 {"metadata":{"emulator":{"name":"dataconnect"},"message":"E0203 11:04:34.311423    4101 watch.go:116] watchAllDir unable to walk dir `/home/user/antigravity/typpingchallenge/dataconnect`: lstat /home/user/antigravity/typpingchallenge/dataconnect: no such file or directory\n"}}
[debug] [2026-02-03T05:34:34.313Z] I0203 11:04:34.312571    4101 dev.go:104] Listening on address (HTTP + gRPC): 127.0.0.1:50001
 {"metadata":{"emulator":{"name":"dataconnect"},"message":"I0203 11:04:34.312571    4101 dev.go:104] Listening on address (HTTP + gRPC): 127.0.0.1:50001\n"}}
[error] [Firebase Plugin] error:  {}
[debug] [2026-02-03T05:34:44.316Z] E0203 11:04:44.316435    4101 watch.go:40] Failed to load config from "/home/user/antigravity/typpingchallenge/dataconnect": could not find dataconnect.yaml in `/home/user/antigravity/typpingchallenge/dataconnect`
 {"metadata":{"emulator":{"name":"dataconnect"},"message":"E0203 11:04:44.316435    4101 watch.go:40] Failed to load config from \"/home/user/antigravity/typpingchallenge/dataconnect\": could not find dataconnect.yaml in `/home/user/antigravity/typpingchallenge/dataconnect`\n"}}
[debug] [2026-02-03T05:34:54.320Z] E0203 11:04:54.320751    4101 watch.go:40] Failed to load config from "/home/user/antigravity/typpingchallenge/dataconnect": could not find dataconnect.yaml in `/home/user/antigravity/typpingchallenge/dataconnect`
 {"metadata":{"emulator":{"name":"dataconnect"},"message":"E0203 11:04:54.320751    4101 watch.go:40] Failed to load config from \"/home/user/antigravity/typpingchallenge/dataconnect\": could not find dataconnect.yaml in `/home/user/antigravity/typpingchallenge/dataconnect`\n"}}
[debug] [2026-02-03T05:35:04.312Z] E0203 11:05:04.312030    4101 watch.go:40] Failed to load config from "/home/user/antigravity/typpingchallenge/dataconnect": could not find dataconnect.yaml in `/home/user/antigravity/typpingchallenge/dataconnect`
 {"metadata":{"emulator":{"name":"dataconnect"},"message":"E0203 11:05:04.312030    4101 watch.go:40] Failed to load config from \"/home/user/antigravity/typpingchallenge/dataconnect\": could not find dataconnect.yaml in `/home/user/antigravity/typpingchallenge/dataconnect`\n"}}
[debug] [2026-02-03T05:35:14.321Z] E0203 11:05:14.321247    4101 watch.go:40] Failed to load config from "/home/user/antigravity/typpingchallenge/dataconnect": could not find dataconnect.yaml in `/home/user/antigravity/typpingchallenge/dataconnect`
 {"metadata":{"emulator":{"name":"dataconnect"},"message":"E0203 11:05:14.321247    4101 watch.go:40] Failed to load config from \"/home/user/antigravity/typpingchallenge/dataconnect\": could not find dataconnect.yaml in `/home/user/antigravity/typpingchallenge/dataconnect`\n"}}
[debug] [2026-02-03T05:35:24.321Z] E0203 11:05:24.321299    4101 watch.go:40] Failed to load config from "/home/user/antigravity/typpingchallenge/dataconnect": could not find dataconnect.yaml in `/home/user/antigravity/typpingchallenge/dataconnect`
 {"metadata":{"emulator":{"name":"dataconnect"},"message":"E0203 11:05:24.321299    4101 watch.go:40] Failed to load config from \"/home/user/antigravity/typpingchallenge/dataconnect\": could not find dataconnect.yaml in `/home/user/antigravity/typpingchallenge/dataconnect`\n"}}
[debug] [2026-02-03T05:35:34.312Z] E0203 11:05:34.311675    4101 watch.go:116] watchAllDir unable to walk dir `/home/user/antigravity/typpingchallenge/dataconnect`: lstat /home/user/antigravity/typpingchallenge/dataconnect: no such file or directory
E0203 11:05:34.311739    4101 watch.go:40] Failed to load config from "/home/user/antigravity/typpingchallenge/dataconnect": could not find dataconnect.yaml in `/home/user/antigravity/typpingchallenge/dataconnect`
 {"metadata":{"emulator":{"name":"dataconnect"},"message":"E0203 11:05:34.311675    4101 watch.go:116] watchAllDir unable to walk dir `/home/user/antigravity/typpingchallenge/dataconnect`: lstat /home/user/antigravity/typpingchallenge/dataconnect: no such file or directory\nE0203 11:05:34.311739    4101 watch.go:40] Failed to load config from \"/home/user/antigravity/typpingchallenge/dataconnect\": could not find dataconnect.yaml in `/home/user/antigravity/typpingchallenge/dataconnect`\n"}}
[debug] [2026-02-03T05:35:44.316Z] E0203 11:05:44.316273    4101 watch.go:40] Failed to load config from "/home/user/antigravity/typpingchallenge/dataconnect": could not find dataconnect.yaml in `/home/user/antigravity/typpingchallenge/dataconnect`
 {"metadata":{"emulator":{"name":"dataconnect"},"message":"E0203 11:05:44.316273    4101 watch.go:40] Failed to load config from \"/home/user/antigravity/typpingchallenge/dataconnect\": could not find dataconnect.yaml in `/home/user/antigravity/typpingchallenge/dataconnect`\n"}}
[debug] [2026-02-03T05:35:54.321Z] E0203 11:05:54.321123    4101 watch.go:40] Failed to load config from "/home/user/antigravity/typpingchallenge/dataconnect": could not find dataconnect.yaml in `/home/user/antigravity/typpingchallenge/dataconnect`
 {"metadata":{"emulator":{"name":"dataconnect"},"message":"E0203 11:05:54.321123    4101 watch.go:40] Failed to load config from \"/home/user/antigravity/typpingchallenge/dataconnect\": could not find dataconnect.yaml in `/home/user/antigravity/typpingchallenge/dataconnect`\n"}}
[debug] [2026-02-03T05:36:04.312Z] E0203 11:06:04.311997    4101 watch.go:40] Failed to load config from "/home/user/antigravity/typpingchallenge/dataconnect": could not find dataconnect.yaml in `/home/user/antigravity/typpingchallenge/dataconnect`
 {"metadata":{"emulator":{"name":"dataconnect"},"message":"E0203 11:06:04.311997    4101 watch.go:40] Failed to load config from \"/home/user/antigravity/typpingchallenge/dataconnect\": could not find dataconnect.yaml in `/home/user/antigravity/typpingchallenge/dataconnect`\n"}}
[debug] [2026-02-03T05:36:14.320Z] E0203 11:06:14.320722    4101 watch.go:40] Failed to load config from "/home/user/antigravity/typpingchallenge/dataconnect": could not find dataconnect.yaml in `/home/user/antigravity/typpingchallenge/dataconnect`
 {"metadata":{"emulator":{"name":"dataconnect"},"message":"E0203 11:06:14.320722    4101 watch.go:40] Failed to load config from \"/home/user/antigravity/typpingchallenge/dataconnect\": could not find dataconnect.yaml in `/home/user/antigravity/typpingchallenge/dataconnect`\n"}}
[debug] [2026-02-03T05:36:24.320Z] E0203 11:06:24.320750    4101 watch.go:40] Failed to load config from "/home/user/antigravity/typpingchallenge/dataconnect": could not find dataconnect.yaml in `/home/user/antigravity/typpingchallenge/dataconnect`
 {"metadata":{"emulator":{"name":"dataconnect"},"message":"E0203 11:06:24.320750    4101 watch.go:40] Failed to load config from \"/home/user/antigravity/typpingchallenge/dataconnect\": could not find dataconnect.yaml in `/home/user/antigravity/typpingchallenge/dataconnect`\n"}}
[debug] [2026-02-03T05:36:34.312Z] E0203 11:06:34.311948    4101 watch.go:116] watchAllDir unable to walk dir `/home/user/antigravity/typpingchallenge/dataconnect`: lstat /home/user/antigravity/typpingchallenge/dataconnect: no such file or directory
E0203 11:06:34.312025    4101 watch.go:40] Failed to load config from "/home/user/antigravity/typpingchallenge/dataconnect": could not find dataconnect.yaml in `/home/user/antigravity/typpingchallenge/dataconnect`
 {"metadata":{"emulator":{"name":"dataconnect"},"message":"E0203 11:06:34.311948    4101 watch.go:116] watchAllDir unable to walk dir `/home/user/antigravity/typpingchallenge/dataconnect`: lstat /home/user/antigravity/typpingchallenge/dataconnect: no such file or directory\nE0203 11:06:34.312025    4101 watch.go:40] Failed to load config from \"/home/user/antigravity/typpingchallenge/dataconnect\": could not find dataconnect.yaml in `/home/user/antigravity/typpingchallenge/dataconnect`\n"}}
[debug] [2026-02-03T05:36:44.313Z] E0203 11:06:44.312568    4101 watch.go:40] Failed to load config from "/home/user/antigravity/typpingchallenge/dataconnect": could not find dataconnect.yaml in `/home/user/antigravity/typpingchallenge/dataconnect`
 {"metadata":{"emulator":{"name":"dataconnect"},"message":"E0203 11:06:44.312568    4101 watch.go:40] Failed to load config from \"/home/user/antigravity/typpingchallenge/dataconnect\": could not find dataconnect.yaml in `/home/user/antigravity/typpingchallenge/dataconnect`\n"}}
[debug] [2026-02-03T05:36:54.312Z] E0203 11:06:54.311913    4101 watch.go:40] Failed to load config from "/home/user/antigravity/typpingchallenge/dataconnect": could not find dataconnect.yaml in `/home/user/antigravity/typpingchallenge/dataconnect`
 {"metadata":{"emulator":{"name":"dataconnect"},"message":"E0203 11:06:54.311913    4101 watch.go:40] Failed to load config from \"/home/user/antigravity/typpingchallenge/dataconnect\": could not find dataconnect.yaml in `/home/user/antigravity/typpingchallenge/dataconnect`\n"}}
[debug] [2026-02-03T05:37:04.312Z] E0203 11:07:04.311945    4101 watch.go:40] Failed to load config from "/home/user/antigravity/typpingchallenge/dataconnect": could not find dataconnect.yaml in `/home/user/antigravity/typpingchallenge/dataconnect`
 {"metadata":{"emulator":{"name":"dataconnect"},"message":"E0203 11:07:04.311945    4101 watch.go:40] Failed to load config from \"/home/user/antigravity/typpingchallenge/dataconnect\": could not find dataconnect.yaml in `/home/user/antigravity/typpingchallenge/dataconnect`\n"}}
[debug] [2026-02-03T05:37:14.321Z] E0203 11:07:14.320769    4101 watch.go:40] Failed to load config from "/home/user/antigravity/typpingchallenge/dataconnect": could not find dataconnect.yaml in `/home/user/antigravity/typpingchallenge/dataconnect`
 {"metadata":{"emulator":{"name":"dataconnect"},"message":"E0203 11:07:14.320769    4101 watch.go:40] Failed to load config from \"/home/user/antigravity/typpingchallenge/dataconnect\": could not find dataconnect.yaml in `/home/user/antigravity/typpingchallenge/dataconnect`\n"}}
[debug] [2026-02-03T05:37:24.321Z] E0203 11:07:24.320841    4101 watch.go:40] Failed to load config from "/home/user/antigravity/typpingchallenge/dataconnect": could not find dataconnect.yaml in `/home/user/antigravity/typpingchallenge/dataconnect`
 {"metadata":{"emulator":{"name":"dataconnect"},"message":"E0203 11:07:24.320841    4101 watch.go:40] Failed to load config from \"/home/user/antigravity/typpingchallenge/dataconnect\": could not find dataconnect.yaml in `/home/user/antigravity/typpingchallenge/dataconnect`\n"}}
[debug] [2026-02-03T05:37:34.312Z] E0203 11:07:34.312361    4101 watch.go:116] watchAllDir unable to walk dir `/home/user/antigravity/typpingchallenge/dataconnect`: lstat /home/user/antigravity/typpingchallenge/dataconnect: no such file or directory
E0203 11:07:34.312491    4101 watch.go:40] Failed to load config from "/home/user/antigravity/typpingchallenge/dataconnect": could not find dataconnect.yaml in `/home/user/antigravity/typpingchallenge/dataconnect`
 {"metadata":{"emulator":{"name":"dataconnect"},"message":"E0203 11:07:34.312361    4101 watch.go:116] watchAllDir unable to walk dir `/home/user/antigravity/typpingchallenge/dataconnect`: lstat /home/user/antigravity/typpingchallenge/dataconnect: no such file or directory\nE0203 11:07:34.312491    4101 watch.go:40] Failed to load config from \"/home/user/antigravity/typpingchallenge/dataconnect\": could not find dataconnect.yaml in `/home/user/antigravity/typpingchallenge/dataconnect`\n"}}
[debug] [2026-02-03T05:37:44.321Z] E0203 11:07:44.320737    4101 watch.go:40] Failed to load config from "/home/user/antigravity/typpingchallenge/dataconnect": could not find dataconnect.yaml in `/home/user/antigravity/typpingchallenge/dataconnect`
 {"metadata":{"emulator":{"name":"dataconnect"},"message":"E0203 11:07:44.320737    4101 watch.go:40] Failed to load config from \"/home/user/antigravity/typpingchallenge/dataconnect\": could not find dataconnect.yaml in `/home/user/antigravity/typpingchallenge/dataconnect`\n"}}
[debug] [2026-02-03T05:37:54.321Z] E0203 11:07:54.320769    4101 watch.go:40] Failed to load config from "/home/user/antigravity/typpingchallenge/dataconnect": could not find dataconnect.yaml in `/home/user/antigravity/typpingchallenge/dataconnect`
 {"metadata":{"emulator":{"name":"dataconnect"},"message":"E0203 11:07:54.320769    4101 watch.go:40] Failed to load config from \"/home/user/antigravity/typpingchallenge/dataconnect\": could not find dataconnect.yaml in `/home/user/antigravity/typpingchallenge/dataconnect`\n"}}
[debug] [2026-02-03T05:38:04.312Z] E0203 11:08:04.312220    4101 watch.go:40] Failed to load config from "/home/user/antigravity/typpingchallenge/dataconnect": could not find dataconnect.yaml in `/home/user/antigravity/typpingchallenge/dataconnect`
 {"metadata":{"emulator":{"name":"dataconnect"},"message":"E0203 11:08:04.312220    4101 watch.go:40] Failed to load config from \"/home/user/antigravity/typpingchallenge/dataconnect\": could not find dataconnect.yaml in `/home/user/antigravity/typpingchallenge/dataconnect`\n"}}
[debug] [2026-02-03T05:38:14.321Z] E0203 11:08:14.320813    4101 watch.go:40] Failed to load config from "/home/user/antigravity/typpingchallenge/dataconnect": could not find dataconnect.yaml in `/home/user/antigravity/typpingchallenge/dataconnect`
 {"metadata":{"emulator":{"name":"dataconnect"},"message":"E0203 11:08:14.320813    4101 watch.go:40] Failed to load config from \"/home/user/antigravity/typpingchallenge/dataconnect\": could not find dataconnect.yaml in `/home/user/antigravity/typpingchallenge/dataconnect`\n"}}
[debug] [2026-02-03T05:38:24.313Z] E0203 11:08:24.313114    4101 watch.go:40] Failed to load config from "/home/user/antigravity/typpingchallenge/dataconnect": could not find dataconnect.yaml in `/home/user/antigravity/typpingchallenge/dataconnect`
 {"metadata":{"emulator":{"name":"dataconnect"},"message":"E0203 11:08:24.313114    4101 watch.go:40] Failed to load config from \"/home/user/antigravity/typpingchallenge/dataconnect\": could not find dataconnect.yaml in `/home/user/antigravity/typpingchallenge/dataconnect`\n"}}
[debug] [2026-02-03T05:38:34.312Z] E0203 11:08:34.311900    4101 watch.go:116] watchAllDir unable to walk dir `/home/user/antigravity/typpingchallenge/dataconnect`: lstat /home/user/antigravity/typpingchallenge/dataconnect: no such file or directory
E0203 11:08:34.312012    4101 watch.go:40] Failed to load config from "/home/user/antigravity/typpingchallenge/dataconnect": could not find dataconnect.yaml in `/home/user/antigravity/typpingchallenge/dataconnect`
 {"metadata":{"emulator":{"name":"dataconnect"},"message":"E0203 11:08:34.311900    4101 watch.go:116] watchAllDir unable to walk dir `/home/user/antigravity/typpingchallenge/dataconnect`: lstat /home/user/antigravity/typpingchallenge/dataconnect: no such file or directory\nE0203 11:08:34.312012    4101 watch.go:40] Failed to load config from \"/home/user/antigravity/typpingchallenge/dataconnect\": could not find dataconnect.yaml in `/home/user/antigravity/typpingchallenge/dataconnect`\n"}}
[debug] [2026-02-03T05:38:44.313Z] E0203 11:08:44.313089    4101 watch.go:40] Failed to load config from "/home/user/antigravity/typpingchallenge/dataconnect": could not find dataconnect.yaml in `/home/user/antigravity/typpingchallenge/dataconnect`
 {"metadata":{"emulator":{"name":"dataconnect"},"message":"E0203 11:08:44.313089    4101 watch.go:40] Failed to load config from \"/home/user/antigravity/typpingchallenge/dataconnect\": could not find dataconnect.yaml in `/home/user/antigravity/typpingchallenge/dataconnect`\n"}}
[debug] [2026-02-03T05:38:54.312Z] E0203 11:08:54.312219    4101 watch.go:40] Failed to load config from "/home/user/antigravity/typpingchallenge/dataconnect": could not find dataconnect.yaml in `/home/user/antigravity/typpingchallenge/dataconnect`
 {"metadata":{"emulator":{"name":"dataconnect"},"message":"E0203 11:08:54.312219    4101 watch.go:40] Failed to load config from \"/home/user/antigravity/typpingchallenge/dataconnect\": could not find dataconnect.yaml in `/home/user/antigravity/typpingchallenge/dataconnect`\n"}}
[debug] [2026-02-03T05:39:04.312Z] E0203 11:09:04.312060    4101 watch.go:40] Failed to load config from "/home/user/antigravity/typpingchallenge/dataconnect": could not find dataconnect.yaml in `/home/user/antigravity/typpingchallenge/dataconnect`
 {"metadata":{"emulator":{"name":"dataconnect"},"message":"E0203 11:09:04.312060    4101 watch.go:40] Failed to load config from \"/home/user/antigravity/typpingchallenge/dataconnect\": could not find dataconnect.yaml in `/home/user/antigravity/typpingchallenge/dataconnect`\n"}}
[debug] [2026-02-03T05:39:14.320Z] E0203 11:09:14.319772    4101 watch.go:40] Failed to load config from "/home/user/antigravity/typpingchallenge/dataconnect": could not find dataconnect.yaml in `/home/user/antigravity/typpingchallenge/dataconnect`
 {"metadata":{"emulator":{"name":"dataconnect"},"message":"E0203 11:09:14.319772    4101 watch.go:40] Failed to load config from \"/home/user/antigravity/typpingchallenge/dataconnect\": could not find dataconnect.yaml in `/home/user/antigravity/typpingchallenge/dataconnect`\n"}}
[debug] [2026-02-03T05:39:24.321Z] E0203 11:09:24.320769    4101 watch.go:40] Failed to load config from "/home/user/antigravity/typpingchallenge/dataconnect": could not find dataconnect.yaml in `/home/user/antigravity/typpingchallenge/dataconnect`
 {"metadata":{"emulator":{"name":"dataconnect"},"message":"E0203 11:09:24.320769    4101 watch.go:40] Failed to load config from \"/home/user/antigravity/typpingchallenge/dataconnect\": could not find dataconnect.yaml in `/home/user/antigravity/typpingchallenge/dataconnect`\n"}}
[debug] [2026-02-03T05:39:34.312Z] E0203 11:09:34.312076    4101 watch.go:116] watchAllDir unable to walk dir `/home/user/antigravity/typpingchallenge/dataconnect`: lstat /home/user/antigravity/typpingchallenge/dataconnect: no such file or directory
E0203 11:09:34.312253    4101 watch.go:40] Failed to load config from "/home/user/antigravity/typpingchallenge/dataconnect": could not find dataconnect.yaml in `/home/user/antigravity/typpingchallenge/dataconnect`
 {"metadata":{"emulator":{"name":"dataconnect"},"message":"E0203 11:09:34.312076    4101 watch.go:116] watchAllDir unable to walk dir `/home/user/antigravity/typpingchallenge/dataconnect`: lstat /home/user/antigravity/typpingchallenge/dataconnect: no such file or directory\nE0203 11:09:34.312253    4101 watch.go:40] Failed to load config from \"/home/user/antigravity/typpingchallenge/dataconnect\": could not find dataconnect.yaml in `/home/user/antigravity/typpingchallenge/dataconnect`\n"}}
[debug] [2026-02-03T05:39:44.321Z] E0203 11:09:44.320781    4101 watch.go:40] Failed to load config from "/home/user/antigravity/typpingchallenge/dataconnect": could not find dataconnect.yaml in `/home/user/antigravity/typpingchallenge/dataconnect`
 {"metadata":{"emulator":{"name":"dataconnect"},"message":"E0203 11:09:44.320781    4101 watch.go:40] Failed to load config from \"/home/user/antigravity/typpingchallenge/dataconnect\": could not find dataconnect.yaml in `/home/user/antigravity/typpingchallenge/dataconnect`\n"}}
[debug] [2026-02-03T05:39:54.312Z] E0203 11:09:54.312556    4101 watch.go:40] Failed to load config from "/home/user/antigravity/typpingchallenge/dataconnect": could not find dataconnect.yaml in `/home/user/antigravity/typpingchallenge/dataconnect`
 {"metadata":{"emulator":{"name":"dataconnect"},"message":"E0203 11:09:54.312556    4101 watch.go:40] Failed to load config from \"/home/user/antigravity/typpingchallenge/dataconnect\": could not find dataconnect.yaml in `/home/user/antigravity/typpingchallenge/dataconnect`\n"}}
[debug] [2026-02-03T05:40:04.312Z] E0203 11:10:04.311831    4101 watch.go:40] Failed to load config from "/home/user/antigravity/typpingchallenge/dataconnect": could not find dataconnect.yaml in `/home/user/antigravity/typpingchallenge/dataconnect`
 {"metadata":{"emulator":{"name":"dataconnect"},"message":"E0203 11:10:04.311831    4101 watch.go:40] Failed to load config from \"/home/user/antigravity/typpingchallenge/dataconnect\": could not find dataconnect.yaml in `/home/user/antigravity/typpingchallenge/dataconnect`\n"}}
[debug] [2026-02-03T05:40:14.321Z] E0203 11:10:14.320758    4101 watch.go:40] Failed to load config from "/home/user/antigravity/typpingchallenge/dataconnect": could not find dataconnect.yaml in `/home/user/antigravity/typpingchallenge/dataconnect`
 {"metadata":{"emulator":{"name":"dataconnect"},"message":"E0203 11:10:14.320758    4101 watch.go:40] Failed to load config from \"/home/user/antigravity/typpingchallenge/dataconnect\": could not find dataconnect.yaml in `/home/user/antigravity/typpingchallenge/dataconnect`\n"}}
[debug] [2026-02-03T05:40:24.321Z] E0203 11:10:24.320757    4101 watch.go:40] Failed to load config from "/home/user/antigravity/typpingchallenge/dataconnect": could not find dataconnect.yaml in `/home/user/antigravity/typpingchallenge/dataconnect`
 {"metadata":{"emulator":{"name":"dataconnect"},"message":"E0203 11:10:24.320757    4101 watch.go:40] Failed to load config from \"/home/user/antigravity/typpingchallenge/dataconnect\": could not find dataconnect.yaml in `/home/user/antigravity/typpingchallenge/dataconnect`\n"}}
[debug] [2026-02-03T05:40:34.312Z] E0203 11:10:34.311896    4101 watch.go:116] watchAllDir unable to walk dir `/home/user/antigravity/typpingchallenge/dataconnect`: lstat /home/user/antigravity/typpingchallenge/dataconnect: no such file or directory
E0203 11:10:34.311969    4101 watch.go:40] Failed to load config from "/home/user/antigravity/typpingchallenge/dataconnect": could not find dataconnect.yaml in `/home/user/antigravity/typpingchallenge/dataconnect`
 {"metadata":{"emulator":{"name":"dataconnect"},"message":"E0203 11:10:34.311896    4101 watch.go:116] watchAllDir unable to walk dir `/home/user/antigravity/typpingchallenge/dataconnect`: lstat /home/user/antigravity/typpingchallenge/dataconnect: no such file or directory\nE0203 11:10:34.311969    4101 watch.go:40] Failed to load config from \"/home/user/antigravity/typpingchallenge/dataconnect\": could not find dataconnect.yaml in `/home/user/antigravity/typpingchallenge/dataconnect`\n"}}
[debug] [2026-02-03T05:40:44.321Z] E0203 11:10:44.321160    4101 watch.go:40] Failed to load config from "/home/user/antigravity/typpingchallenge/dataconnect": could not find dataconnect.yaml in `/home/user/antigravity/typpingchallenge/dataconnect`
 {"metadata":{"emulator":{"name":"dataconnect"},"message":"E0203 11:10:44.321160    4101 watch.go:40] Failed to load config from \"/home/user/antigravity/typpingchallenge/dataconnect\": could not find dataconnect.yaml in `/home/user/antigravity/typpingchallenge/dataconnect`\n"}}
[debug] [2026-02-03T05:40:54.327Z] E0203 11:10:54.323848    4101 watch.go:40] Failed to load config from "/home/user/antigravity/typpingchallenge/dataconnect": could not find dataconnect.yaml in `/home/user/antigravity/typpingchallenge/dataconnect`
 {"metadata":{"emulator":{"name":"dataconnect"},"message":"E0203 11:10:54.323848    4101 watch.go:40] Failed to load config from \"/home/user/antigravity/typpingchallenge/dataconnect\": could not find dataconnect.yaml in `/home/user/antigravity/typpingchallenge/dataconnect`\n"}}
[debug] [2026-02-03T05:41:04.312Z] E0203 11:11:04.311757    4101 watch.go:40] Failed to load config from "/home/user/antigravity/typpingchallenge/dataconnect": could not find dataconnect.yaml in `/home/user/antigravity/typpingchallenge/dataconnect`
 {"metadata":{"emulator":{"name":"dataconnect"},"message":"E0203 11:11:04.311757    4101 watch.go:40] Failed to load config from \"/home/user/antigravity/typpingchallenge/dataconnect\": could not find dataconnect.yaml in `/home/user/antigravity/typpingchallenge/dataconnect`\n"}}
[debug] [2026-02-03T05:41:14.321Z] E0203 11:11:14.320762    4101 watch.go:40] Failed to load config from "/home/user/antigravity/typpingchallenge/dataconnect": could not find dataconnect.yaml in `/home/user/antigravity/typpingchallenge/dataconnect`
 {"metadata":{"emulator":{"name":"dataconnect"},"message":"E0203 11:11:14.320762    4101 watch.go:40] Failed to load config from \"/home/user/antigravity/typpingchallenge/dataconnect\": could not find dataconnect.yaml in `/home/user/antigravity/typpingchallenge/dataconnect`\n"}}
[debug] [2026-02-03T05:41:24.318Z] E0203 11:11:24.317746    4101 watch.go:40] Failed to load config from "/home/user/antigravity/typpingchallenge/dataconnect": could not find dataconnect.yaml in `/home/user/antigravity/typpingchallenge/dataconnect`
 {"metadata":{"emulator":{"name":"dataconnect"},"message":"E0203 11:11:24.317746    4101 watch.go:40] Failed to load config from \"/home/user/antigravity/typpingchallenge/dataconnect\": could not find dataconnect.yaml in `/home/user/antigravity/typpingchallenge/dataconnect`\n"}}
[debug] [2026-02-03T05:41:34.312Z] E0203 11:11:34.311882    4101 watch.go:116] watchAllDir unable to walk dir `/home/user/antigravity/typpingchallenge/dataconnect`: lstat /home/user/antigravity/typpingchallenge/dataconnect: no such file or directory
E0203 11:11:34.312000    4101 watch.go:40] Failed to load config from "/home/user/antigravity/typpingchallenge/dataconnect": could not find dataconnect.yaml in `/home/user/antigravity/typpingchallenge/dataconnect`
 {"metadata":{"emulator":{"name":"dataconnect"},"message":"E0203 11:11:34.311882    4101 watch.go:116] watchAllDir unable to walk dir `/home/user/antigravity/typpingchallenge/dataconnect`: lstat /home/user/antigravity/typpingchallenge/dataconnect: no such file or directory\nE0203 11:11:34.312000    4101 watch.go:40] Failed to load config from \"/home/user/antigravity/typpingchallenge/dataconnect\": could not find dataconnect.yaml in `/home/user/antigravity/typpingchallenge/dataconnect`\n"}}
[debug] [2026-02-03T05:41:44.321Z] E0203 11:11:44.320785    4101 watch.go:40] Failed to load config from "/home/user/antigravity/typpingchallenge/dataconnect": could not find dataconnect.yaml in `/home/user/antigravity/typpingchallenge/dataconnect`
 {"metadata":{"emulator":{"name":"dataconnect"},"message":"E0203 11:11:44.320785    4101 watch.go:40] Failed to load config from \"/home/user/antigravity/typpingchallenge/dataconnect\": could not find dataconnect.yaml in `/home/user/antigravity/typpingchallenge/dataconnect`\n"}}
[debug] [2026-02-03T05:41:54.321Z] E0203 11:11:54.320912    4101 watch.go:40] Failed to load config from "/home/user/antigravity/typpingchallenge/dataconnect": could not find dataconnect.yaml in `/home/user/antigravity/typpingchallenge/dataconnect`
 {"metadata":{"emulator":{"name":"dataconnect"},"message":"E0203 11:11:54.320912    4101 watch.go:40] Failed to load config from \"/home/user/antigravity/typpingchallenge/dataconnect\": could not find dataconnect.yaml in `/home/user/antigravity/typpingchallenge/dataconnect`\n"}}
[debug] [2026-02-03T05:42:04.312Z] E0203 11:12:04.312062    4101 watch.go:40] Failed to load config from "/home/user/antigravity/typpingchallenge/dataconnect": could not find dataconnect.yaml in `/home/user/antigravity/typpingchallenge/dataconnect`
 {"metadata":{"emulator":{"name":"dataconnect"},"message":"E0203 11:12:04.312062    4101 watch.go:40] Failed to load config from \"/home/user/antigravity/typpingchallenge/dataconnect\": could not find dataconnect.yaml in `/home/user/antigravity/typpingchallenge/dataconnect`\n"}}
[debug] [2026-02-03T05:42:14.320Z] E0203 11:12:14.320721    4101 watch.go:40] Failed to load config from "/home/user/antigravity/typpingchallenge/dataconnect": could not find dataconnect.yaml in `/home/user/antigravity/typpingchallenge/dataconnect`
 {"metadata":{"emulator":{"name":"dataconnect"},"message":"E0203 11:12:14.320721    4101 watch.go:40] Failed to load config from \"/home/user/antigravity/typpingchallenge/dataconnect\": could not find dataconnect.yaml in `/home/user/antigravity/typpingchallenge/dataconnect`\n"}}
[debug] [2026-02-03T05:42:24.321Z] E0203 11:12:24.320806    4101 watch.go:40] Failed to load config from "/home/user/antigravity/typpingchallenge/dataconnect": could not find dataconnect.yaml in `/home/user/antigravity/typpingchallenge/dataconnect`
 {"metadata":{"emulator":{"name":"dataconnect"},"message":"E0203 11:12:24.320806    4101 watch.go:40] Failed to load config from \"/home/user/antigravity/typpingchallenge/dataconnect\": could not find dataconnect.yaml in `/home/user/antigravity/typpingchallenge/dataconnect`\n"}}
[debug] [2026-02-03T05:42:34.312Z] E0203 11:12:34.311839    4101 watch.go:116] watchAllDir unable to walk dir `/home/user/antigravity/typpingchallenge/dataconnect`: lstat /home/user/antigravity/typpingchallenge/dataconnect: no such file or directory
E0203 11:12:34.311907    4101 watch.go:40] Failed to load config from "/home/user/antigravity/typpingchallenge/dataconnect": could not find dataconnect.yaml in `/home/user/antigravity/typpingchallenge/dataconnect`
 {"metadata":{"emulator":{"name":"dataconnect"},"message":"E0203 11:12:34.311839    4101 watch.go:116] watchAllDir unable to walk dir `/home/user/antigravity/typpingchallenge/dataconnect`: lstat /home/user/antigravity/typpingchallenge/dataconnect: no such file or directory\nE0203 11:12:34.311907    4101 watch.go:40] Failed to load config from \"/home/user/antigravity/typpingchallenge/dataconnect\": could not find dataconnect.yaml in `/home/user/antigravity/typpingchallenge/dataconnect`\n"}}
[debug] [2026-02-03T05:42:44.321Z] E0203 11:12:44.320794    4101 watch.go:40] Failed to load config from "/home/user/antigravity/typpingchallenge/dataconnect": could not find dataconnect.yaml in `/home/user/antigravity/typpingchallenge/dataconnect`
 {"metadata":{"emulator":{"name":"dataconnect"},"message":"E0203 11:12:44.320794    4101 watch.go:40] Failed to load config from \"/home/user/antigravity/typpingchallenge/dataconnect\": could not find dataconnect.yaml in `/home/user/antigravity/typpingchallenge/dataconnect`\n"}}
[debug] [2026-02-03T05:42:54.321Z] E0203 11:12:54.320817    4101 watch.go:40] Failed to load config from "/home/user/antigravity/typpingchallenge/dataconnect": could not find dataconnect.yaml in `/home/user/antigravity/typpingchallenge/dataconnect`
 {"metadata":{"emulator":{"name":"dataconnect"},"message":"E0203 11:12:54.320817    4101 watch.go:40] Failed to load config from \"/home/user/antigravity/typpingchallenge/dataconnect\": could not find dataconnect.yaml in `/home/user/antigravity/typpingchallenge/dataconnect`\n"}}
[debug] [2026-02-03T05:43:04.312Z] E0203 11:13:04.312351    4101 watch.go:40] Failed to load config from "/home/user/antigravity/typpingchallenge/dataconnect": could not find dataconnect.yaml in `/home/user/antigravity/typpingchallenge/dataconnect`
 {"metadata":{"emulator":{"name":"dataconnect"},"message":"E0203 11:13:04.312351    4101 watch.go:40] Failed to load config from \"/home/user/antigravity/typpingchallenge/dataconnect\": could not find dataconnect.yaml in `/home/user/antigravity/typpingchallenge/dataconnect`\n"}}
[debug] [2026-02-03T05:43:14.312Z] E0203 11:13:14.311890    4101 watch.go:40] Failed to load config from "/home/user/antigravity/typpingchallenge/dataconnect": could not find dataconnect.yaml in `/home/user/antigravity/typpingchallenge/dataconnect`
 {"metadata":{"emulator":{"name":"dataconnect"},"message":"E0203 11:13:14.311890    4101 watch.go:40] Failed to load config from \"/home/user/antigravity/typpingchallenge/dataconnect\": could not find dataconnect.yaml in `/home/user/antigravity/typpingchallenge/dataconnect`\n"}}
[debug] [2026-02-03T05:43:24.321Z] E0203 11:13:24.320786    4101 watch.go:40] Failed to load config from "/home/user/antigravity/typpingchallenge/dataconnect": could not find dataconnect.yaml in `/home/user/antigravity/typpingchallenge/dataconnect`
 {"metadata":{"emulator":{"name":"dataconnect"},"message":"E0203 11:13:24.320786    4101 watch.go:40] Failed to load config from \"/home/user/antigravity/typpingchallenge/dataconnect\": could not find dataconnect.yaml in `/home/user/antigravity/typpingchallenge/dataconnect`\n"}}
[debug] [2026-02-03T05:43:34.312Z] E0203 11:13:34.311999    4101 watch.go:40] Failed to load config from "/home/user/antigravity/typpingchallenge/dataconnect": could not find dataconnect.yaml in `/home/user/antigravity/typpingchallenge/dataconnect`
E0203 11:13:34.311908    4101 watch.go:116] watchAllDir unable to walk dir `/home/user/antigravity/typpingchallenge/dataconnect`: lstat /home/user/antigravity/typpingchallenge/dataconnect: no such file or directory
 {"metadata":{"emulator":{"name":"dataconnect"},"message":"E0203 11:13:34.311999    4101 watch.go:40] Failed to load config from \"/home/user/antigravity/typpingchallenge/dataconnect\": could not find dataconnect.yaml in `/home/user/antigravity/typpingchallenge/dataconnect`\nE0203 11:13:34.311908    4101 watch.go:116] watchAllDir unable to walk dir `/home/user/antigravity/typpingchallenge/dataconnect`: lstat /home/user/antigravity/typpingchallenge/dataconnect: no such file or directory\n"}}
[debug] [2026-02-03T05:43:44.321Z] E0203 11:13:44.320746    4101 watch.go:40] Failed to load config from "/home/user/antigravity/typpingchallenge/dataconnect": could not find dataconnect.yaml in `/home/user/antigravity/typpingchallenge/dataconnect`
 {"metadata":{"emulator":{"name":"dataconnect"},"message":"E0203 11:13:44.320746    4101 watch.go:40] Failed to load config from \"/home/user/antigravity/typpingchallenge/dataconnect\": could not find dataconnect.yaml in `/home/user/antigravity/typpingchallenge/dataconnect`\n"}}
[debug] [2026-02-03T05:43:54.321Z] E0203 11:13:54.320859    4101 watch.go:40] Failed to load config from "/home/user/antigravity/typpingchallenge/dataconnect": could not find dataconnect.yaml in `/home/user/antigravity/typpingchallenge/dataconnect`
 {"metadata":{"emulator":{"name":"dataconnect"},"message":"E0203 11:13:54.320859    4101 watch.go:40] Failed to load config from \"/home/user/antigravity/typpingchallenge/dataconnect\": could not find dataconnect.yaml in `/home/user/antigravity/typpingchallenge/dataconnect`\n"}}
[debug] [2026-02-03T05:44:04.312Z] E0203 11:14:04.311924    4101 watch.go:40] Failed to load config from "/home/user/antigravity/typpingchallenge/dataconnect": could not find dataconnect.yaml in `/home/user/antigravity/typpingchallenge/dataconnect`
 {"metadata":{"emulator":{"name":"dataconnect"},"message":"E0203 11:14:04.311924    4101 watch.go:40] Failed to load config from \"/home/user/antigravity/typpingchallenge/dataconnect\": could not find dataconnect.yaml in `/home/user/antigravity/typpingchallenge/dataconnect`\n"}}
[debug] [2026-02-03T05:44:14.321Z] E0203 11:14:14.320736    4101 watch.go:40] Failed to load config from "/home/user/antigravity/typpingchallenge/dataconnect": could not find dataconnect.yaml in `/home/user/antigravity/typpingchallenge/dataconnect`
 {"metadata":{"emulator":{"name":"dataconnect"},"message":"E0203 11:14:14.320736    4101 watch.go:40] Failed to load config from \"/home/user/antigravity/typpingchallenge/dataconnect\": could not find dataconnect.yaml in `/home/user/antigravity/typpingchallenge/dataconnect`\n"}}
[debug] [2026-02-03T05:44:24.321Z] E0203 11:14:24.320780    4101 watch.go:40] Failed to load config from "/home/user/antigravity/typpingchallenge/dataconnect": could not find dataconnect.yaml in `/home/user/antigravity/typpingchallenge/dataconnect`
 {"metadata":{"emulator":{"name":"dataconnect"},"message":"E0203 11:14:24.320780    4101 watch.go:40] Failed to load config from \"/home/user/antigravity/typpingchallenge/dataconnect\": could not find dataconnect.yaml in `/home/user/antigravity/typpingchallenge/dataconnect`\n"}}
[debug] [2026-02-03T05:44:34.312Z] E0203 11:14:34.311879    4101 watch.go:116] watchAllDir unable to walk dir `/home/user/antigravity/typpingchallenge/dataconnect`: lstat /home/user/antigravity/typpingchallenge/dataconnect: no such file or directory
E0203 11:14:34.311971    4101 watch.go:40] Failed to load config from "/home/user/antigravity/typpingchallenge/dataconnect": could not find dataconnect.yaml in `/home/user/antigravity/typpingchallenge/dataconnect`
 {"metadata":{"emulator":{"name":"dataconnect"},"message":"E0203 11:14:34.311879    4101 watch.go:116] watchAllDir unable to walk dir `/home/user/antigravity/typpingchallenge/dataconnect`: lstat /home/user/antigravity/typpingchallenge/dataconnect: no such file or directory\nE0203 11:14:34.311971    4101 watch.go:40] Failed to load config from \"/home/user/antigravity/typpingchallenge/dataconnect\": could not find dataconnect.yaml in `/home/user/antigravity/typpingchallenge/dataconnect`\n"}}
[debug] [2026-02-03T05:44:44.321Z] E0203 11:14:44.320812    4101 watch.go:40] Failed to load config from "/home/user/antigravity/typpingchallenge/dataconnect": could not find dataconnect.yaml in `/home/user/antigravity/typpingchallenge/dataconnect`
 {"metadata":{"emulator":{"name":"dataconnect"},"message":"E0203 11:14:44.320812    4101 watch.go:40] Failed to load config from \"/home/user/antigravity/typpingchallenge/dataconnect\": could not find dataconnect.yaml in `/home/user/antigravity/typpingchallenge/dataconnect`\n"}}
[debug] [2026-02-03T05:44:54.321Z] E0203 11:14:54.320827    4101 watch.go:40] Failed to load config from "/home/user/antigravity/typpingchallenge/dataconnect": could not find dataconnect.yaml in `/home/user/antigravity/typpingchallenge/dataconnect`
 {"metadata":{"emulator":{"name":"dataconnect"},"message":"E0203 11:14:54.320827    4101 watch.go:40] Failed to load config from \"/home/user/antigravity/typpingchallenge/dataconnect\": could not find dataconnect.yaml in `/home/user/antigravity/typpingchallenge/dataconnect`\n"}}
[debug] [2026-02-03T05:45:04.312Z] E0203 11:15:04.311881    4101 watch.go:40] Failed to load config from "/home/user/antigravity/typpingchallenge/dataconnect": could not find dataconnect.yaml in `/home/user/antigravity/typpingchallenge/dataconnect`
 {"metadata":{"emulator":{"name":"dataconnect"},"message":"E0203 11:15:04.311881    4101 watch.go:40] Failed to load config from \"/home/user/antigravity/typpingchallenge/dataconnect\": could not find dataconnect.yaml in `/home/user/antigravity/typpingchallenge/dataconnect`\n"}}
[debug] [2026-02-03T05:45:14.312Z] E0203 11:15:14.312006    4101 watch.go:40] Failed to load config from "/home/user/antigravity/typpingchallenge/dataconnect": could not find dataconnect.yaml in `/home/user/antigravity/typpingchallenge/dataconnect`
 {"metadata":{"emulator":{"name":"dataconnect"},"message":"E0203 11:15:14.312006    4101 watch.go:40] Failed to load config from \"/home/user/antigravity/typpingchallenge/dataconnect\": could not find dataconnect.yaml in `/home/user/antigravity/typpingchallenge/dataconnect`\n"}}
[debug] [2026-02-03T05:45:24.311Z] E0203 11:15:24.311739    4101 watch.go:40] Failed to load config from "/home/user/antigravity/typpingchallenge/dataconnect": could not find dataconnect.yaml in `/home/user/antigravity/typpingchallenge/dataconnect`
 {"metadata":{"emulator":{"name":"dataconnect"},"message":"E0203 11:15:24.311739    4101 watch.go:40] Failed to load config from \"/home/user/antigravity/typpingchallenge/dataconnect\": could not find dataconnect.yaml in `/home/user/antigravity/typpingchallenge/dataconnect`\n"}}
[debug] [2026-02-03T05:45:34.312Z] E0203 11:15:34.312023    4101 watch.go:40] Failed to load config from "/home/user/antigravity/typpingchallenge/dataconnect": could not find dataconnect.yaml in `/home/user/antigravity/typpingchallenge/dataconnect`
E0203 11:15:34.311955    4101 watch.go:116] watchAllDir unable to walk dir `/home/user/antigravity/typpingchallenge/dataconnect`: lstat /home/user/antigravity/typpingchallenge/dataconnect: no such file or directory
 {"metadata":{"emulator":{"name":"dataconnect"},"message":"E0203 11:15:34.312023    4101 watch.go:40] Failed to load config from \"/home/user/antigravity/typpingchallenge/dataconnect\": could not find dataconnect.yaml in `/home/user/antigravity/typpingchallenge/dataconnect`\nE0203 11:15:34.311955    4101 watch.go:116] watchAllDir unable to walk dir `/home/user/antigravity/typpingchallenge/dataconnect`: lstat /home/user/antigravity/typpingchallenge/dataconnect: no such file or directory\n"}}
[debug] [2026-02-03T05:45:44.321Z] E0203 11:15:44.321045    4101 watch.go:40] Failed to load config from "/home/user/antigravity/typpingchallenge/dataconnect": could not find dataconnect.yaml in `/home/user/antigravity/typpingchallenge/dataconnect`
 {"metadata":{"emulator":{"name":"dataconnect"},"message":"E0203 11:15:44.321045    4101 watch.go:40] Failed to load config from \"/home/user/antigravity/typpingchallenge/dataconnect\": could not find dataconnect.yaml in `/home/user/antigravity/typpingchallenge/dataconnect`\n"}}
[debug] [2026-02-03T05:45:54.321Z] E0203 11:15:54.320760    4101 watch.go:40] Failed to load config from "/home/user/antigravity/typpingchallenge/dataconnect": could not find dataconnect.yaml in `/home/user/antigravity/typpingchallenge/dataconnect`
 {"metadata":{"emulator":{"name":"dataconnect"},"message":"E0203 11:15:54.320760    4101 watch.go:40] Failed to load config from \"/home/user/antigravity/typpingchallenge/dataconnect\": could not find dataconnect.yaml in `/home/user/antigravity/typpingchallenge/dataconnect`\n"}}
[debug] [2026-02-03T05:46:04.314Z] E0203 11:16:04.312229    4101 watch.go:40] Failed to load config from "/home/user/antigravity/typpingchallenge/dataconnect": could not find dataconnect.yaml in `/home/user/antigravity/typpingchallenge/dataconnect`
 {"metadata":{"emulator":{"name":"dataconnect"},"message":"E0203 11:16:04.312229    4101 watch.go:40] Failed to load config from \"/home/user/antigravity/typpingchallenge/dataconnect\": could not find dataconnect.yaml in `/home/user/antigravity/typpingchallenge/dataconnect`\n"}}
[debug] [2026-02-03T05:46:14.321Z] E0203 11:16:14.320799    4101 watch.go:40] Failed to load config from "/home/user/antigravity/typpingchallenge/dataconnect": could not find dataconnect.yaml in `/home/user/antigravity/typpingchallenge/dataconnect`
 {"metadata":{"emulator":{"name":"dataconnect"},"message":"E0203 11:16:14.320799    4101 watch.go:40] Failed to load config from \"/home/user/antigravity/typpingchallenge/dataconnect\": could not find dataconnect.yaml in `/home/user/antigravity/typpingchallenge/dataconnect`\n"}}
[debug] [2026-02-03T05:46:24.321Z] E0203 11:16:24.320856    4101 watch.go:40] Failed to load config from "/home/user/antigravity/typpingchallenge/dataconnect": could not find dataconnect.yaml in `/home/user/antigravity/typpingchallenge/dataconnect`
 {"metadata":{"emulator":{"name":"dataconnect"},"message":"E0203 11:16:24.320856    4101 watch.go:40] Failed to load config from \"/home/user/antigravity/typpingchallenge/dataconnect\": could not find dataconnect.yaml in `/home/user/antigravity/typpingchallenge/dataconnect`\n"}}
[debug] [2026-02-03T05:46:34.312Z] E0203 11:16:34.311848    4101 watch.go:116] watchAllDir unable to walk dir `/home/user/antigravity/typpingchallenge/dataconnect`: lstat /home/user/antigravity/typpingchallenge/dataconnect: no such file or directory
E0203 11:16:34.311902    4101 watch.go:40] Failed to load config from "/home/user/antigravity/typpingchallenge/dataconnect": could not find dataconnect.yaml in `/home/user/antigravity/typpingchallenge/dataconnect`
 {"metadata":{"emulator":{"name":"dataconnect"},"message":"E0203 11:16:34.311848    4101 watch.go:116] watchAllDir unable to walk dir `/home/user/antigravity/typpingchallenge/dataconnect`: lstat /home/user/antigravity/typpingchallenge/dataconnect: no such file or directory\nE0203 11:16:34.311902    4101 watch.go:40] Failed to load config from \"/home/user/antigravity/typpingchallenge/dataconnect\": could not find dataconnect.yaml in `/home/user/antigravity/typpingchallenge/dataconnect`\n"}}
[debug] [2026-02-03T05:46:44.320Z] E0203 11:16:44.320759    4101 watch.go:40] Failed to load config from "/home/user/antigravity/typpingchallenge/dataconnect": could not find dataconnect.yaml in `/home/user/antigravity/typpingchallenge/dataconnect`
 {"metadata":{"emulator":{"name":"dataconnect"},"message":"E0203 11:16:44.320759    4101 watch.go:40] Failed to load config from \"/home/user/antigravity/typpingchallenge/dataconnect\": could not find dataconnect.yaml in `/home/user/antigravity/typpingchallenge/dataconnect`\n"}}
[debug] [2026-02-03T05:46:54.321Z] E0203 11:16:54.320753    4101 watch.go:40] Failed to load config from "/home/user/antigravity/typpingchallenge/dataconnect": could not find dataconnect.yaml in `/home/user/antigravity/typpingchallenge/dataconnect`
 {"metadata":{"emulator":{"name":"dataconnect"},"message":"E0203 11:16:54.320753    4101 watch.go:40] Failed to load config from \"/home/user/antigravity/typpingchallenge/dataconnect\": could not find dataconnect.yaml in `/home/user/antigravity/typpingchallenge/dataconnect`\n"}}
[debug] [2026-02-03T05:47:04.312Z] E0203 11:17:04.311940    4101 watch.go:40] Failed to load config from "/home/user/antigravity/typpingchallenge/dataconnect": could not find dataconnect.yaml in `/home/user/antigravity/typpingchallenge/dataconnect`
 {"metadata":{"emulator":{"name":"dataconnect"},"message":"E0203 11:17:04.311940    4101 watch.go:40] Failed to load config from \"/home/user/antigravity/typpingchallenge/dataconnect\": could not find dataconnect.yaml in `/home/user/antigravity/typpingchallenge/dataconnect`\n"}}
[debug] [2026-02-03T05:47:14.321Z] E0203 11:17:14.320792    4101 watch.go:40] Failed to load config from "/home/user/antigravity/typpingchallenge/dataconnect": could not find dataconnect.yaml in `/home/user/antigravity/typpingchallenge/dataconnect`
 {"metadata":{"emulator":{"name":"dataconnect"},"message":"E0203 11:17:14.320792    4101 watch.go:40] Failed to load config from \"/home/user/antigravity/typpingchallenge/dataconnect\": could not find dataconnect.yaml in `/home/user/antigravity/typpingchallenge/dataconnect`\n"}}
[debug] [2026-02-03T05:47:24.312Z] E0203 11:17:24.311993    4101 watch.go:40] Failed to load config from "/home/user/antigravity/typpingchallenge/dataconnect": could not find dataconnect.yaml in `/home/user/antigravity/typpingchallenge/dataconnect`
 {"metadata":{"emulator":{"name":"dataconnect"},"message":"E0203 11:17:24.311993    4101 watch.go:40] Failed to load config from \"/home/user/antigravity/typpingchallenge/dataconnect\": could not find dataconnect.yaml in `/home/user/antigravity/typpingchallenge/dataconnect`\n"}}
[debug] [2026-02-03T05:47:34.312Z] E0203 11:17:34.311806    4101 watch.go:116] watchAllDir unable to walk dir `/home/user/antigravity/typpingchallenge/dataconnect`: lstat /home/user/antigravity/typpingchallenge/dataconnect: no such file or directory
E0203 11:17:34.311886    4101 watch.go:40] Failed to load config from "/home/user/antigravity/typpingchallenge/dataconnect": could not find dataconnect.yaml in `/home/user/antigravity/typpingchallenge/dataconnect`
 {"metadata":{"emulator":{"name":"dataconnect"},"message":"E0203 11:17:34.311806    4101 watch.go:116] watchAllDir unable to walk dir `/home/user/antigravity/typpingchallenge/dataconnect`: lstat /home/user/antigravity/typpingchallenge/dataconnect: no such file or directory\nE0203 11:17:34.311886    4101 watch.go:40] Failed to load config from \"/home/user/antigravity/typpingchallenge/dataconnect\": could not find dataconnect.yaml in `/home/user/antigravity/typpingchallenge/dataconnect`\n"}}
[debug] [2026-02-03T05:47:44.321Z] E0203 11:17:44.320844    4101 watch.go:40] Failed to load config from "/home/user/antigravity/typpingchallenge/dataconnect": could not find dataconnect.yaml in `/home/user/antigravity/typpingchallenge/dataconnect`
 {"metadata":{"emulator":{"name":"dataconnect"},"message":"E0203 11:17:44.320844    4101 watch.go:40] Failed to load config from \"/home/user/antigravity/typpingchallenge/dataconnect\": could not find dataconnect.yaml in `/home/user/antigravity/typpingchallenge/dataconnect`\n"}}
[debug] [2026-02-03T05:47:54.321Z] E0203 11:17:54.320821    4101 watch.go:40] Failed to load config from "/home/user/antigravity/typpingchallenge/dataconnect": could not find dataconnect.yaml in `/home/user/antigravity/typpingchallenge/dataconnect`
 {"metadata":{"emulator":{"name":"dataconnect"},"message":"E0203 11:17:54.320821    4101 watch.go:40] Failed to load config from \"/home/user/antigravity/typpingchallenge/dataconnect\": could not find dataconnect.yaml in `/home/user/antigravity/typpingchallenge/dataconnect`\n"}}
[debug] [2026-02-03T05:48:04.312Z] E0203 11:18:04.311878    4101 watch.go:40] Failed to load config from "/home/user/antigravity/typpingchallenge/dataconnect": could not find dataconnect.yaml in `/home/user/antigravity/typpingchallenge/dataconnect`
 {"metadata":{"emulator":{"name":"dataconnect"},"message":"E0203 11:18:04.311878    4101 watch.go:40] Failed to load config from \"/home/user/antigravity/typpingchallenge/dataconnect\": could not find dataconnect.yaml in `/home/user/antigravity/typpingchallenge/dataconnect`\n"}}
[debug] [2026-02-03T05:48:14.321Z] E0203 11:18:14.320835    4101 watch.go:40] Failed to load config from "/home/user/antigravity/typpingchallenge/dataconnect": could not find dataconnect.yaml in `/home/user/antigravity/typpingchallenge/dataconnect`
 {"metadata":{"emulator":{"name":"dataconnect"},"message":"E0203 11:18:14.320835    4101 watch.go:40] Failed to load config from \"/home/user/antigravity/typpingchallenge/dataconnect\": could not find dataconnect.yaml in `/home/user/antigravity/typpingchallenge/dataconnect`\n"}}
[debug] [2026-02-03T05:48:24.321Z] E0203 11:18:24.320968    4101 watch.go:40] Failed to load config from "/home/user/antigravity/typpingchallenge/dataconnect": could not find dataconnect.yaml in `/home/user/antigravity/typpingchallenge/dataconnect`
 {"metadata":{"emulator":{"name":"dataconnect"},"message":"E0203 11:18:24.320968    4101 watch.go:40] Failed to load config from \"/home/user/antigravity/typpingchallenge/dataconnect\": could not find dataconnect.yaml in `/home/user/antigravity/typpingchallenge/dataconnect`\n"}}
[debug] [2026-02-03T05:48:34.312Z] E0203 11:18:34.311879    4101 watch.go:116] watchAllDir unable to walk dir `/home/user/antigravity/typpingchallenge/dataconnect`: lstat /home/user/antigravity/typpingchallenge/dataconnect: no such file or directory
E0203 11:18:34.311967    4101 watch.go:40] Failed to load config from "/home/user/antigravity/typpingchallenge/dataconnect": could not find dataconnect.yaml in `/home/user/antigravity/typpingchallenge/dataconnect`
 {"metadata":{"emulator":{"name":"dataconnect"},"message":"E0203 11:18:34.311879    4101 watch.go:116] watchAllDir unable to walk dir `/home/user/antigravity/typpingchallenge/dataconnect`: lstat /home/user/antigravity/typpingchallenge/dataconnect: no such file or directory\nE0203 11:18:34.311967    4101 watch.go:40] Failed to load config from \"/home/user/antigravity/typpingchallenge/dataconnect\": could not find dataconnect.yaml in `/home/user/antigravity/typpingchallenge/dataconnect`\n"}}
[debug] [2026-02-03T05:48:44.321Z] E0203 11:18:44.320823    4101 watch.go:40] Failed to load config from "/home/user/antigravity/typpingchallenge/dataconnect": could not find dataconnect.yaml in `/home/user/antigravity/typpingchallenge/dataconnect`
 {"metadata":{"emulator":{"name":"dataconnect"},"message":"E0203 11:18:44.320823    4101 watch.go:40] Failed to load config from \"/home/user/antigravity/typpingchallenge/dataconnect\": could not find dataconnect.yaml in `/home/user/antigravity/typpingchallenge/dataconnect`\n"}}
[debug] [2026-02-03T05:48:54.321Z] E0203 11:18:54.320814    4101 watch.go:40] Failed to load config from "/home/user/antigravity/typpingchallenge/dataconnect": could not find dataconnect.yaml in `/home/user/antigravity/typpingchallenge/dataconnect`
 {"metadata":{"emulator":{"name":"dataconnect"},"message":"E0203 11:18:54.320814    4101 watch.go:40] Failed to load config from \"/home/user/antigravity/typpingchallenge/dataconnect\": could not find dataconnect.yaml in `/home/user/antigravity/typpingchallenge/dataconnect`\n"}}
[debug] [2026-02-03T05:49:04.311Z] E0203 11:19:04.311852    4101 watch.go:40] Failed to load config from "/home/user/antigravity/typpingchallenge/dataconnect": could not find dataconnect.yaml in `/home/user/antigravity/typpingchallenge/dataconnect`
 {"metadata":{"emulator":{"name":"dataconnect"},"message":"E0203 11:19:04.311852    4101 watch.go:40] Failed to load config from \"/home/user/antigravity/typpingchallenge/dataconnect\": could not find dataconnect.yaml in `/home/user/antigravity/typpingchallenge/dataconnect`\n"}}
[debug] [2026-02-03T05:49:14.320Z] E0203 11:19:14.320744    4101 watch.go:40] Failed to load config from "/home/user/antigravity/typpingchallenge/dataconnect": could not find dataconnect.yaml in `/home/user/antigravity/typpingchallenge/dataconnect`
 {"metadata":{"emulator":{"name":"dataconnect"},"message":"E0203 11:19:14.320744    4101 watch.go:40] Failed to load config from \"/home/user/antigravity/typpingchallenge/dataconnect\": could not find dataconnect.yaml in `/home/user/antigravity/typpingchallenge/dataconnect`\n"}}
[debug] [2026-02-03T05:49:24.321Z] E0203 11:19:24.320742    4101 watch.go:40] Failed to load config from "/home/user/antigravity/typpingchallenge/dataconnect": could not find dataconnect.yaml in `/home/user/antigravity/typpingchallenge/dataconnect`
 {"metadata":{"emulator":{"name":"dataconnect"},"message":"E0203 11:19:24.320742    4101 watch.go:40] Failed to load config from \"/home/user/antigravity/typpingchallenge/dataconnect\": could not find dataconnect.yaml in `/home/user/antigravity/typpingchallenge/dataconnect`\n"}}
[debug] [2026-02-03T05:49:34.311Z] E0203 11:19:34.311747    4101 watch.go:40] Failed to load config from "/home/user/antigravity/typpingchallenge/dataconnect": could not find dataconnect.yaml in `/home/user/antigravity/typpingchallenge/dataconnect`
E0203 11:19:34.311706    4101 watch.go:116] watchAllDir unable to walk dir `/home/user/antigravity/typpingchallenge/dataconnect`: lstat /home/user/antigravity/typpingchallenge/dataconnect: no such file or directory
 {"metadata":{"emulator":{"name":"dataconnect"},"message":"E0203 11:19:34.311747    4101 watch.go:40] Failed to load config from \"/home/user/antigravity/typpingchallenge/dataconnect\": could not find dataconnect.yaml in `/home/user/antigravity/typpingchallenge/dataconnect`\nE0203 11:19:34.311706    4101 watch.go:116] watchAllDir unable to walk dir `/home/user/antigravity/typpingchallenge/dataconnect`: lstat /home/user/antigravity/typpingchallenge/dataconnect: no such file or directory\n"}}
[debug] [2026-02-03T05:49:44.321Z] E0203 11:19:44.320772    4101 watch.go:40] Failed to load config from "/home/user/antigravity/typpingchallenge/dataconnect": could not find dataconnect.yaml in `/home/user/antigravity/typpingchallenge/dataconnect`
 {"metadata":{"emulator":{"name":"dataconnect"},"message":"E0203 11:19:44.320772    4101 watch.go:40] Failed to load config from \"/home/user/antigravity/typpingchallenge/dataconnect\": could not find dataconnect.yaml in `/home/user/antigravity/typpingchallenge/dataconnect`\n"}}
[debug] [2026-02-03T05:49:54.321Z] E0203 11:19:54.320756    4101 watch.go:40] Failed to load config from "/home/user/antigravity/typpingchallenge/dataconnect": could not find dataconnect.yaml in `/home/user/antigravity/typpingchallenge/dataconnect`
 {"metadata":{"emulator":{"name":"dataconnect"},"message":"E0203 11:19:54.320756    4101 watch.go:40] Failed to load config from \"/home/user/antigravity/typpingchallenge/dataconnect\": could not find dataconnect.yaml in `/home/user/antigravity/typpingchallenge/dataconnect`\n"}}
[debug] [2026-02-03T05:50:04.312Z] E0203 11:20:04.311921    4101 watch.go:40] Failed to load config from "/home/user/antigravity/typpingchallenge/dataconnect": could not find dataconnect.yaml in `/home/user/antigravity/typpingchallenge/dataconnect`
 {"metadata":{"emulator":{"name":"dataconnect"},"message":"E0203 11:20:04.311921    4101 watch.go:40] Failed to load config from \"/home/user/antigravity/typpingchallenge/dataconnect\": could not find dataconnect.yaml in `/home/user/antigravity/typpingchallenge/dataconnect`\n"}}
[debug] [2026-02-03T05:50:14.321Z] E0203 11:20:14.320753    4101 watch.go:40] Failed to load config from "/home/user/antigravity/typpingchallenge/dataconnect": could not find dataconnect.yaml in `/home/user/antigravity/typpingchallenge/dataconnect`
 {"metadata":{"emulator":{"name":"dataconnect"},"message":"E0203 11:20:14.320753    4101 watch.go:40] Failed to load config from \"/home/user/antigravity/typpingchallenge/dataconnect\": could not find dataconnect.yaml in `/home/user/antigravity/typpingchallenge/dataconnect`\n"}}
[debug] [2026-02-03T05:50:24.321Z] E0203 11:20:24.320780    4101 watch.go:40] Failed to load config from "/home/user/antigravity/typpingchallenge/dataconnect": could not find dataconnect.yaml in `/home/user/antigravity/typpingchallenge/dataconnect`
 {"metadata":{"emulator":{"name":"dataconnect"},"message":"E0203 11:20:24.320780    4101 watch.go:40] Failed to load config from \"/home/user/antigravity/typpingchallenge/dataconnect\": could not find dataconnect.yaml in `/home/user/antigravity/typpingchallenge/dataconnect`\n"}}
[debug] [2026-02-03T05:50:34.312Z] E0203 11:20:34.311881    4101 watch.go:116] watchAllDir unable to walk dir `/home/user/antigravity/typpingchallenge/dataconnect`: lstat /home/user/antigravity/typpingchallenge/dataconnect: no such file or directory
E0203 11:20:34.311945    4101 watch.go:40] Failed to load config from "/home/user/antigravity/typpingchallenge/dataconnect": could not find dataconnect.yaml in `/home/user/antigravity/typpingchallenge/dataconnect`
 {"metadata":{"emulator":{"name":"dataconnect"},"message":"E0203 11:20:34.311881    4101 watch.go:116] watchAllDir unable to walk dir `/home/user/antigravity/typpingchallenge/dataconnect`: lstat /home/user/antigravity/typpingchallenge/dataconnect: no such file or directory\nE0203 11:20:34.311945    4101 watch.go:40] Failed to load config from \"/home/user/antigravity/typpingchallenge/dataconnect\": could not find dataconnect.yaml in `/home/user/antigravity/typpingchallenge/dataconnect`\n"}}
[debug] [2026-02-03T05:50:44.321Z] E0203 11:20:44.320876    4101 watch.go:40] Failed to load config from "/home/user/antigravity/typpingchallenge/dataconnect": could not find dataconnect.yaml in `/home/user/antigravity/typpingchallenge/dataconnect`
 {"metadata":{"emulator":{"name":"dataconnect"},"message":"E0203 11:20:44.320876    4101 watch.go:40] Failed to load config from \"/home/user/antigravity/typpingchallenge/dataconnect\": could not find dataconnect.yaml in `/home/user/antigravity/typpingchallenge/dataconnect`\n"}}
[debug] [2026-02-03T05:50:54.321Z] E0203 11:20:54.320756    4101 watch.go:40] Failed to load config from "/home/user/antigravity/typpingchallenge/dataconnect": could not find dataconnect.yaml in `/home/user/antigravity/typpingchallenge/dataconnect`
 {"metadata":{"emulator":{"name":"dataconnect"},"message":"E0203 11:20:54.320756    4101 watch.go:40] Failed to load config from \"/home/user/antigravity/typpingchallenge/dataconnect\": could not find dataconnect.yaml in `/home/user/antigravity/typpingchallenge/dataconnect`\n"}}
[debug] [2026-02-03T05:51:04.312Z] E0203 11:21:04.311957    4101 watch.go:40] Failed to load config from "/home/user/antigravity/typpingchallenge/dataconnect": could not find dataconnect.yaml in `/home/user/antigravity/typpingchallenge/dataconnect`
 {"metadata":{"emulator":{"name":"dataconnect"},"message":"E0203 11:21:04.311957    4101 watch.go:40] Failed to load config from \"/home/user/antigravity/typpingchallenge/dataconnect\": could not find dataconnect.yaml in `/home/user/antigravity/typpingchallenge/dataconnect`\n"}}
[debug] [2026-02-03T05:51:14.321Z] E0203 11:21:14.320745    4101 watch.go:40] Failed to load config from "/home/user/antigravity/typpingchallenge/dataconnect": could not find dataconnect.yaml in `/home/user/antigravity/typpingchallenge/dataconnect`
 {"metadata":{"emulator":{"name":"dataconnect"},"message":"E0203 11:21:14.320745    4101 watch.go:40] Failed to load config from \"/home/user/antigravity/typpingchallenge/dataconnect\": could not find dataconnect.yaml in `/home/user/antigravity/typpingchallenge/dataconnect`\n"}}
[debug] [2026-02-03T05:51:24.321Z] E0203 11:21:24.320757    4101 watch.go:40] Failed to load config from "/home/user/antigravity/typpingchallenge/dataconnect": could not find dataconnect.yaml in `/home/user/antigravity/typpingchallenge/dataconnect`
 {"metadata":{"emulator":{"name":"dataconnect"},"message":"E0203 11:21:24.320757    4101 watch.go:40] Failed to load config from \"/home/user/antigravity/typpingchallenge/dataconnect\": could not find dataconnect.yaml in `/home/user/antigravity/typpingchallenge/dataconnect`\n"}}
[debug] [2026-02-03T05:51:34.312Z] E0203 11:21:34.312267    4101 watch.go:116] watchAllDir unable to walk dir `/home/user/antigravity/typpingchallenge/dataconnect`: lstat /home/user/antigravity/typpingchallenge/dataconnect: no such file or directory
E0203 11:21:34.312337    4101 watch.go:40] Failed to load config from "/home/user/antigravity/typpingchallenge/dataconnect": could not find dataconnect.yaml in `/home/user/antigravity/typpingchallenge/dataconnect`
 {"metadata":{"emulator":{"name":"dataconnect"},"message":"E0203 11:21:34.312267    4101 watch.go:116] watchAllDir unable to walk dir `/home/user/antigravity/typpingchallenge/dataconnect`: lstat /home/user/antigravity/typpingchallenge/dataconnect: no such file or directory\nE0203 11:21:34.312337    4101 watch.go:40] Failed to load config from \"/home/user/antigravity/typpingchallenge/dataconnect\": could not find dataconnect.yaml in `/home/user/antigravity/typpingchallenge/dataconnect`\n"}}
[debug] [2026-02-03T05:51:44.312Z] E0203 11:21:44.311940    4101 watch.go:40] Failed to load config from "/home/user/antigravity/typpingchallenge/dataconnect": could not find dataconnect.yaml in `/home/user/antigravity/typpingchallenge/dataconnect`
 {"metadata":{"emulator":{"name":"dataconnect"},"message":"E0203 11:21:44.311940    4101 watch.go:40] Failed to load config from \"/home/user/antigravity/typpingchallenge/dataconnect\": could not find dataconnect.yaml in `/home/user/antigravity/typpingchallenge/dataconnect`\n"}}
[debug] [2026-02-03T05:51:54.321Z] E0203 11:21:54.321184    4101 watch.go:40] Failed to load config from "/home/user/antigravity/typpingchallenge/dataconnect": could not find dataconnect.yaml in `/home/user/antigravity/typpingchallenge/dataconnect`
 {"metadata":{"emulator":{"name":"dataconnect"},"message":"E0203 11:21:54.321184    4101 watch.go:40] Failed to load config from \"/home/user/antigravity/typpingchallenge/dataconnect\": could not find dataconnect.yaml in `/home/user/antigravity/typpingchallenge/dataconnect`\n"}}
[debug] [2026-02-03T05:52:04.313Z] E0203 11:22:04.312696    4101 watch.go:40] Failed to load config from "/home/user/antigravity/typpingchallenge/dataconnect": could not find dataconnect.yaml in `/home/user/antigravity/typpingchallenge/dataconnect`
 {"metadata":{"emulator":{"name":"dataconnect"},"message":"E0203 11:22:04.312696    4101 watch.go:40] Failed to load config from \"/home/user/antigravity/typpingchallenge/dataconnect\": could not find dataconnect.yaml in `/home/user/antigravity/typpingchallenge/dataconnect`\n"}}
[debug] [2026-02-03T05:52:14.320Z] E0203 11:22:14.319739    4101 watch.go:40] Failed to load config from "/home/user/antigravity/typpingchallenge/dataconnect": could not find dataconnect.yaml in `/home/user/antigravity/typpingchallenge/dataconnect`
 {"metadata":{"emulator":{"name":"dataconnect"},"message":"E0203 11:22:14.319739    4101 watch.go:40] Failed to load config from \"/home/user/antigravity/typpingchallenge/dataconnect\": could not find dataconnect.yaml in `/home/user/antigravity/typpingchallenge/dataconnect`\n"}}
[debug] [2026-02-03T05:52:24.313Z] E0203 11:22:24.313201    4101 watch.go:40] Failed to load config from "/home/user/antigravity/typpingchallenge/dataconnect": could not find dataconnect.yaml in `/home/user/antigravity/typpingchallenge/dataconnect`
 {"metadata":{"emulator":{"name":"dataconnect"},"message":"E0203 11:22:24.313201    4101 watch.go:40] Failed to load config from \"/home/user/antigravity/typpingchallenge/dataconnect\": could not find dataconnect.yaml in `/home/user/antigravity/typpingchallenge/dataconnect`\n"}}
[debug] [2026-02-03T05:52:34.311Z] E0203 11:22:34.311627    4101 watch.go:116] watchAllDir unable to walk dir `/home/user/antigravity/typpingchallenge/dataconnect`: lstat /home/user/antigravity/typpingchallenge/dataconnect: no such file or directory
E0203 11:22:34.311723    4101 watch.go:40] Failed to load config from "/home/user/antigravity/typpingchallenge/dataconnect": could not find dataconnect.yaml in `/home/user/antigravity/typpingchallenge/dataconnect`
 {"metadata":{"emulator":{"name":"dataconnect"},"message":"E0203 11:22:34.311627    4101 watch.go:116] watchAllDir unable to walk dir `/home/user/antigravity/typpingchallenge/dataconnect`: lstat /home/user/antigravity/typpingchallenge/dataconnect: no such file or directory\nE0203 11:22:34.311723    4101 watch.go:40] Failed to load config from \"/home/user/antigravity/typpingchallenge/dataconnect\": could not find dataconnect.yaml in `/home/user/antigravity/typpingchallenge/dataconnect`\n"}}
[debug] [2026-02-03T05:52:44.316Z] E0203 11:22:44.316243    4101 watch.go:40] Failed to load config from "/home/user/antigravity/typpingchallenge/dataconnect": could not find dataconnect.yaml in `/home/user/antigravity/typpingchallenge/dataconnect`
 {"metadata":{"emulator":{"name":"dataconnect"},"message":"E0203 11:22:44.316243    4101 watch.go:40] Failed to load config from \"/home/user/antigravity/typpingchallenge/dataconnect\": could not find dataconnect.yaml in `/home/user/antigravity/typpingchallenge/dataconnect`\n"}}
[debug] [2026-02-03T05:52:54.311Z] E0203 11:22:54.311750    4101 watch.go:40] Failed to load config from "/home/user/antigravity/typpingchallenge/dataconnect": could not find dataconnect.yaml in `/home/user/antigravity/typpingchallenge/dataconnect`
 {"metadata":{"emulator":{"name":"dataconnect"},"message":"E0203 11:22:54.311750    4101 watch.go:40] Failed to load config from \"/home/user/antigravity/typpingchallenge/dataconnect\": could not find dataconnect.yaml in `/home/user/antigravity/typpingchallenge/dataconnect`\n"}}
[debug] [2026-02-03T05:53:04.312Z] E0203 11:23:04.311906    4101 watch.go:40] Failed to load config from "/home/user/antigravity/typpingchallenge/dataconnect": could not find dataconnect.yaml in `/home/user/antigravity/typpingchallenge/dataconnect`
 {"metadata":{"emulator":{"name":"dataconnect"},"message":"E0203 11:23:04.311906    4101 watch.go:40] Failed to load config from \"/home/user/antigravity/typpingchallenge/dataconnect\": could not find dataconnect.yaml in `/home/user/antigravity/typpingchallenge/dataconnect`\n"}}
[debug] [2026-02-03T05:53:14.320Z] E0203 11:23:14.320740    4101 watch.go:40] Failed to load config from "/home/user/antigravity/typpingchallenge/dataconnect": could not find dataconnect.yaml in `/home/user/antigravity/typpingchallenge/dataconnect`
 {"metadata":{"emulator":{"name":"dataconnect"},"message":"E0203 11:23:14.320740    4101 watch.go:40] Failed to load config from \"/home/user/antigravity/typpingchallenge/dataconnect\": could not find dataconnect.yaml in `/home/user/antigravity/typpingchallenge/dataconnect`\n"}}
[debug] [2026-02-03T05:53:24.321Z] E0203 11:23:24.320736    4101 watch.go:40] Failed to load config from "/home/user/antigravity/typpingchallenge/dataconnect": could not find dataconnect.yaml in `/home/user/antigravity/typpingchallenge/dataconnect`
 {"metadata":{"emulator":{"name":"dataconnect"},"message":"E0203 11:23:24.320736    4101 watch.go:40] Failed to load config from \"/home/user/antigravity/typpingchallenge/dataconnect\": could not find dataconnect.yaml in `/home/user/antigravity/typpingchallenge/dataconnect`\n"}}
[debug] [2026-02-03T05:53:34.312Z] E0203 11:23:34.311870    4101 watch.go:116] watchAllDir unable to walk dir `/home/user/antigravity/typpingchallenge/dataconnect`: lstat /home/user/antigravity/typpingchallenge/dataconnect: no such file or directory
 {"metadata":{"emulator":{"name":"dataconnect"},"message":"E0203 11:23:34.311870    4101 watch.go:116] watchAllDir unable to walk dir `/home/user/antigravity/typpingchallenge/dataconnect`: lstat /home/user/antigravity/typpingchallenge/dataconnect: no such file or directory\n"}}
[debug] [2026-02-03T05:53:34.313Z] E0203 11:23:34.311999    4101 watch.go:40] Failed to load config from "/home/user/antigravity/typpingchallenge/dataconnect": could not find dataconnect.yaml in `/home/user/antigravity/typpingchallenge/dataconnect`
 {"metadata":{"emulator":{"name":"dataconnect"},"message":"E0203 11:23:34.311999    4101 watch.go:40] Failed to load config from \"/home/user/antigravity/typpingchallenge/dataconnect\": could not find dataconnect.yaml in `/home/user/antigravity/typpingchallenge/dataconnect`\n"}}
[debug] [2026-02-03T05:53:44.312Z] E0203 11:23:44.312195    4101 watch.go:40] Failed to load config from "/home/user/antigravity/typpingchallenge/dataconnect": could not find dataconnect.yaml in `/home/user/antigravity/typpingchallenge/dataconnect`
 {"metadata":{"emulator":{"name":"dataconnect"},"message":"E0203 11:23:44.312195    4101 watch.go:40] Failed to load config from \"/home/user/antigravity/typpingchallenge/dataconnect\": could not find dataconnect.yaml in `/home/user/antigravity/typpingchallenge/dataconnect`\n"}}
[debug] [2026-02-03T05:53:54.311Z] E0203 11:23:54.311687    4101 watch.go:40] Failed to load config from "/home/user/antigravity/typpingchallenge/dataconnect": could not find dataconnect.yaml in `/home/user/antigravity/typpingchallenge/dataconnect`
 {"metadata":{"emulator":{"name":"dataconnect"},"message":"E0203 11:23:54.311687    4101 watch.go:40] Failed to load config from \"/home/user/antigravity/typpingchallenge/dataconnect\": could not find dataconnect.yaml in `/home/user/antigravity/typpingchallenge/dataconnect`\n"}}
[debug] [2026-02-03T05:54:04.312Z] E0203 11:24:04.312179    4101 watch.go:40] Failed to load config from "/home/user/antigravity/typpingchallenge/dataconnect": could not find dataconnect.yaml in `/home/user/antigravity/typpingchallenge/dataconnect`
 {"metadata":{"emulator":{"name":"dataconnect"},"message":"E0203 11:24:04.312179    4101 watch.go:40] Failed to load config from \"/home/user/antigravity/typpingchallenge/dataconnect\": could not find dataconnect.yaml in `/home/user/antigravity/typpingchallenge/dataconnect`\n"}}
[debug] [2026-02-03T05:54:14.321Z] E0203 11:24:14.320747    4101 watch.go:40] Failed to load config from "/home/user/antigravity/typpingchallenge/dataconnect": could not find dataconnect.yaml in `/home/user/antigravity/typpingchallenge/dataconnect`
 {"metadata":{"emulator":{"name":"dataconnect"},"message":"E0203 11:24:14.320747    4101 watch.go:40] Failed to load config from \"/home/user/antigravity/typpingchallenge/dataconnect\": could not find dataconnect.yaml in `/home/user/antigravity/typpingchallenge/dataconnect`\n"}}
[debug] [2026-02-03T05:54:24.321Z] E0203 11:24:24.320753    4101 watch.go:40] Failed to load config from "/home/user/antigravity/typpingchallenge/dataconnect": could not find dataconnect.yaml in `/home/user/antigravity/typpingchallenge/dataconnect`
 {"metadata":{"emulator":{"name":"dataconnect"},"message":"E0203 11:24:24.320753    4101 watch.go:40] Failed to load config from \"/home/user/antigravity/typpingchallenge/dataconnect\": could not find dataconnect.yaml in `/home/user/antigravity/typpingchallenge/dataconnect`\n"}}
[debug] [2026-02-03T05:54:34.312Z] E0203 11:24:34.311920    4101 watch.go:116] watchAllDir unable to walk dir `/home/user/antigravity/typpingchallenge/dataconnect`: lstat /home/user/antigravity/typpingchallenge/dataconnect: no such file or directory
E0203 11:24:34.312049    4101 watch.go:40] Failed to load config from "/home/user/antigravity/typpingchallenge/dataconnect": could not find dataconnect.yaml in `/home/user/antigravity/typpingchallenge/dataconnect`
 {"metadata":{"emulator":{"name":"dataconnect"},"message":"E0203 11:24:34.311920    4101 watch.go:116] watchAllDir unable to walk dir `/home/user/antigravity/typpingchallenge/dataconnect`: lstat /home/user/antigravity/typpingchallenge/dataconnect: no such file or directory\nE0203 11:24:34.312049    4101 watch.go:40] Failed to load config from \"/home/user/antigravity/typpingchallenge/dataconnect\": could not find dataconnect.yaml in `/home/user/antigravity/typpingchallenge/dataconnect`\n"}}
[debug] [2026-02-03T05:54:44.321Z] E0203 11:24:44.320740    4101 watch.go:40] Failed to load config from "/home/user/antigravity/typpingchallenge/dataconnect": could not find dataconnect.yaml in `/home/user/antigravity/typpingchallenge/dataconnect`
 {"metadata":{"emulator":{"name":"dataconnect"},"message":"E0203 11:24:44.320740    4101 watch.go:40] Failed to load config from \"/home/user/antigravity/typpingchallenge/dataconnect\": could not find dataconnect.yaml in `/home/user/antigravity/typpingchallenge/dataconnect`\n"}}
[debug] [2026-02-03T05:54:54.320Z] E0203 11:24:54.320714    4101 watch.go:40] Failed to load config from "/home/user/antigravity/typpingchallenge/dataconnect": could not find dataconnect.yaml in `/home/user/antigravity/typpingchallenge/dataconnect`
 {"metadata":{"emulator":{"name":"dataconnect"},"message":"E0203 11:24:54.320714    4101 watch.go:40] Failed to load config from \"/home/user/antigravity/typpingchallenge/dataconnect\": could not find dataconnect.yaml in `/home/user/antigravity/typpingchallenge/dataconnect`\n"}}
[debug] [2026-02-03T05:55:04.312Z] E0203 11:25:04.311866    4101 watch.go:40] Failed to load config from "/home/user/antigravity/typpingchallenge/dataconnect": could not find dataconnect.yaml in `/home/user/antigravity/typpingchallenge/dataconnect`
 {"metadata":{"emulator":{"name":"dataconnect"},"message":"E0203 11:25:04.311866    4101 watch.go:40] Failed to load config from \"/home/user/antigravity/typpingchallenge/dataconnect\": could not find dataconnect.yaml in `/home/user/antigravity/typpingchallenge/dataconnect`\n"}}
[debug] [2026-02-03T05:55:14.321Z] E0203 11:25:14.320770    4101 watch.go:40] Failed to load config from "/home/user/antigravity/typpingchallenge/dataconnect": could not find dataconnect.yaml in `/home/user/antigravity/typpingchallenge/dataconnect`
 {"metadata":{"emulator":{"name":"dataconnect"},"message":"E0203 11:25:14.320770    4101 watch.go:40] Failed to load config from \"/home/user/antigravity/typpingchallenge/dataconnect\": could not find dataconnect.yaml in `/home/user/antigravity/typpingchallenge/dataconnect`\n"}}
[debug] [2026-02-03T05:55:24.321Z] E0203 11:25:24.320775    4101 watch.go:40] Failed to load config from "/home/user/antigravity/typpingchallenge/dataconnect": could not find dataconnect.yaml in `/home/user/antigravity/typpingchallenge/dataconnect`
 {"metadata":{"emulator":{"name":"dataconnect"},"message":"E0203 11:25:24.320775    4101 watch.go:40] Failed to load config from \"/home/user/antigravity/typpingchallenge/dataconnect\": could not find dataconnect.yaml in `/home/user/antigravity/typpingchallenge/dataconnect`\n"}}
[debug] [2026-02-03T05:55:34.312Z] E0203 11:25:34.312039    4101 watch.go:116] watchAllDir unable to walk dir `/home/user/antigravity/typpingchallenge/dataconnect`: lstat /home/user/antigravity/typpingchallenge/dataconnect: no such file or directory
E0203 11:25:34.312120    4101 watch.go:40] Failed to load config from "/home/user/antigravity/typpingchallenge/dataconnect": could not find dataconnect.yaml in `/home/user/antigravity/typpingchallenge/dataconnect`
 {"metadata":{"emulator":{"name":"dataconnect"},"message":"E0203 11:25:34.312039    4101 watch.go:116] watchAllDir unable to walk dir `/home/user/antigravity/typpingchallenge/dataconnect`: lstat /home/user/antigravity/typpingchallenge/dataconnect: no such file or directory\nE0203 11:25:34.312120    4101 watch.go:40] Failed to load config from \"/home/user/antigravity/typpingchallenge/dataconnect\": could not find dataconnect.yaml in `/home/user/antigravity/typpingchallenge/dataconnect`\n"}}
[debug] [2026-02-03T05:55:44.315Z] E0203 11:25:44.315723    4101 watch.go:40] Failed to load config from "/home/user/antigravity/typpingchallenge/dataconnect": could not find dataconnect.yaml in `/home/user/antigravity/typpingchallenge/dataconnect`
 {"metadata":{"emulator":{"name":"dataconnect"},"message":"E0203 11:25:44.315723    4101 watch.go:40] Failed to load config from \"/home/user/antigravity/typpingchallenge/dataconnect\": could not find dataconnect.yaml in `/home/user/antigravity/typpingchallenge/dataconnect`\n"}}
[debug] [2026-02-03T05:55:54.313Z] E0203 11:25:54.312508    4101 watch.go:40] Failed to load config from "/home/user/antigravity/typpingchallenge/dataconnect": could not find dataconnect.yaml in `/home/user/antigravity/typpingchallenge/dataconnect`
 {"metadata":{"emulator":{"name":"dataconnect"},"message":"E0203 11:25:54.312508    4101 watch.go:40] Failed to load config from \"/home/user/antigravity/typpingchallenge/dataconnect\": could not find dataconnect.yaml in `/home/user/antigravity/typpingchallenge/dataconnect`\n"}}
[debug] [2026-02-03T05:56:04.312Z] E0203 11:26:04.311860    4101 watch.go:40] Failed to load config from "/home/user/antigravity/typpingchallenge/dataconnect": could not find dataconnect.yaml in `/home/user/antigravity/typpingchallenge/dataconnect`
 {"metadata":{"emulator":{"name":"dataconnect"},"message":"E0203 11:26:04.311860    4101 watch.go:40] Failed to load config from \"/home/user/antigravity/typpingchallenge/dataconnect\": could not find dataconnect.yaml in `/home/user/antigravity/typpingchallenge/dataconnect`\n"}}
[debug] [2026-02-03T05:56:14.321Z] E0203 11:26:14.320778    4101 watch.go:40] Failed to load config from "/home/user/antigravity/typpingchallenge/dataconnect": could not find dataconnect.yaml in `/home/user/antigravity/typpingchallenge/dataconnect`
 {"metadata":{"emulator":{"name":"dataconnect"},"message":"E0203 11:26:14.320778    4101 watch.go:40] Failed to load config from \"/home/user/antigravity/typpingchallenge/dataconnect\": could not find dataconnect.yaml in `/home/user/antigravity/typpingchallenge/dataconnect`\n"}}
[debug] [2026-02-03T05:56:24.320Z] E0203 11:26:24.320729    4101 watch.go:40] Failed to load config from "/home/user/antigravity/typpingchallenge/dataconnect": could not find dataconnect.yaml in `/home/user/antigravity/typpingchallenge/dataconnect`
 {"metadata":{"emulator":{"name":"dataconnect"},"message":"E0203 11:26:24.320729    4101 watch.go:40] Failed to load config from \"/home/user/antigravity/typpingchallenge/dataconnect\": could not find dataconnect.yaml in `/home/user/antigravity/typpingchallenge/dataconnect`\n"}}
[debug] [2026-02-03T05:56:34.312Z] E0203 11:26:34.312104    4101 watch.go:40] Failed to load config from "/home/user/antigravity/typpingchallenge/dataconnect": could not find dataconnect.yaml in `/home/user/antigravity/typpingchallenge/dataconnect`
E0203 11:26:34.311997    4101 watch.go:116] watchAllDir unable to walk dir `/home/user/antigravity/typpingchallenge/dataconnect`: lstat /home/user/antigravity/typpingchallenge/dataconnect: no such file or directory
 {"metadata":{"emulator":{"name":"dataconnect"},"message":"E0203 11:26:34.312104    4101 watch.go:40] Failed to load config from \"/home/user/antigravity/typpingchallenge/dataconnect\": could not find dataconnect.yaml in `/home/user/antigravity/typpingchallenge/dataconnect`\nE0203 11:26:34.311997    4101 watch.go:116] watchAllDir unable to walk dir `/home/user/antigravity/typpingchallenge/dataconnect`: lstat /home/user/antigravity/typpingchallenge/dataconnect: no such file or directory\n"}}
[debug] [2026-02-03T05:56:44.320Z] E0203 11:26:44.320713    4101 watch.go:40] Failed to load config from "/home/user/antigravity/typpingchallenge/dataconnect": could not find dataconnect.yaml in `/home/user/antigravity/typpingchallenge/dataconnect`
 {"metadata":{"emulator":{"name":"dataconnect"},"message":"E0203 11:26:44.320713    4101 watch.go:40] Failed to load config from \"/home/user/antigravity/typpingchallenge/dataconnect\": could not find dataconnect.yaml in `/home/user/antigravity/typpingchallenge/dataconnect`\n"}}
[debug] [2026-02-03T05:56:54.321Z] E0203 11:26:54.320771    4101 watch.go:40] Failed to load config from "/home/user/antigravity/typpingchallenge/dataconnect": could not find dataconnect.yaml in `/home/user/antigravity/typpingchallenge/dataconnect`
 {"metadata":{"emulator":{"name":"dataconnect"},"message":"E0203 11:26:54.320771    4101 watch.go:40] Failed to load config from \"/home/user/antigravity/typpingchallenge/dataconnect\": could not find dataconnect.yaml in `/home/user/antigravity/typpingchallenge/dataconnect`\n"}}
[debug] [2026-02-03T05:57:04.312Z] E0203 11:27:04.311958    4101 watch.go:40] Failed to load config from "/home/user/antigravity/typpingchallenge/dataconnect": could not find dataconnect.yaml in `/home/user/antigravity/typpingchallenge/dataconnect`
 {"metadata":{"emulator":{"name":"dataconnect"},"message":"E0203 11:27:04.311958    4101 watch.go:40] Failed to load config from \"/home/user/antigravity/typpingchallenge/dataconnect\": could not find dataconnect.yaml in `/home/user/antigravity/typpingchallenge/dataconnect`\n"}}
[debug] [2026-02-03T05:57:14.320Z] E0203 11:27:14.320696    4101 watch.go:40] Failed to load config from "/home/user/antigravity/typpingchallenge/dataconnect": could not find dataconnect.yaml in `/home/user/antigravity/typpingchallenge/dataconnect`
 {"metadata":{"emulator":{"name":"dataconnect"},"message":"E0203 11:27:14.320696    4101 watch.go:40] Failed to load config from \"/home/user/antigravity/typpingchallenge/dataconnect\": could not find dataconnect.yaml in `/home/user/antigravity/typpingchallenge/dataconnect`\n"}}
[debug] [2026-02-03T05:57:24.321Z] E0203 11:27:24.320822    4101 watch.go:40] Failed to load config from "/home/user/antigravity/typpingchallenge/dataconnect": could not find dataconnect.yaml in `/home/user/antigravity/typpingchallenge/dataconnect`
 {"metadata":{"emulator":{"name":"dataconnect"},"message":"E0203 11:27:24.320822    4101 watch.go:40] Failed to load config from \"/home/user/antigravity/typpingchallenge/dataconnect\": could not find dataconnect.yaml in `/home/user/antigravity/typpingchallenge/dataconnect`\n"}}
[debug] [2026-02-03T05:57:34.312Z] E0203 11:27:34.311912    4101 watch.go:116] watchAllDir unable to walk dir `/home/user/antigravity/typpingchallenge/dataconnect`: lstat /home/user/antigravity/typpingchallenge/dataconnect: no such file or directory
E0203 11:27:34.311988    4101 watch.go:40] Failed to load config from "/home/user/antigravity/typpingchallenge/dataconnect": could not find dataconnect.yaml in `/home/user/antigravity/typpingchallenge/dataconnect`
 {"metadata":{"emulator":{"name":"dataconnect"},"message":"E0203 11:27:34.311912    4101 watch.go:116] watchAllDir unable to walk dir `/home/user/antigravity/typpingchallenge/dataconnect`: lstat /home/user/antigravity/typpingchallenge/dataconnect: no such file or directory\nE0203 11:27:34.311988    4101 watch.go:40] Failed to load config from \"/home/user/antigravity/typpingchallenge/dataconnect\": could not find dataconnect.yaml in `/home/user/antigravity/typpingchallenge/dataconnect`\n"}}
[debug] [2026-02-03T05:57:44.322Z] E0203 11:27:44.321908    4101 watch.go:40] Failed to load config from "/home/user/antigravity/typpingchallenge/dataconnect": could not find dataconnect.yaml in `/home/user/antigravity/typpingchallenge/dataconnect`
 {"metadata":{"emulator":{"name":"dataconnect"},"message":"E0203 11:27:44.321908    4101 watch.go:40] Failed to load config from \"/home/user/antigravity/typpingchallenge/dataconnect\": could not find dataconnect.yaml in `/home/user/antigravity/typpingchallenge/dataconnect`\n"}}
[debug] [2026-02-03T05:57:54.321Z] E0203 11:27:54.320835    4101 watch.go:40] Failed to load config from "/home/user/antigravity/typpingchallenge/dataconnect": could not find dataconnect.yaml in `/home/user/antigravity/typpingchallenge/dataconnect`
 {"metadata":{"emulator":{"name":"dataconnect"},"message":"E0203 11:27:54.320835    4101 watch.go:40] Failed to load config from \"/home/user/antigravity/typpingchallenge/dataconnect\": could not find dataconnect.yaml in `/home/user/antigravity/typpingchallenge/dataconnect`\n"}}
[debug] [2026-02-03T05:58:04.312Z] E0203 11:28:04.311763    4101 watch.go:40] Failed to load config from "/home/user/antigravity/typpingchallenge/dataconnect": could not find dataconnect.yaml in `/home/user/antigravity/typpingchallenge/dataconnect`
 {"metadata":{"emulator":{"name":"dataconnect"},"message":"E0203 11:28:04.311763    4101 watch.go:40] Failed to load config from \"/home/user/antigravity/typpingchallenge/dataconnect\": could not find dataconnect.yaml in `/home/user/antigravity/typpingchallenge/dataconnect`\n"}}
[debug] [2026-02-03T05:58:14.321Z] E0203 11:28:14.320906    4101 watch.go:40] Failed to load config from "/home/user/antigravity/typpingchallenge/dataconnect": could not find dataconnect.yaml in `/home/user/antigravity/typpingchallenge/dataconnect`
 {"metadata":{"emulator":{"name":"dataconnect"},"message":"E0203 11:28:14.320906    4101 watch.go:40] Failed to load config from \"/home/user/antigravity/typpingchallenge/dataconnect\": could not find dataconnect.yaml in `/home/user/antigravity/typpingchallenge/dataconnect`\n"}}
[debug] [2026-02-03T05:58:24.321Z] E0203 11:28:24.320772    4101 watch.go:40] Failed to load config from "/home/user/antigravity/typpingchallenge/dataconnect": could not find dataconnect.yaml in `/home/user/antigravity/typpingchallenge/dataconnect`
 {"metadata":{"emulator":{"name":"dataconnect"},"message":"E0203 11:28:24.320772    4101 watch.go:40] Failed to load config from \"/home/user/antigravity/typpingchallenge/dataconnect\": could not find dataconnect.yaml in `/home/user/antigravity/typpingchallenge/dataconnect`\n"}}
[debug] [2026-02-03T05:58:34.312Z] E0203 11:28:34.311951    4101 watch.go:116] watchAllDir unable to walk dir `/home/user/antigravity/typpingchallenge/dataconnect`: lstat /home/user/antigravity/typpingchallenge/dataconnect: no such file or directory
E0203 11:28:34.312051    4101 watch.go:40] Failed to load config from "/home/user/antigravity/typpingchallenge/dataconnect": could not find dataconnect.yaml in `/home/user/antigravity/typpingchallenge/dataconnect`
 {"metadata":{"emulator":{"name":"dataconnect"},"message":"E0203 11:28:34.311951    4101 watch.go:116] watchAllDir unable to walk dir `/home/user/antigravity/typpingchallenge/dataconnect`: lstat /home/user/antigravity/typpingchallenge/dataconnect: no such file or directory\nE0203 11:28:34.312051    4101 watch.go:40] Failed to load config from \"/home/user/antigravity/typpingchallenge/dataconnect\": could not find dataconnect.yaml in `/home/user/antigravity/typpingchallenge/dataconnect`\n"}}
[debug] [2026-02-03T05:58:44.321Z] E0203 11:28:44.320866    4101 watch.go:40] Failed to load config from "/home/user/antigravity/typpingchallenge/dataconnect": could not find dataconnect.yaml in `/home/user/antigravity/typpingchallenge/dataconnect`
 {"metadata":{"emulator":{"name":"dataconnect"},"message":"E0203 11:28:44.320866    4101 watch.go:40] Failed to load config from \"/home/user/antigravity/typpingchallenge/dataconnect\": could not find dataconnect.yaml in `/home/user/antigravity/typpingchallenge/dataconnect`\n"}}
[debug] [2026-02-03T05:58:54.321Z] E0203 11:28:54.320803    4101 watch.go:40] Failed to load config from "/home/user/antigravity/typpingchallenge/dataconnect": could not find dataconnect.yaml in `/home/user/antigravity/typpingchallenge/dataconnect`
 {"metadata":{"emulator":{"name":"dataconnect"},"message":"E0203 11:28:54.320803    4101 watch.go:40] Failed to load config from \"/home/user/antigravity/typpingchallenge/dataconnect\": could not find dataconnect.yaml in `/home/user/antigravity/typpingchallenge/dataconnect`\n"}}
[debug] [2026-02-03T05:59:04.312Z] E0203 11:29:04.311857    4101 watch.go:40] Failed to load config from "/home/user/antigravity/typpingchallenge/dataconnect": could not find dataconnect.yaml in `/home/user/antigravity/typpingchallenge/dataconnect`
 {"metadata":{"emulator":{"name":"dataconnect"},"message":"E0203 11:29:04.311857    4101 watch.go:40] Failed to load config from \"/home/user/antigravity/typpingchallenge/dataconnect\": could not find dataconnect.yaml in `/home/user/antigravity/typpingchallenge/dataconnect`\n"}}
[debug] [2026-02-03T05:59:14.321Z] E0203 11:29:14.320923    4101 watch.go:40] Failed to load config from "/home/user/antigravity/typpingchallenge/dataconnect": could not find dataconnect.yaml in `/home/user/antigravity/typpingchallenge/dataconnect`
 {"metadata":{"emulator":{"name":"dataconnect"},"message":"E0203 11:29:14.320923    4101 watch.go:40] Failed to load config from \"/home/user/antigravity/typpingchallenge/dataconnect\": could not find dataconnect.yaml in `/home/user/antigravity/typpingchallenge/dataconnect`\n"}}
[debug] [2026-02-03T05:59:24.321Z] E0203 11:29:24.320861    4101 watch.go:40] Failed to load config from "/home/user/antigravity/typpingchallenge/dataconnect": could not find dataconnect.yaml in `/home/user/antigravity/typpingchallenge/dataconnect`
 {"metadata":{"emulator":{"name":"dataconnect"},"message":"E0203 11:29:24.320861    4101 watch.go:40] Failed to load config from \"/home/user/antigravity/typpingchallenge/dataconnect\": could not find dataconnect.yaml in `/home/user/antigravity/typpingchallenge/dataconnect`\n"}}
[debug] [2026-02-03T05:59:34.312Z] E0203 11:29:34.311826    4101 watch.go:116] watchAllDir unable to walk dir `/home/user/antigravity/typpingchallenge/dataconnect`: lstat /home/user/antigravity/typpingchallenge/dataconnect: no such file or directory
E0203 11:29:34.311897    4101 watch.go:40] Failed to load config from "/home/user/antigravity/typpingchallenge/dataconnect": could not find dataconnect.yaml in `/home/user/antigravity/typpingchallenge/dataconnect`
 {"metadata":{"emulator":{"name":"dataconnect"},"message":"E0203 11:29:34.311826    4101 watch.go:116] watchAllDir unable to walk dir `/home/user/antigravity/typpingchallenge/dataconnect`: lstat /home/user/antigravity/typpingchallenge/dataconnect: no such file or directory\nE0203 11:29:34.311897    4101 watch.go:40] Failed to load config from \"/home/user/antigravity/typpingchallenge/dataconnect\": could not find dataconnect.yaml in `/home/user/antigravity/typpingchallenge/dataconnect`\n"}}
[debug] [2026-02-03T05:59:44.321Z] E0203 11:29:44.321130    4101 watch.go:40] Failed to load config from "/home/user/antigravity/typpingchallenge/dataconnect": could not find dataconnect.yaml in `/home/user/antigravity/typpingchallenge/dataconnect`
 {"metadata":{"emulator":{"name":"dataconnect"},"message":"E0203 11:29:44.321130    4101 watch.go:40] Failed to load config from \"/home/user/antigravity/typpingchallenge/dataconnect\": could not find dataconnect.yaml in `/home/user/antigravity/typpingchallenge/dataconnect`\n"}}
[debug] [2026-02-03T05:59:54.321Z] E0203 11:29:54.320797    4101 watch.go:40] Failed to load config from "/home/user/antigravity/typpingchallenge/dataconnect": could not find dataconnect.yaml in `/home/user/antigravity/typpingchallenge/dataconnect`
 {"metadata":{"emulator":{"name":"dataconnect"},"message":"E0203 11:29:54.320797    4101 watch.go:40] Failed to load config from \"/home/user/antigravity/typpingchallenge/dataconnect\": could not find dataconnect.yaml in `/home/user/antigravity/typpingchallenge/dataconnect`\n"}}
[debug] [2026-02-03T06:00:04.312Z] E0203 11:30:04.312160    4101 watch.go:40] Failed to load config from "/home/user/antigravity/typpingchallenge/dataconnect": could not find dataconnect.yaml in `/home/user/antigravity/typpingchallenge/dataconnect`
 {"metadata":{"emulator":{"name":"dataconnect"},"message":"E0203 11:30:04.312160    4101 watch.go:40] Failed to load config from \"/home/user/antigravity/typpingchallenge/dataconnect\": could not find dataconnect.yaml in `/home/user/antigravity/typpingchallenge/dataconnect`\n"}}
[debug] [2026-02-03T06:00:14.312Z] E0203 11:30:14.311780    4101 watch.go:40] Failed to load config from "/home/user/antigravity/typpingchallenge/dataconnect": could not find dataconnect.yaml in `/home/user/antigravity/typpingchallenge/dataconnect`
 {"metadata":{"emulator":{"name":"dataconnect"},"message":"E0203 11:30:14.311780    4101 watch.go:40] Failed to load config from \"/home/user/antigravity/typpingchallenge/dataconnect\": could not find dataconnect.yaml in `/home/user/antigravity/typpingchallenge/dataconnect`\n"}}
[debug] [2026-02-03T06:00:24.321Z] E0203 11:30:24.320789    4101 watch.go:40] Failed to load config from "/home/user/antigravity/typpingchallenge/dataconnect": could not find dataconnect.yaml in `/home/user/antigravity/typpingchallenge/dataconnect`
 {"metadata":{"emulator":{"name":"dataconnect"},"message":"E0203 11:30:24.320789    4101 watch.go:40] Failed to load config from \"/home/user/antigravity/typpingchallenge/dataconnect\": could not find dataconnect.yaml in `/home/user/antigravity/typpingchallenge/dataconnect`\n"}}
[debug] [2026-02-03T06:00:34.312Z] E0203 11:30:34.311950    4101 watch.go:116] watchAllDir unable to walk dir `/home/user/antigravity/typpingchallenge/dataconnect`: lstat /home/user/antigravity/typpingchallenge/dataconnect: no such file or directory
E0203 11:30:34.312012    4101 watch.go:40] Failed to load config from "/home/user/antigravity/typpingchallenge/dataconnect": could not find dataconnect.yaml in `/home/user/antigravity/typpingchallenge/dataconnect`
 {"metadata":{"emulator":{"name":"dataconnect"},"message":"E0203 11:30:34.311950    4101 watch.go:116] watchAllDir unable to walk dir `/home/user/antigravity/typpingchallenge/dataconnect`: lstat /home/user/antigravity/typpingchallenge/dataconnect: no such file or directory\nE0203 11:30:34.312012    4101 watch.go:40] Failed to load config from \"/home/user/antigravity/typpingchallenge/dataconnect\": could not find dataconnect.yaml in `/home/user/antigravity/typpingchallenge/dataconnect`\n"}}
[debug] [2026-02-03T06:00:44.321Z] E0203 11:30:44.320776    4101 watch.go:40] Failed to load config from "/home/user/antigravity/typpingchallenge/dataconnect": could not find dataconnect.yaml in `/home/user/antigravity/typpingchallenge/dataconnect`
 {"metadata":{"emulator":{"name":"dataconnect"},"message":"E0203 11:30:44.320776    4101 watch.go:40] Failed to load config from \"/home/user/antigravity/typpingchallenge/dataconnect\": could not find dataconnect.yaml in `/home/user/antigravity/typpingchallenge/dataconnect`\n"}}
[debug] [2026-02-03T06:00:54.321Z] E0203 11:30:54.320735    4101 watch.go:40] Failed to load config from "/home/user/antigravity/typpingchallenge/dataconnect": could not find dataconnect.yaml in `/home/user/antigravity/typpingchallenge/dataconnect`
 {"metadata":{"emulator":{"name":"dataconnect"},"message":"E0203 11:30:54.320735    4101 watch.go:40] Failed to load config from \"/home/user/antigravity/typpingchallenge/dataconnect\": could not find dataconnect.yaml in `/home/user/antigravity/typpingchallenge/dataconnect`\n"}}
[debug] [2026-02-03T06:01:04.312Z] E0203 11:31:04.311870    4101 watch.go:40] Failed to load config from "/home/user/antigravity/typpingchallenge/dataconnect": could not find dataconnect.yaml in `/home/user/antigravity/typpingchallenge/dataconnect`
 {"metadata":{"emulator":{"name":"dataconnect"},"message":"E0203 11:31:04.311870    4101 watch.go:40] Failed to load config from \"/home/user/antigravity/typpingchallenge/dataconnect\": could not find dataconnect.yaml in `/home/user/antigravity/typpingchallenge/dataconnect`\n"}}
[debug] [2026-02-03T06:01:14.321Z] E0203 11:31:14.320734    4101 watch.go:40] Failed to load config from "/home/user/antigravity/typpingchallenge/dataconnect": could not find dataconnect.yaml in `/home/user/antigravity/typpingchallenge/dataconnect`
 {"metadata":{"emulator":{"name":"dataconnect"},"message":"E0203 11:31:14.320734    4101 watch.go:40] Failed to load config from \"/home/user/antigravity/typpingchallenge/dataconnect\": could not find dataconnect.yaml in `/home/user/antigravity/typpingchallenge/dataconnect`\n"}}
[debug] [2026-02-03T06:01:24.321Z] E0203 11:31:24.320785    4101 watch.go:40] Failed to load config from "/home/user/antigravity/typpingchallenge/dataconnect": could not find dataconnect.yaml in `/home/user/antigravity/typpingchallenge/dataconnect`
 {"metadata":{"emulator":{"name":"dataconnect"},"message":"E0203 11:31:24.320785    4101 watch.go:40] Failed to load config from \"/home/user/antigravity/typpingchallenge/dataconnect\": could not find dataconnect.yaml in `/home/user/antigravity/typpingchallenge/dataconnect`\n"}}
[debug] [2026-02-03T06:01:34.312Z] E0203 11:31:34.311887    4101 watch.go:116] watchAllDir unable to walk dir `/home/user/antigravity/typpingchallenge/dataconnect`: lstat /home/user/antigravity/typpingchallenge/dataconnect: no such file or directory
E0203 11:31:34.311931    4101 watch.go:40] Failed to load config from "/home/user/antigravity/typpingchallenge/dataconnect": could not find dataconnect.yaml in `/home/user/antigravity/typpingchallenge/dataconnect`
 {"metadata":{"emulator":{"name":"dataconnect"},"message":"E0203 11:31:34.311887    4101 watch.go:116] watchAllDir unable to walk dir `/home/user/antigravity/typpingchallenge/dataconnect`: lstat /home/user/antigravity/typpingchallenge/dataconnect: no such file or directory\nE0203 11:31:34.311931    4101 watch.go:40] Failed to load config from \"/home/user/antigravity/typpingchallenge/dataconnect\": could not find dataconnect.yaml in `/home/user/antigravity/typpingchallenge/dataconnect`\n"}}
[debug] [2026-02-03T06:01:44.321Z] E0203 11:31:44.320916    4101 watch.go:40] Failed to load config from "/home/user/antigravity/typpingchallenge/dataconnect": could not find dataconnect.yaml in `/home/user/antigravity/typpingchallenge/dataconnect`
 {"metadata":{"emulator":{"name":"dataconnect"},"message":"E0203 11:31:44.320916    4101 watch.go:40] Failed to load config from \"/home/user/antigravity/typpingchallenge/dataconnect\": could not find dataconnect.yaml in `/home/user/antigravity/typpingchallenge/dataconnect`\n"}}
[debug] [2026-02-03T06:01:54.321Z] E0203 11:31:54.320782    4101 watch.go:40] Failed to load config from "/home/user/antigravity/typpingchallenge/dataconnect": could not find dataconnect.yaml in `/home/user/antigravity/typpingchallenge/dataconnect`
 {"metadata":{"emulator":{"name":"dataconnect"},"message":"E0203 11:31:54.320782    4101 watch.go:40] Failed to load config from \"/home/user/antigravity/typpingchallenge/dataconnect\": could not find dataconnect.yaml in `/home/user/antigravity/typpingchallenge/dataconnect`\n"}}
[debug] [2026-02-03T06:02:04.312Z] E0203 11:32:04.311856    4101 watch.go:40] Failed to load config from "/home/user/antigravity/typpingchallenge/dataconnect": could not find dataconnect.yaml in `/home/user/antigravity/typpingchallenge/dataconnect`
 {"metadata":{"emulator":{"name":"dataconnect"},"message":"E0203 11:32:04.311856    4101 watch.go:40] Failed to load config from \"/home/user/antigravity/typpingchallenge/dataconnect\": could not find dataconnect.yaml in `/home/user/antigravity/typpingchallenge/dataconnect`\n"}}
[debug] [2026-02-03T06:02:14.312Z] E0203 11:32:14.311950    4101 watch.go:40] Failed to load config from "/home/user/antigravity/typpingchallenge/dataconnect": could not find dataconnect.yaml in `/home/user/antigravity/typpingchallenge/dataconnect`
 {"metadata":{"emulator":{"name":"dataconnect"},"message":"E0203 11:32:14.311950    4101 watch.go:40] Failed to load config from \"/home/user/antigravity/typpingchallenge/dataconnect\": could not find dataconnect.yaml in `/home/user/antigravity/typpingchallenge/dataconnect`\n"}}
[debug] [2026-02-03T06:02:24.323Z] E0203 11:32:24.314981    4101 watch.go:40] Failed to load config from "/home/user/antigravity/typpingchallenge/dataconnect": could not find dataconnect.yaml in `/home/user/antigravity/typpingchallenge/dataconnect`
 {"metadata":{"emulator":{"name":"dataconnect"},"message":"E0203 11:32:24.314981    4101 watch.go:40] Failed to load config from \"/home/user/antigravity/typpingchallenge/dataconnect\": could not find dataconnect.yaml in `/home/user/antigravity/typpingchallenge/dataconnect`\n"}}
[debug] [2026-02-03T06:02:34.312Z] E0203 11:32:34.311872    4101 watch.go:116] watchAllDir unable to walk dir `/home/user/antigravity/typpingchallenge/dataconnect`: lstat /home/user/antigravity/typpingchallenge/dataconnect: no such file or directory
E0203 11:32:34.311918    4101 watch.go:40] Failed to load config from "/home/user/antigravity/typpingchallenge/dataconnect": could not find dataconnect.yaml in `/home/user/antigravity/typpingchallenge/dataconnect`
 {"metadata":{"emulator":{"name":"dataconnect"},"message":"E0203 11:32:34.311872    4101 watch.go:116] watchAllDir unable to walk dir `/home/user/antigravity/typpingchallenge/dataconnect`: lstat /home/user/antigravity/typpingchallenge/dataconnect: no such file or directory\nE0203 11:32:34.311918    4101 watch.go:40] Failed to load config from \"/home/user/antigravity/typpingchallenge/dataconnect\": could not find dataconnect.yaml in `/home/user/antigravity/typpingchallenge/dataconnect`\n"}}
[debug] [2026-02-03T06:02:44.321Z] E0203 11:32:44.320796    4101 watch.go:40] Failed to load config from "/home/user/antigravity/typpingchallenge/dataconnect": could not find dataconnect.yaml in `/home/user/antigravity/typpingchallenge/dataconnect`
 {"metadata":{"emulator":{"name":"dataconnect"},"message":"E0203 11:32:44.320796    4101 watch.go:40] Failed to load config from \"/home/user/antigravity/typpingchallenge/dataconnect\": could not find dataconnect.yaml in `/home/user/antigravity/typpingchallenge/dataconnect`\n"}}
[debug] [2026-02-03T06:02:54.321Z] E0203 11:32:54.320774    4101 watch.go:40] Failed to load config from "/home/user/antigravity/typpingchallenge/dataconnect": could not find dataconnect.yaml in `/home/user/antigravity/typpingchallenge/dataconnect`
 {"metadata":{"emulator":{"name":"dataconnect"},"message":"E0203 11:32:54.320774    4101 watch.go:40] Failed to load config from \"/home/user/antigravity/typpingchallenge/dataconnect\": could not find dataconnect.yaml in `/home/user/antigravity/typpingchallenge/dataconnect`\n"}}
[debug] [2026-02-03T06:03:04.312Z] E0203 11:33:04.312076    4101 watch.go:40] Failed to load config from "/home/user/antigravity/typpingchallenge/dataconnect": could not find dataconnect.yaml in `/home/user/antigravity/typpingchallenge/dataconnect`
 {"metadata":{"emulator":{"name":"dataconnect"},"message":"E0203 11:33:04.312076    4101 watch.go:40] Failed to load config from \"/home/user/antigravity/typpingchallenge/dataconnect\": could not find dataconnect.yaml in `/home/user/antigravity/typpingchallenge/dataconnect`\n"}}
[debug] [2026-02-03T06:03:14.321Z] E0203 11:33:14.320774    4101 watch.go:40] Failed to load config from "/home/user/antigravity/typpingchallenge/dataconnect": could not find dataconnect.yaml in `/home/user/antigravity/typpingchallenge/dataconnect`
 {"metadata":{"emulator":{"name":"dataconnect"},"message":"E0203 11:33:14.320774    4101 watch.go:40] Failed to load config from \"/home/user/antigravity/typpingchallenge/dataconnect\": could not find dataconnect.yaml in `/home/user/antigravity/typpingchallenge/dataconnect`\n"}}
[debug] [2026-02-03T06:03:24.321Z] E0203 11:33:24.320781    4101 watch.go:40] Failed to load config from "/home/user/antigravity/typpingchallenge/dataconnect": could not find dataconnect.yaml in `/home/user/antigravity/typpingchallenge/dataconnect`
 {"metadata":{"emulator":{"name":"dataconnect"},"message":"E0203 11:33:24.320781    4101 watch.go:40] Failed to load config from \"/home/user/antigravity/typpingchallenge/dataconnect\": could not find dataconnect.yaml in `/home/user/antigravity/typpingchallenge/dataconnect`\n"}}
[debug] [2026-02-03T06:03:34.312Z] E0203 11:33:34.311923    4101 watch.go:116] watchAllDir unable to walk dir `/home/user/antigravity/typpingchallenge/dataconnect`: lstat /home/user/antigravity/typpingchallenge/dataconnect: no such file or directory
E0203 11:33:34.312036    4101 watch.go:40] Failed to load config from "/home/user/antigravity/typpingchallenge/dataconnect": could not find dataconnect.yaml in `/home/user/antigravity/typpingchallenge/dataconnect`
 {"metadata":{"emulator":{"name":"dataconnect"},"message":"E0203 11:33:34.311923    4101 watch.go:116] watchAllDir unable to walk dir `/home/user/antigravity/typpingchallenge/dataconnect`: lstat /home/user/antigravity/typpingchallenge/dataconnect: no such file or directory\nE0203 11:33:34.312036    4101 watch.go:40] Failed to load config from \"/home/user/antigravity/typpingchallenge/dataconnect\": could not find dataconnect.yaml in `/home/user/antigravity/typpingchallenge/dataconnect`\n"}}
[debug] [2026-02-03T06:03:44.321Z] E0203 11:33:44.320789    4101 watch.go:40] Failed to load config from "/home/user/antigravity/typpingchallenge/dataconnect": could not find dataconnect.yaml in `/home/user/antigravity/typpingchallenge/dataconnect`
 {"metadata":{"emulator":{"name":"dataconnect"},"message":"E0203 11:33:44.320789    4101 watch.go:40] Failed to load config from \"/home/user/antigravity/typpingchallenge/dataconnect\": could not find dataconnect.yaml in `/home/user/antigravity/typpingchallenge/dataconnect`\n"}}
[debug] [2026-02-03T06:03:54.321Z] E0203 11:33:54.320757    4101 watch.go:40] Failed to load config from "/home/user/antigravity/typpingchallenge/dataconnect": could not find dataconnect.yaml in `/home/user/antigravity/typpingchallenge/dataconnect`
 {"metadata":{"emulator":{"name":"dataconnect"},"message":"E0203 11:33:54.320757    4101 watch.go:40] Failed to load config from \"/home/user/antigravity/typpingchallenge/dataconnect\": could not find dataconnect.yaml in `/home/user/antigravity/typpingchallenge/dataconnect`\n"}}
[debug] [2026-02-03T06:04:04.312Z] E0203 11:34:04.312007    4101 watch.go:40] Failed to load config from "/home/user/antigravity/typpingchallenge/dataconnect": could not find dataconnect.yaml in `/home/user/antigravity/typpingchallenge/dataconnect`
 {"metadata":{"emulator":{"name":"dataconnect"},"message":"E0203 11:34:04.312007    4101 watch.go:40] Failed to load config from \"/home/user/antigravity/typpingchallenge/dataconnect\": could not find dataconnect.yaml in `/home/user/antigravity/typpingchallenge/dataconnect`\n"}}
[debug] [2026-02-03T06:04:14.321Z] E0203 11:34:14.320764    4101 watch.go:40] Failed to load config from "/home/user/antigravity/typpingchallenge/dataconnect": could not find dataconnect.yaml in `/home/user/antigravity/typpingchallenge/dataconnect`
 {"metadata":{"emulator":{"name":"dataconnect"},"message":"E0203 11:34:14.320764    4101 watch.go:40] Failed to load config from \"/home/user/antigravity/typpingchallenge/dataconnect\": could not find dataconnect.yaml in `/home/user/antigravity/typpingchallenge/dataconnect`\n"}}
[debug] [2026-02-03T06:04:24.312Z] E0203 11:34:24.312537    4101 watch.go:40] Failed to load config from "/home/user/antigravity/typpingchallenge/dataconnect": could not find dataconnect.yaml in `/home/user/antigravity/typpingchallenge/dataconnect`
 {"metadata":{"emulator":{"name":"dataconnect"},"message":"E0203 11:34:24.312537    4101 watch.go:40] Failed to load config from \"/home/user/antigravity/typpingchallenge/dataconnect\": could not find dataconnect.yaml in `/home/user/antigravity/typpingchallenge/dataconnect`\n"}}
[debug] [2026-02-03T06:04:34.312Z] E0203 11:34:34.311926    4101 watch.go:116] watchAllDir unable to walk dir `/home/user/antigravity/typpingchallenge/dataconnect`: lstat /home/user/antigravity/typpingchallenge/dataconnect: no such file or directory
E0203 11:34:34.312025    4101 watch.go:40] Failed to load config from "/home/user/antigravity/typpingchallenge/dataconnect": could not find dataconnect.yaml in `/home/user/antigravity/typpingchallenge/dataconnect`
 {"metadata":{"emulator":{"name":"dataconnect"},"message":"E0203 11:34:34.311926    4101 watch.go:116] watchAllDir unable to walk dir `/home/user/antigravity/typpingchallenge/dataconnect`: lstat /home/user/antigravity/typpingchallenge/dataconnect: no such file or directory\nE0203 11:34:34.312025    4101 watch.go:40] Failed to load config from \"/home/user/antigravity/typpingchallenge/dataconnect\": could not find dataconnect.yaml in `/home/user/antigravity/typpingchallenge/dataconnect`\n"}}
[debug] [2026-02-03T06:04:44.315Z] E0203 11:34:44.315238    4101 watch.go:40] Failed to load config from "/home/user/antigravity/typpingchallenge/dataconnect": could not find dataconnect.yaml in `/home/user/antigravity/typpingchallenge/dataconnect`
 {"metadata":{"emulator":{"name":"dataconnect"},"message":"E0203 11:34:44.315238    4101 watch.go:40] Failed to load config from \"/home/user/antigravity/typpingchallenge/dataconnect\": could not find dataconnect.yaml in `/home/user/antigravity/typpingchallenge/dataconnect`\n"}}
[debug] [2026-02-03T06:04:54.320Z] E0203 11:34:54.320730    4101 watch.go:40] Failed to load config from "/home/user/antigravity/typpingchallenge/dataconnect": could not find dataconnect.yaml in `/home/user/antigravity/typpingchallenge/dataconnect`
 {"metadata":{"emulator":{"name":"dataconnect"},"message":"E0203 11:34:54.320730    4101 watch.go:40] Failed to load config from \"/home/user/antigravity/typpingchallenge/dataconnect\": could not find dataconnect.yaml in `/home/user/antigravity/typpingchallenge/dataconnect`\n"}}
[debug] [2026-02-03T06:05:04.313Z] E0203 11:35:04.313397    4101 watch.go:40] Failed to load config from "/home/user/antigravity/typpingchallenge/dataconnect": could not find dataconnect.yaml in `/home/user/antigravity/typpingchallenge/dataconnect`
 {"metadata":{"emulator":{"name":"dataconnect"},"message":"E0203 11:35:04.313397    4101 watch.go:40] Failed to load config from \"/home/user/antigravity/typpingchallenge/dataconnect\": could not find dataconnect.yaml in `/home/user/antigravity/typpingchallenge/dataconnect`\n"}}
[debug] [2026-02-03T06:05:14.320Z] E0203 11:35:14.320686    4101 watch.go:40] Failed to load config from "/home/user/antigravity/typpingchallenge/dataconnect": could not find dataconnect.yaml in `/home/user/antigravity/typpingchallenge/dataconnect`
 {"metadata":{"emulator":{"name":"dataconnect"},"message":"E0203 11:35:14.320686    4101 watch.go:40] Failed to load config from \"/home/user/antigravity/typpingchallenge/dataconnect\": could not find dataconnect.yaml in `/home/user/antigravity/typpingchallenge/dataconnect`\n"}}
[debug] [2026-02-03T06:05:24.320Z] E0203 11:35:24.320749    4101 watch.go:40] Failed to load config from "/home/user/antigravity/typpingchallenge/dataconnect": could not find dataconnect.yaml in `/home/user/antigravity/typpingchallenge/dataconnect`
 {"metadata":{"emulator":{"name":"dataconnect"},"message":"E0203 11:35:24.320749    4101 watch.go:40] Failed to load config from \"/home/user/antigravity/typpingchallenge/dataconnect\": could not find dataconnect.yaml in `/home/user/antigravity/typpingchallenge/dataconnect`\n"}}
[debug] [2026-02-03T06:05:34.312Z] E0203 11:35:34.311876    4101 watch.go:116] watchAllDir unable to walk dir `/home/user/antigravity/typpingchallenge/dataconnect`: lstat /home/user/antigravity/typpingchallenge/dataconnect: no such file or directory
E0203 11:35:34.311939    4101 watch.go:40] Failed to load config from "/home/user/antigravity/typpingchallenge/dataconnect": could not find dataconnect.yaml in `/home/user/antigravity/typpingchallenge/dataconnect`
 {"metadata":{"emulator":{"name":"dataconnect"},"message":"E0203 11:35:34.311876    4101 watch.go:116] watchAllDir unable to walk dir `/home/user/antigravity/typpingchallenge/dataconnect`: lstat /home/user/antigravity/typpingchallenge/dataconnect: no such file or directory\nE0203 11:35:34.311939    4101 watch.go:40] Failed to load config from \"/home/user/antigravity/typpingchallenge/dataconnect\": could not find dataconnect.yaml in `/home/user/antigravity/typpingchallenge/dataconnect`\n"}}
[debug] [2026-02-03T06:05:44.322Z] E0203 11:35:44.320894    4101 watch.go:40] Failed to load config from "/home/user/antigravity/typpingchallenge/dataconnect": could not find dataconnect.yaml in `/home/user/antigravity/typpingchallenge/dataconnect`
 {"metadata":{"emulator":{"name":"dataconnect"},"message":"E0203 11:35:44.320894    4101 watch.go:40] Failed to load config from \"/home/user/antigravity/typpingchallenge/dataconnect\": could not find dataconnect.yaml in `/home/user/antigravity/typpingchallenge/dataconnect`\n"}}
[debug] [2026-02-03T06:05:54.321Z] E0203 11:35:54.321581    4101 watch.go:40] Failed to load config from "/home/user/antigravity/typpingchallenge/dataconnect": could not find dataconnect.yaml in `/home/user/antigravity/typpingchallenge/dataconnect`
 {"metadata":{"emulator":{"name":"dataconnect"},"message":"E0203 11:35:54.321581    4101 watch.go:40] Failed to load config from \"/home/user/antigravity/typpingchallenge/dataconnect\": could not find dataconnect.yaml in `/home/user/antigravity/typpingchallenge/dataconnect`\n"}}
[debug] [2026-02-03T06:06:04.312Z] E0203 11:36:04.311954    4101 watch.go:40] Failed to load config from "/home/user/antigravity/typpingchallenge/dataconnect": could not find dataconnect.yaml in `/home/user/antigravity/typpingchallenge/dataconnect`
 {"metadata":{"emulator":{"name":"dataconnect"},"message":"E0203 11:36:04.311954    4101 watch.go:40] Failed to load config from \"/home/user/antigravity/typpingchallenge/dataconnect\": could not find dataconnect.yaml in `/home/user/antigravity/typpingchallenge/dataconnect`\n"}}
[debug] [2026-02-03T06:06:14.311Z] E0203 11:36:14.311729    4101 watch.go:40] Failed to load config from "/home/user/antigravity/typpingchallenge/dataconnect": could not find dataconnect.yaml in `/home/user/antigravity/typpingchallenge/dataconnect`
 {"metadata":{"emulator":{"name":"dataconnect"},"message":"E0203 11:36:14.311729    4101 watch.go:40] Failed to load config from \"/home/user/antigravity/typpingchallenge/dataconnect\": could not find dataconnect.yaml in `/home/user/antigravity/typpingchallenge/dataconnect`\n"}}
[debug] [2026-02-03T06:06:24.320Z] E0203 11:36:24.320693    4101 watch.go:40] Failed to load config from "/home/user/antigravity/typpingchallenge/dataconnect": could not find dataconnect.yaml in `/home/user/antigravity/typpingchallenge/dataconnect`
 {"metadata":{"emulator":{"name":"dataconnect"},"message":"E0203 11:36:24.320693    4101 watch.go:40] Failed to load config from \"/home/user/antigravity/typpingchallenge/dataconnect\": could not find dataconnect.yaml in `/home/user/antigravity/typpingchallenge/dataconnect`\n"}}
[debug] [2026-02-03T06:06:34.312Z] E0203 11:36:34.311812    4101 watch.go:40] Failed to load config from "/home/user/antigravity/typpingchallenge/dataconnect": could not find dataconnect.yaml in `/home/user/antigravity/typpingchallenge/dataconnect`
 {"metadata":{"emulator":{"name":"dataconnect"},"message":"E0203 11:36:34.311812    4101 watch.go:40] Failed to load config from \"/home/user/antigravity/typpingchallenge/dataconnect\": could not find dataconnect.yaml in `/home/user/antigravity/typpingchallenge/dataconnect`\n"}}
[debug] [2026-02-03T06:06:34.313Z] E0203 11:36:34.311717    4101 watch.go:116] watchAllDir unable to walk dir `/home/user/antigravity/typpingchallenge/dataconnect`: lstat /home/user/antigravity/typpingchallenge/dataconnect: no such file or directory
 {"metadata":{"emulator":{"name":"dataconnect"},"message":"E0203 11:36:34.311717    4101 watch.go:116] watchAllDir unable to walk dir `/home/user/antigravity/typpingchallenge/dataconnect`: lstat /home/user/antigravity/typpingchallenge/dataconnect: no such file or directory\n"}}
[debug] [2026-02-03T06:06:44.320Z] E0203 11:36:44.320775    4101 watch.go:40] Failed to load config from "/home/user/antigravity/typpingchallenge/dataconnect": could not find dataconnect.yaml in `/home/user/antigravity/typpingchallenge/dataconnect`
 {"metadata":{"emulator":{"name":"dataconnect"},"message":"E0203 11:36:44.320775    4101 watch.go:40] Failed to load config from \"/home/user/antigravity/typpingchallenge/dataconnect\": could not find dataconnect.yaml in `/home/user/antigravity/typpingchallenge/dataconnect`\n"}}
[debug] [2026-02-03T06:06:54.321Z] E0203 11:36:54.320784    4101 watch.go:40] Failed to load config from "/home/user/antigravity/typpingchallenge/dataconnect": could not find dataconnect.yaml in `/home/user/antigravity/typpingchallenge/dataconnect`
 {"metadata":{"emulator":{"name":"dataconnect"},"message":"E0203 11:36:54.320784    4101 watch.go:40] Failed to load config from \"/home/user/antigravity/typpingchallenge/dataconnect\": could not find dataconnect.yaml in `/home/user/antigravity/typpingchallenge/dataconnect`\n"}}
[debug] [2026-02-03T06:07:04.314Z] E0203 11:37:04.313823    4101 watch.go:40] Failed to load config from "/home/user/antigravity/typpingchallenge/dataconnect": could not find dataconnect.yaml in `/home/user/antigravity/typpingchallenge/dataconnect`
 {"metadata":{"emulator":{"name":"dataconnect"},"message":"E0203 11:37:04.313823    4101 watch.go:40] Failed to load config from \"/home/user/antigravity/typpingchallenge/dataconnect\": could not find dataconnect.yaml in `/home/user/antigravity/typpingchallenge/dataconnect`\n"}}
[debug] [2026-02-03T06:07:14.320Z] E0203 11:37:14.320773    4101 watch.go:40] Failed to load config from "/home/user/antigravity/typpingchallenge/dataconnect": could not find dataconnect.yaml in `/home/user/antigravity/typpingchallenge/dataconnect`
 {"metadata":{"emulator":{"name":"dataconnect"},"message":"E0203 11:37:14.320773    4101 watch.go:40] Failed to load config from \"/home/user/antigravity/typpingchallenge/dataconnect\": could not find dataconnect.yaml in `/home/user/antigravity/typpingchallenge/dataconnect`\n"}}
[debug] [2026-02-03T06:07:24.321Z] E0203 11:37:24.320755    4101 watch.go:40] Failed to load config from "/home/user/antigravity/typpingchallenge/dataconnect": could not find dataconnect.yaml in `/home/user/antigravity/typpingchallenge/dataconnect`
 {"metadata":{"emulator":{"name":"dataconnect"},"message":"E0203 11:37:24.320755    4101 watch.go:40] Failed to load config from \"/home/user/antigravity/typpingchallenge/dataconnect\": could not find dataconnect.yaml in `/home/user/antigravity/typpingchallenge/dataconnect`\n"}}
[debug] [2026-02-03T06:07:34.312Z] E0203 11:37:34.312104    4101 watch.go:116] watchAllDir unable to walk dir `/home/user/antigravity/typpingchallenge/dataconnect`: lstat /home/user/antigravity/typpingchallenge/dataconnect: no such file or directory
E0203 11:37:34.312285    4101 watch.go:40] Failed to load config from "/home/user/antigravity/typpingchallenge/dataconnect": could not find dataconnect.yaml in `/home/user/antigravity/typpingchallenge/dataconnect`
 {"metadata":{"emulator":{"name":"dataconnect"},"message":"E0203 11:37:34.312104    4101 watch.go:116] watchAllDir unable to walk dir `/home/user/antigravity/typpingchallenge/dataconnect`: lstat /home/user/antigravity/typpingchallenge/dataconnect: no such file or directory\nE0203 11:37:34.312285    4101 watch.go:40] Failed to load config from \"/home/user/antigravity/typpingchallenge/dataconnect\": could not find dataconnect.yaml in `/home/user/antigravity/typpingchallenge/dataconnect`\n"}}
[debug] [2026-02-03T06:07:44.321Z] E0203 11:37:44.320776    4101 watch.go:40] Failed to load config from "/home/user/antigravity/typpingchallenge/dataconnect": could not find dataconnect.yaml in `/home/user/antigravity/typpingchallenge/dataconnect`
 {"metadata":{"emulator":{"name":"dataconnect"},"message":"E0203 11:37:44.320776    4101 watch.go:40] Failed to load config from \"/home/user/antigravity/typpingchallenge/dataconnect\": could not find dataconnect.yaml in `/home/user/antigravity/typpingchallenge/dataconnect`\n"}}
[debug] [2026-02-03T06:07:54.320Z] E0203 11:37:54.320781    4101 watch.go:40] Failed to load config from "/home/user/antigravity/typpingchallenge/dataconnect": could not find dataconnect.yaml in `/home/user/antigravity/typpingchallenge/dataconnect`
 {"metadata":{"emulator":{"name":"dataconnect"},"message":"E0203 11:37:54.320781    4101 watch.go:40] Failed to load config from \"/home/user/antigravity/typpingchallenge/dataconnect\": could not find dataconnect.yaml in `/home/user/antigravity/typpingchallenge/dataconnect`\n"}}
[debug] [2026-02-03T06:08:04.312Z] E0203 11:38:04.311941    4101 watch.go:40] Failed to load config from "/home/user/antigravity/typpingchallenge/dataconnect": could not find dataconnect.yaml in `/home/user/antigravity/typpingchallenge/dataconnect`
 {"metadata":{"emulator":{"name":"dataconnect"},"message":"E0203 11:38:04.311941    4101 watch.go:40] Failed to load config from \"/home/user/antigravity/typpingchallenge/dataconnect\": could not find dataconnect.yaml in `/home/user/antigravity/typpingchallenge/dataconnect`\n"}}
[debug] [2026-02-03T06:08:14.321Z] E0203 11:38:14.321230    4101 watch.go:40] Failed to load config from "/home/user/antigravity/typpingchallenge/dataconnect": could not find dataconnect.yaml in `/home/user/antigravity/typpingchallenge/dataconnect`
 {"metadata":{"emulator":{"name":"dataconnect"},"message":"E0203 11:38:14.321230    4101 watch.go:40] Failed to load config from \"/home/user/antigravity/typpingchallenge/dataconnect\": could not find dataconnect.yaml in `/home/user/antigravity/typpingchallenge/dataconnect`\n"}}
[debug] [2026-02-03T06:08:24.321Z] E0203 11:38:24.320781    4101 watch.go:40] Failed to load config from "/home/user/antigravity/typpingchallenge/dataconnect": could not find dataconnect.yaml in `/home/user/antigravity/typpingchallenge/dataconnect`
 {"metadata":{"emulator":{"name":"dataconnect"},"message":"E0203 11:38:24.320781    4101 watch.go:40] Failed to load config from \"/home/user/antigravity/typpingchallenge/dataconnect\": could not find dataconnect.yaml in `/home/user/antigravity/typpingchallenge/dataconnect`\n"}}
[debug] [2026-02-03T06:08:34.312Z] E0203 11:38:34.312249    4101 watch.go:116] watchAllDir unable to walk dir `/home/user/antigravity/typpingchallenge/dataconnect`: lstat /home/user/antigravity/typpingchallenge/dataconnect: no such file or directory
E0203 11:38:34.312283    4101 watch.go:40] Failed to load config from "/home/user/antigravity/typpingchallenge/dataconnect": could not find dataconnect.yaml in `/home/user/antigravity/typpingchallenge/dataconnect`
 {"metadata":{"emulator":{"name":"dataconnect"},"message":"E0203 11:38:34.312249    4101 watch.go:116] watchAllDir unable to walk dir `/home/user/antigravity/typpingchallenge/dataconnect`: lstat /home/user/antigravity/typpingchallenge/dataconnect: no such file or directory\nE0203 11:38:34.312283    4101 watch.go:40] Failed to load config from \"/home/user/antigravity/typpingchallenge/dataconnect\": could not find dataconnect.yaml in `/home/user/antigravity/typpingchallenge/dataconnect`\n"}}
[debug] [2026-02-03T06:08:44.312Z] E0203 11:38:44.311783    4101 watch.go:40] Failed to load config from "/home/user/antigravity/typpingchallenge/dataconnect": could not find dataconnect.yaml in `/home/user/antigravity/typpingchallenge/dataconnect`
 {"metadata":{"emulator":{"name":"dataconnect"},"message":"E0203 11:38:44.311783    4101 watch.go:40] Failed to load config from \"/home/user/antigravity/typpingchallenge/dataconnect\": could not find dataconnect.yaml in `/home/user/antigravity/typpingchallenge/dataconnect`\n"}}
[debug] [2026-02-03T06:08:54.321Z] E0203 11:38:54.320750    4101 watch.go:40] Failed to load config from "/home/user/antigravity/typpingchallenge/dataconnect": could not find dataconnect.yaml in `/home/user/antigravity/typpingchallenge/dataconnect`
 {"metadata":{"emulator":{"name":"dataconnect"},"message":"E0203 11:38:54.320750    4101 watch.go:40] Failed to load config from \"/home/user/antigravity/typpingchallenge/dataconnect\": could not find dataconnect.yaml in `/home/user/antigravity/typpingchallenge/dataconnect`\n"}}
[debug] [2026-02-03T06:09:04.312Z] E0203 11:39:04.312125    4101 watch.go:40] Failed to load config from "/home/user/antigravity/typpingchallenge/dataconnect": could not find dataconnect.yaml in `/home/user/antigravity/typpingchallenge/dataconnect`
 {"metadata":{"emulator":{"name":"dataconnect"},"message":"E0203 11:39:04.312125    4101 watch.go:40] Failed to load config from \"/home/user/antigravity/typpingchallenge/dataconnect\": could not find dataconnect.yaml in `/home/user/antigravity/typpingchallenge/dataconnect`\n"}}
[debug] [2026-02-03T06:09:14.321Z] E0203 11:39:14.320787    4101 watch.go:40] Failed to load config from "/home/user/antigravity/typpingchallenge/dataconnect": could not find dataconnect.yaml in `/home/user/antigravity/typpingchallenge/dataconnect`
 {"metadata":{"emulator":{"name":"dataconnect"},"message":"E0203 11:39:14.320787    4101 watch.go:40] Failed to load config from \"/home/user/antigravity/typpingchallenge/dataconnect\": could not find dataconnect.yaml in `/home/user/antigravity/typpingchallenge/dataconnect`\n"}}
[debug] [2026-02-03T06:09:24.321Z] E0203 11:39:24.320836    4101 watch.go:40] Failed to load config from "/home/user/antigravity/typpingchallenge/dataconnect": could not find dataconnect.yaml in `/home/user/antigravity/typpingchallenge/dataconnect`
 {"metadata":{"emulator":{"name":"dataconnect"},"message":"E0203 11:39:24.320836    4101 watch.go:40] Failed to load config from \"/home/user/antigravity/typpingchallenge/dataconnect\": could not find dataconnect.yaml in `/home/user/antigravity/typpingchallenge/dataconnect`\n"}}
[debug] [2026-02-03T06:09:34.312Z] E0203 11:39:34.311899    4101 watch.go:116] watchAllDir unable to walk dir `/home/user/antigravity/typpingchallenge/dataconnect`: lstat /home/user/antigravity/typpingchallenge/dataconnect: no such file or directory
E0203 11:39:34.311957    4101 watch.go:40] Failed to load config from "/home/user/antigravity/typpingchallenge/dataconnect": could not find dataconnect.yaml in `/home/user/antigravity/typpingchallenge/dataconnect`
 {"metadata":{"emulator":{"name":"dataconnect"},"message":"E0203 11:39:34.311899    4101 watch.go:116] watchAllDir unable to walk dir `/home/user/antigravity/typpingchallenge/dataconnect`: lstat /home/user/antigravity/typpingchallenge/dataconnect: no such file or directory\nE0203 11:39:34.311957    4101 watch.go:40] Failed to load config from \"/home/user/antigravity/typpingchallenge/dataconnect\": could not find dataconnect.yaml in `/home/user/antigravity/typpingchallenge/dataconnect`\n"}}
[debug] [2026-02-03T06:09:44.321Z] E0203 11:39:44.320775    4101 watch.go:40] Failed to load config from "/home/user/antigravity/typpingchallenge/dataconnect": could not find dataconnect.yaml in `/home/user/antigravity/typpingchallenge/dataconnect`
 {"metadata":{"emulator":{"name":"dataconnect"},"message":"E0203 11:39:44.320775    4101 watch.go:40] Failed to load config from \"/home/user/antigravity/typpingchallenge/dataconnect\": could not find dataconnect.yaml in `/home/user/antigravity/typpingchallenge/dataconnect`\n"}}
[debug] [2026-02-03T06:09:54.321Z] E0203 11:39:54.320811    4101 watch.go:40] Failed to load config from "/home/user/antigravity/typpingchallenge/dataconnect": could not find dataconnect.yaml in `/home/user/antigravity/typpingchallenge/dataconnect`
 {"metadata":{"emulator":{"name":"dataconnect"},"message":"E0203 11:39:54.320811    4101 watch.go:40] Failed to load config from \"/home/user/antigravity/typpingchallenge/dataconnect\": could not find dataconnect.yaml in `/home/user/antigravity/typpingchallenge/dataconnect`\n"}}
[debug] [2026-02-03T06:10:04.312Z] E0203 11:40:04.312029    4101 watch.go:40] Failed to load config from "/home/user/antigravity/typpingchallenge/dataconnect": could not find dataconnect.yaml in `/home/user/antigravity/typpingchallenge/dataconnect`
 {"metadata":{"emulator":{"name":"dataconnect"},"message":"E0203 11:40:04.312029    4101 watch.go:40] Failed to load config from \"/home/user/antigravity/typpingchallenge/dataconnect\": could not find dataconnect.yaml in `/home/user/antigravity/typpingchallenge/dataconnect`\n"}}
[debug] [2026-02-03T06:10:14.321Z] E0203 11:40:14.320781    4101 watch.go:40] Failed to load config from "/home/user/antigravity/typpingchallenge/dataconnect": could not find dataconnect.yaml in `/home/user/antigravity/typpingchallenge/dataconnect`
 {"metadata":{"emulator":{"name":"dataconnect"},"message":"E0203 11:40:14.320781    4101 watch.go:40] Failed to load config from \"/home/user/antigravity/typpingchallenge/dataconnect\": could not find dataconnect.yaml in `/home/user/antigravity/typpingchallenge/dataconnect`\n"}}
[debug] [2026-02-03T06:10:24.320Z] E0203 11:40:24.320698    4101 watch.go:40] Failed to load config from "/home/user/antigravity/typpingchallenge/dataconnect": could not find dataconnect.yaml in `/home/user/antigravity/typpingchallenge/dataconnect`
 {"metadata":{"emulator":{"name":"dataconnect"},"message":"E0203 11:40:24.320698    4101 watch.go:40] Failed to load config from \"/home/user/antigravity/typpingchallenge/dataconnect\": could not find dataconnect.yaml in `/home/user/antigravity/typpingchallenge/dataconnect`\n"}}
[debug] [2026-02-03T06:10:34.312Z] E0203 11:40:34.311985    4101 watch.go:116] watchAllDir unable to walk dir `/home/user/antigravity/typpingchallenge/dataconnect`: lstat /home/user/antigravity/typpingchallenge/dataconnect: no such file or directory
E0203 11:40:34.312075    4101 watch.go:40] Failed to load config from "/home/user/antigravity/typpingchallenge/dataconnect": could not find dataconnect.yaml in `/home/user/antigravity/typpingchallenge/dataconnect`
 {"metadata":{"emulator":{"name":"dataconnect"},"message":"E0203 11:40:34.311985    4101 watch.go:116] watchAllDir unable to walk dir `/home/user/antigravity/typpingchallenge/dataconnect`: lstat /home/user/antigravity/typpingchallenge/dataconnect: no such file or directory\nE0203 11:40:34.312075    4101 watch.go:40] Failed to load config from \"/home/user/antigravity/typpingchallenge/dataconnect\": could not find dataconnect.yaml in `/home/user/antigravity/typpingchallenge/dataconnect`\n"}}
[debug] [2026-02-03T06:10:44.312Z] E0203 11:40:44.312189    4101 watch.go:40] Failed to load config from "/home/user/antigravity/typpingchallenge/dataconnect": could not find dataconnect.yaml in `/home/user/antigravity/typpingchallenge/dataconnect`
 {"metadata":{"emulator":{"name":"dataconnect"},"message":"E0203 11:40:44.312189    4101 watch.go:40] Failed to load config from \"/home/user/antigravity/typpingchallenge/dataconnect\": could not find dataconnect.yaml in `/home/user/antigravity/typpingchallenge/dataconnect`\n"}}
[debug] [2026-02-03T06:10:54.312Z] E0203 11:40:54.311834    4101 watch.go:40] Failed to load config from "/home/user/antigravity/typpingchallenge/dataconnect": could not find dataconnect.yaml in `/home/user/antigravity/typpingchallenge/dataconnect`
 {"metadata":{"emulator":{"name":"dataconnect"},"message":"E0203 11:40:54.311834    4101 watch.go:40] Failed to load config from \"/home/user/antigravity/typpingchallenge/dataconnect\": could not find dataconnect.yaml in `/home/user/antigravity/typpingchallenge/dataconnect`\n"}}
[debug] [2026-02-03T06:11:04.312Z] E0203 11:41:04.311902    4101 watch.go:40] Failed to load config from "/home/user/antigravity/typpingchallenge/dataconnect": could not find dataconnect.yaml in `/home/user/antigravity/typpingchallenge/dataconnect`
 {"metadata":{"emulator":{"name":"dataconnect"},"message":"E0203 11:41:04.311902    4101 watch.go:40] Failed to load config from \"/home/user/antigravity/typpingchallenge/dataconnect\": could not find dataconnect.yaml in `/home/user/antigravity/typpingchallenge/dataconnect`\n"}}
[debug] [2026-02-03T06:11:14.321Z] E0203 11:41:14.320775    4101 watch.go:40] Failed to load config from "/home/user/antigravity/typpingchallenge/dataconnect": could not find dataconnect.yaml in `/home/user/antigravity/typpingchallenge/dataconnect`
 {"metadata":{"emulator":{"name":"dataconnect"},"message":"E0203 11:41:14.320775    4101 watch.go:40] Failed to load config from \"/home/user/antigravity/typpingchallenge/dataconnect\": could not find dataconnect.yaml in `/home/user/antigravity/typpingchallenge/dataconnect`\n"}}
[debug] [2026-02-03T06:11:24.322Z] E0203 11:41:24.321032    4101 watch.go:40] Failed to load config from "/home/user/antigravity/typpingchallenge/dataconnect": could not find dataconnect.yaml in `/home/user/antigravity/typpingchallenge/dataconnect`
 {"metadata":{"emulator":{"name":"dataconnect"},"message":"E0203 11:41:24.321032    4101 watch.go:40] Failed to load config from \"/home/user/antigravity/typpingchallenge/dataconnect\": could not find dataconnect.yaml in `/home/user/antigravity/typpingchallenge/dataconnect`\n"}}
[debug] [2026-02-03T06:11:34.312Z] E0203 11:41:34.311948    4101 watch.go:116] watchAllDir unable to walk dir `/home/user/antigravity/typpingchallenge/dataconnect`: lstat /home/user/antigravity/typpingchallenge/dataconnect: no such file or directory
E0203 11:41:34.312053    4101 watch.go:40] Failed to load config from "/home/user/antigravity/typpingchallenge/dataconnect": could not find dataconnect.yaml in `/home/user/antigravity/typpingchallenge/dataconnect`
 {"metadata":{"emulator":{"name":"dataconnect"},"message":"E0203 11:41:34.311948    4101 watch.go:116] watchAllDir unable to walk dir `/home/user/antigravity/typpingchallenge/dataconnect`: lstat /home/user/antigravity/typpingchallenge/dataconnect: no such file or directory\nE0203 11:41:34.312053    4101 watch.go:40] Failed to load config from \"/home/user/antigravity/typpingchallenge/dataconnect\": could not find dataconnect.yaml in `/home/user/antigravity/typpingchallenge/dataconnect`\n"}}
[debug] [2026-02-03T06:11:44.321Z] E0203 11:41:44.320863    4101 watch.go:40] Failed to load config from "/home/user/antigravity/typpingchallenge/dataconnect": could not find dataconnect.yaml in `/home/user/antigravity/typpingchallenge/dataconnect`
 {"metadata":{"emulator":{"name":"dataconnect"},"message":"E0203 11:41:44.320863    4101 watch.go:40] Failed to load config from \"/home/user/antigravity/typpingchallenge/dataconnect\": could not find dataconnect.yaml in `/home/user/antigravity/typpingchallenge/dataconnect`\n"}}
[debug] [2026-02-03T06:11:54.321Z] E0203 11:41:54.320837    4101 watch.go:40] Failed to load config from "/home/user/antigravity/typpingchallenge/dataconnect": could not find dataconnect.yaml in `/home/user/antigravity/typpingchallenge/dataconnect`
 {"metadata":{"emulator":{"name":"dataconnect"},"message":"E0203 11:41:54.320837    4101 watch.go:40] Failed to load config from \"/home/user/antigravity/typpingchallenge/dataconnect\": could not find dataconnect.yaml in `/home/user/antigravity/typpingchallenge/dataconnect`\n"}}
[debug] [2026-02-03T06:12:04.312Z] E0203 11:42:04.311916    4101 watch.go:40] Failed to load config from "/home/user/antigravity/typpingchallenge/dataconnect": could not find dataconnect.yaml in `/home/user/antigravity/typpingchallenge/dataconnect`
 {"metadata":{"emulator":{"name":"dataconnect"},"message":"E0203 11:42:04.311916    4101 watch.go:40] Failed to load config from \"/home/user/antigravity/typpingchallenge/dataconnect\": could not find dataconnect.yaml in `/home/user/antigravity/typpingchallenge/dataconnect`\n"}}
[debug] [2026-02-03T06:12:14.321Z] E0203 11:42:14.320852    4101 watch.go:40] Failed to load config from "/home/user/antigravity/typpingchallenge/dataconnect": could not find dataconnect.yaml in `/home/user/antigravity/typpingchallenge/dataconnect`
 {"metadata":{"emulator":{"name":"dataconnect"},"message":"E0203 11:42:14.320852    4101 watch.go:40] Failed to load config from \"/home/user/antigravity/typpingchallenge/dataconnect\": could not find dataconnect.yaml in `/home/user/antigravity/typpingchallenge/dataconnect`\n"}}
[debug] [2026-02-03T06:12:24.320Z] E0203 11:42:24.320745    4101 watch.go:40] Failed to load config from "/home/user/antigravity/typpingchallenge/dataconnect": could not find dataconnect.yaml in `/home/user/antigravity/typpingchallenge/dataconnect`
 {"metadata":{"emulator":{"name":"dataconnect"},"message":"E0203 11:42:24.320745    4101 watch.go:40] Failed to load config from \"/home/user/antigravity/typpingchallenge/dataconnect\": could not find dataconnect.yaml in `/home/user/antigravity/typpingchallenge/dataconnect`\n"}}
[debug] [2026-02-03T06:12:34.312Z] E0203 11:42:34.311971    4101 watch.go:116] watchAllDir unable to walk dir `/home/user/antigravity/typpingchallenge/dataconnect`: lstat /home/user/antigravity/typpingchallenge/dataconnect: no such file or directory
E0203 11:42:34.312058    4101 watch.go:40] Failed to load config from "/home/user/antigravity/typpingchallenge/dataconnect": could not find dataconnect.yaml in `/home/user/antigravity/typpingchallenge/dataconnect`
 {"metadata":{"emulator":{"name":"dataconnect"},"message":"E0203 11:42:34.311971    4101 watch.go:116] watchAllDir unable to walk dir `/home/user/antigravity/typpingchallenge/dataconnect`: lstat /home/user/antigravity/typpingchallenge/dataconnect: no such file or directory\nE0203 11:42:34.312058    4101 watch.go:40] Failed to load config from \"/home/user/antigravity/typpingchallenge/dataconnect\": could not find dataconnect.yaml in `/home/user/antigravity/typpingchallenge/dataconnect`\n"}}
[debug] [2026-02-03T06:12:44.321Z] E0203 11:42:44.320764    4101 watch.go:40] Failed to load config from "/home/user/antigravity/typpingchallenge/dataconnect": could not find dataconnect.yaml in `/home/user/antigravity/typpingchallenge/dataconnect`
 {"metadata":{"emulator":{"name":"dataconnect"},"message":"E0203 11:42:44.320764    4101 watch.go:40] Failed to load config from \"/home/user/antigravity/typpingchallenge/dataconnect\": could not find dataconnect.yaml in `/home/user/antigravity/typpingchallenge/dataconnect`\n"}}
[debug] [2026-02-03T06:12:54.312Z] E0203 11:42:54.312270    4101 watch.go:40] Failed to load config from "/home/user/antigravity/typpingchallenge/dataconnect": could not find dataconnect.yaml in `/home/user/antigravity/typpingchallenge/dataconnect`
 {"metadata":{"emulator":{"name":"dataconnect"},"message":"E0203 11:42:54.312270    4101 watch.go:40] Failed to load config from \"/home/user/antigravity/typpingchallenge/dataconnect\": could not find dataconnect.yaml in `/home/user/antigravity/typpingchallenge/dataconnect`\n"}}
[debug] [2026-02-03T06:13:04.312Z] E0203 11:43:04.311939    4101 watch.go:40] Failed to load config from "/home/user/antigravity/typpingchallenge/dataconnect": could not find dataconnect.yaml in `/home/user/antigravity/typpingchallenge/dataconnect`
 {"metadata":{"emulator":{"name":"dataconnect"},"message":"E0203 11:43:04.311939    4101 watch.go:40] Failed to load config from \"/home/user/antigravity/typpingchallenge/dataconnect\": could not find dataconnect.yaml in `/home/user/antigravity/typpingchallenge/dataconnect`\n"}}
[debug] [2026-02-03T06:13:14.321Z] E0203 11:43:14.320842    4101 watch.go:40] Failed to load config from "/home/user/antigravity/typpingchallenge/dataconnect": could not find dataconnect.yaml in `/home/user/antigravity/typpingchallenge/dataconnect`
 {"metadata":{"emulator":{"name":"dataconnect"},"message":"E0203 11:43:14.320842    4101 watch.go:40] Failed to load config from \"/home/user/antigravity/typpingchallenge/dataconnect\": could not find dataconnect.yaml in `/home/user/antigravity/typpingchallenge/dataconnect`\n"}}
[debug] [2026-02-03T06:13:24.321Z] E0203 11:43:24.320832    4101 watch.go:40] Failed to load config from "/home/user/antigravity/typpingchallenge/dataconnect": could not find dataconnect.yaml in `/home/user/antigravity/typpingchallenge/dataconnect`
 {"metadata":{"emulator":{"name":"dataconnect"},"message":"E0203 11:43:24.320832    4101 watch.go:40] Failed to load config from \"/home/user/antigravity/typpingchallenge/dataconnect\": could not find dataconnect.yaml in `/home/user/antigravity/typpingchallenge/dataconnect`\n"}}
[debug] [2026-02-03T06:13:34.312Z] E0203 11:43:34.311986    4101 watch.go:40] Failed to load config from "/home/user/antigravity/typpingchallenge/dataconnect": could not find dataconnect.yaml in `/home/user/antigravity/typpingchallenge/dataconnect`
E0203 11:43:34.311903    4101 watch.go:116] watchAllDir unable to walk dir `/home/user/antigravity/typpingchallenge/dataconnect`: lstat /home/user/antigravity/typpingchallenge/dataconnect: no such file or directory
 {"metadata":{"emulator":{"name":"dataconnect"},"message":"E0203 11:43:34.311986    4101 watch.go:40] Failed to load config from \"/home/user/antigravity/typpingchallenge/dataconnect\": could not find dataconnect.yaml in `/home/user/antigravity/typpingchallenge/dataconnect`\nE0203 11:43:34.311903    4101 watch.go:116] watchAllDir unable to walk dir `/home/user/antigravity/typpingchallenge/dataconnect`: lstat /home/user/antigravity/typpingchallenge/dataconnect: no such file or directory\n"}}
[debug] [2026-02-03T06:13:44.321Z] E0203 11:43:44.321015    4101 watch.go:40] Failed to load config from "/home/user/antigravity/typpingchallenge/dataconnect": could not find dataconnect.yaml in `/home/user/antigravity/typpingchallenge/dataconnect`
 {"metadata":{"emulator":{"name":"dataconnect"},"message":"E0203 11:43:44.321015    4101 watch.go:40] Failed to load config from \"/home/user/antigravity/typpingchallenge/dataconnect\": could not find dataconnect.yaml in `/home/user/antigravity/typpingchallenge/dataconnect`\n"}}
[debug] [2026-02-03T06:13:54.321Z] E0203 11:43:54.320802    4101 watch.go:40] Failed to load config from "/home/user/antigravity/typpingchallenge/dataconnect": could not find dataconnect.yaml in `/home/user/antigravity/typpingchallenge/dataconnect`
 {"metadata":{"emulator":{"name":"dataconnect"},"message":"E0203 11:43:54.320802    4101 watch.go:40] Failed to load config from \"/home/user/antigravity/typpingchallenge/dataconnect\": could not find dataconnect.yaml in `/home/user/antigravity/typpingchallenge/dataconnect`\n"}}
[debug] [2026-02-03T06:14:04.313Z] E0203 11:44:04.312298    4101 watch.go:40] Failed to load config from "/home/user/antigravity/typpingchallenge/dataconnect": could not find dataconnect.yaml in `/home/user/antigravity/typpingchallenge/dataconnect`
 {"metadata":{"emulator":{"name":"dataconnect"},"message":"E0203 11:44:04.312298    4101 watch.go:40] Failed to load config from \"/home/user/antigravity/typpingchallenge/dataconnect\": could not find dataconnect.yaml in `/home/user/antigravity/typpingchallenge/dataconnect`\n"}}
[debug] [2026-02-03T06:14:14.312Z] E0203 11:44:14.312734    4101 watch.go:40] Failed to load config from "/home/user/antigravity/typpingchallenge/dataconnect": could not find dataconnect.yaml in `/home/user/antigravity/typpingchallenge/dataconnect`
 {"metadata":{"emulator":{"name":"dataconnect"},"message":"E0203 11:44:14.312734    4101 watch.go:40] Failed to load config from \"/home/user/antigravity/typpingchallenge/dataconnect\": could not find dataconnect.yaml in `/home/user/antigravity/typpingchallenge/dataconnect`\n"}}
[debug] [2026-02-03T06:14:24.320Z] E0203 11:44:24.320718    4101 watch.go:40] Failed to load config from "/home/user/antigravity/typpingchallenge/dataconnect": could not find dataconnect.yaml in `/home/user/antigravity/typpingchallenge/dataconnect`
 {"metadata":{"emulator":{"name":"dataconnect"},"message":"E0203 11:44:24.320718    4101 watch.go:40] Failed to load config from \"/home/user/antigravity/typpingchallenge/dataconnect\": could not find dataconnect.yaml in `/home/user/antigravity/typpingchallenge/dataconnect`\n"}}
[debug] [2026-02-03T06:14:34.312Z] E0203 11:44:34.311858    4101 watch.go:116] watchAllDir unable to walk dir `/home/user/antigravity/typpingchallenge/dataconnect`: lstat /home/user/antigravity/typpingchallenge/dataconnect: no such file or directory
E0203 11:44:34.311943    4101 watch.go:40] Failed to load config from "/home/user/antigravity/typpingchallenge/dataconnect": could not find dataconnect.yaml in `/home/user/antigravity/typpingchallenge/dataconnect`
 {"metadata":{"emulator":{"name":"dataconnect"},"message":"E0203 11:44:34.311858    4101 watch.go:116] watchAllDir unable to walk dir `/home/user/antigravity/typpingchallenge/dataconnect`: lstat /home/user/antigravity/typpingchallenge/dataconnect: no such file or directory\nE0203 11:44:34.311943    4101 watch.go:40] Failed to load config from \"/home/user/antigravity/typpingchallenge/dataconnect\": could not find dataconnect.yaml in `/home/user/antigravity/typpingchallenge/dataconnect`\n"}}
[debug] [2026-02-03T06:14:44.320Z] E0203 11:44:44.320704    4101 watch.go:40] Failed to load config from "/home/user/antigravity/typpingchallenge/dataconnect": could not find dataconnect.yaml in `/home/user/antigravity/typpingchallenge/dataconnect`
 {"metadata":{"emulator":{"name":"dataconnect"},"message":"E0203 11:44:44.320704    4101 watch.go:40] Failed to load config from \"/home/user/antigravity/typpingchallenge/dataconnect\": could not find dataconnect.yaml in `/home/user/antigravity/typpingchallenge/dataconnect`\n"}}
[debug] [2026-02-03T06:14:54.320Z] E0203 11:44:54.320713    4101 watch.go:40] Failed to load config from "/home/user/antigravity/typpingchallenge/dataconnect": could not find dataconnect.yaml in `/home/user/antigravity/typpingchallenge/dataconnect`
 {"metadata":{"emulator":{"name":"dataconnect"},"message":"E0203 11:44:54.320713    4101 watch.go:40] Failed to load config from \"/home/user/antigravity/typpingchallenge/dataconnect\": could not find dataconnect.yaml in `/home/user/antigravity/typpingchallenge/dataconnect`\n"}}
[debug] [2026-02-03T06:15:04.311Z] E0203 11:45:04.311775    4101 watch.go:40] Failed to load config from "/home/user/antigravity/typpingchallenge/dataconnect": could not find dataconnect.yaml in `/home/user/antigravity/typpingchallenge/dataconnect`
 {"metadata":{"emulator":{"name":"dataconnect"},"message":"E0203 11:45:04.311775    4101 watch.go:40] Failed to load config from \"/home/user/antigravity/typpingchallenge/dataconnect\": could not find dataconnect.yaml in `/home/user/antigravity/typpingchallenge/dataconnect`\n"}}
[debug] [2026-02-03T06:15:14.320Z] E0203 11:45:14.320700    4101 watch.go:40] Failed to load config from "/home/user/antigravity/typpingchallenge/dataconnect": could not find dataconnect.yaml in `/home/user/antigravity/typpingchallenge/dataconnect`
 {"metadata":{"emulator":{"name":"dataconnect"},"message":"E0203 11:45:14.320700    4101 watch.go:40] Failed to load config from \"/home/user/antigravity/typpingchallenge/dataconnect\": could not find dataconnect.yaml in `/home/user/antigravity/typpingchallenge/dataconnect`\n"}}
[debug] [2026-02-03T06:15:24.320Z] E0203 11:45:24.320697    4101 watch.go:40] Failed to load config from "/home/user/antigravity/typpingchallenge/dataconnect": could not find dataconnect.yaml in `/home/user/antigravity/typpingchallenge/dataconnect`
 {"metadata":{"emulator":{"name":"dataconnect"},"message":"E0203 11:45:24.320697    4101 watch.go:40] Failed to load config from \"/home/user/antigravity/typpingchallenge/dataconnect\": could not find dataconnect.yaml in `/home/user/antigravity/typpingchallenge/dataconnect`\n"}}
[debug] [2026-02-03T06:15:34.312Z] E0203 11:45:34.311844    4101 watch.go:116] watchAllDir unable to walk dir `/home/user/antigravity/typpingchallenge/dataconnect`: lstat /home/user/antigravity/typpingchallenge/dataconnect: no such file or directory
E0203 11:45:34.311891    4101 watch.go:40] Failed to load config from "/home/user/antigravity/typpingchallenge/dataconnect": could not find dataconnect.yaml in `/home/user/antigravity/typpingchallenge/dataconnect`
 {"metadata":{"emulator":{"name":"dataconnect"},"message":"E0203 11:45:34.311844    4101 watch.go:116] watchAllDir unable to walk dir `/home/user/antigravity/typpingchallenge/dataconnect`: lstat /home/user/antigravity/typpingchallenge/dataconnect: no such file or directory\nE0203 11:45:34.311891    4101 watch.go:40] Failed to load config from \"/home/user/antigravity/typpingchallenge/dataconnect\": could not find dataconnect.yaml in `/home/user/antigravity/typpingchallenge/dataconnect`\n"}}
[debug] [2026-02-03T06:15:44.320Z] E0203 11:45:44.320744    4101 watch.go:40] Failed to load config from "/home/user/antigravity/typpingchallenge/dataconnect": could not find dataconnect.yaml in `/home/user/antigravity/typpingchallenge/dataconnect`
 {"metadata":{"emulator":{"name":"dataconnect"},"message":"E0203 11:45:44.320744    4101 watch.go:40] Failed to load config from \"/home/user/antigravity/typpingchallenge/dataconnect\": could not find dataconnect.yaml in `/home/user/antigravity/typpingchallenge/dataconnect`\n"}}
[debug] [2026-02-03T06:15:53.014Z] [Firebase Plugin] Value of process.env.MONOSPACE_ENV: undefined
[debug] [2026-02-03T06:15:53.015Z] [Firebase Plugin] requireAuthWrapper
[debug] [2026-02-03T06:15:53.017Z] > command requires scopes: ["email","openid","https://www.googleapis.com/auth/cloudplatformprojects.readonly","https://www.googleapis.com/auth/firebase","https://www.googleapis.com/auth/cloud-platform"]
[error] [Firebase Plugin] requireAuth error: Could not load the default credentials. Browse to https://cloud.google.com/docs/authentication/getting-started for more information.
[debug] [2026-02-03T06:15:53.026Z] [Firebase Plugin] Value of process.env.MONOSPACE_ENV: undefined
[debug] [2026-02-03T06:15:53.027Z] [Firebase Plugin] requireAuthWrapper
[debug] [2026-02-03T06:15:53.028Z] > command requires scopes: ["email","openid","https://www.googleapis.com/auth/cloudplatformprojects.readonly","https://www.googleapis.com/auth/firebase","https://www.googleapis.com/auth/cloud-platform"]
[error] [Firebase Plugin] requireAuth error: Could not load the default credentials. Browse to https://cloud.google.com/docs/authentication/getting-started for more information.
[debug] [2026-02-03T06:15:54.320Z] E0203 11:45:54.320724    4101 watch.go:40] Failed to load config from "/home/user/antigravity/typpingchallenge/dataconnect": could not find dataconnect.yaml in `/home/user/antigravity/typpingchallenge/dataconnect`
 {"metadata":{"emulator":{"name":"dataconnect"},"message":"E0203 11:45:54.320724    4101 watch.go:40] Failed to load config from \"/home/user/antigravity/typpingchallenge/dataconnect\": could not find dataconnect.yaml in `/home/user/antigravity/typpingchallenge/dataconnect`\n"}}
[debug] [2026-02-03T06:16:04.312Z] E0203 11:46:04.311922    4101 watch.go:40] Failed to load config from "/home/user/antigravity/typpingchallenge/dataconnect": could not find dataconnect.yaml in `/home/user/antigravity/typpingchallenge/dataconnect`
 {"metadata":{"emulator":{"name":"dataconnect"},"message":"E0203 11:46:04.311922    4101 watch.go:40] Failed to load config from \"/home/user/antigravity/typpingchallenge/dataconnect\": could not find dataconnect.yaml in `/home/user/antigravity/typpingchallenge/dataconnect`\n"}}
[debug] [2026-02-03T06:16:14.321Z] E0203 11:46:14.320893    4101 watch.go:40] Failed to load config from "/home/user/antigravity/typpingchallenge/dataconnect": could not find dataconnect.yaml in `/home/user/antigravity/typpingchallenge/dataconnect`
 {"metadata":{"emulator":{"name":"dataconnect"},"message":"E0203 11:46:14.320893    4101 watch.go:40] Failed to load config from \"/home/user/antigravity/typpingchallenge/dataconnect\": could not find dataconnect.yaml in `/home/user/antigravity/typpingchallenge/dataconnect`\n"}}
[debug] [2026-02-03T06:16:24.321Z] E0203 11:46:24.320937    4101 watch.go:40] Failed to load config from "/home/user/antigravity/typpingchallenge/dataconnect": could not find dataconnect.yaml in `/home/user/antigravity/typpingchallenge/dataconnect`
 {"metadata":{"emulator":{"name":"dataconnect"},"message":"E0203 11:46:24.320937    4101 watch.go:40] Failed to load config from \"/home/user/antigravity/typpingchallenge/dataconnect\": could not find dataconnect.yaml in `/home/user/antigravity/typpingchallenge/dataconnect`\n"}}
[debug] [2026-02-03T06:16:34.312Z] E0203 11:46:34.311924    4101 watch.go:116] watchAllDir unable to walk dir `/home/user/antigravity/typpingchallenge/dataconnect`: lstat /home/user/antigravity/typpingchallenge/dataconnect: no such file or directory
E0203 11:46:34.312015    4101 watch.go:40] Failed to load config from "/home/user/antigravity/typpingchallenge/dataconnect": could not find dataconnect.yaml in `/home/user/antigravity/typpingchallenge/dataconnect`
 {"metadata":{"emulator":{"name":"dataconnect"},"message":"E0203 11:46:34.311924    4101 watch.go:116] watchAllDir unable to walk dir `/home/user/antigravity/typpingchallenge/dataconnect`: lstat /home/user/antigravity/typpingchallenge/dataconnect: no such file or directory\nE0203 11:46:34.312015    4101 watch.go:40] Failed to load config from \"/home/user/antigravity/typpingchallenge/dataconnect\": could not find dataconnect.yaml in `/home/user/antigravity/typpingchallenge/dataconnect`\n"}}
[debug] [2026-02-03T06:16:44.324Z] E0203 11:46:44.320886    4101 watch.go:40] Failed to load config from "/home/user/antigravity/typpingchallenge/dataconnect": could not find dataconnect.yaml in `/home/user/antigravity/typpingchallenge/dataconnect`
 {"metadata":{"emulator":{"name":"dataconnect"},"message":"E0203 11:46:44.320886    4101 watch.go:40] Failed to load config from \"/home/user/antigravity/typpingchallenge/dataconnect\": could not find dataconnect.yaml in `/home/user/antigravity/typpingchallenge/dataconnect`\n"}}
[debug] [2026-02-03T06:16:54.321Z] E0203 11:46:54.320882    4101 watch.go:40] Failed to load config from "/home/user/antigravity/typpingchallenge/dataconnect": could not find dataconnect.yaml in `/home/user/antigravity/typpingchallenge/dataconnect`
 {"metadata":{"emulator":{"name":"dataconnect"},"message":"E0203 11:46:54.320882    4101 watch.go:40] Failed to load config from \"/home/user/antigravity/typpingchallenge/dataconnect\": could not find dataconnect.yaml in `/home/user/antigravity/typpingchallenge/dataconnect`\n"}}
[debug] [2026-02-03T06:17:04.312Z] E0203 11:47:04.312288    4101 watch.go:40] Failed to load config from "/home/user/antigravity/typpingchallenge/dataconnect": could not find dataconnect.yaml in `/home/user/antigravity/typpingchallenge/dataconnect`
 {"metadata":{"emulator":{"name":"dataconnect"},"message":"E0203 11:47:04.312288    4101 watch.go:40] Failed to load config from \"/home/user/antigravity/typpingchallenge/dataconnect\": could not find dataconnect.yaml in `/home/user/antigravity/typpingchallenge/dataconnect`\n"}}
[debug] [2026-02-03T06:17:14.311Z] E0203 11:47:14.311694    4101 watch.go:40] Failed to load config from "/home/user/antigravity/typpingchallenge/dataconnect": could not find dataconnect.yaml in `/home/user/antigravity/typpingchallenge/dataconnect`
 {"metadata":{"emulator":{"name":"dataconnect"},"message":"E0203 11:47:14.311694    4101 watch.go:40] Failed to load config from \"/home/user/antigravity/typpingchallenge/dataconnect\": could not find dataconnect.yaml in `/home/user/antigravity/typpingchallenge/dataconnect`\n"}}
[debug] [2026-02-03T06:17:24.319Z] E0203 11:47:24.319704    4101 watch.go:40] Failed to load config from "/home/user/antigravity/typpingchallenge/dataconnect": could not find dataconnect.yaml in `/home/user/antigravity/typpingchallenge/dataconnect`
 {"metadata":{"emulator":{"name":"dataconnect"},"message":"E0203 11:47:24.319704    4101 watch.go:40] Failed to load config from \"/home/user/antigravity/typpingchallenge/dataconnect\": could not find dataconnect.yaml in `/home/user/antigravity/typpingchallenge/dataconnect`\n"}}
[debug] [2026-02-03T06:17:34.314Z] E0203 11:47:34.311982    4101 watch.go:116] watchAllDir unable to walk dir `/home/user/antigravity/typpingchallenge/dataconnect`: lstat /home/user/antigravity/typpingchallenge/dataconnect: no such file or directory
E0203 11:47:34.312156    4101 watch.go:40] Failed to load config from "/home/user/antigravity/typpingchallenge/dataconnect": could not find dataconnect.yaml in `/home/user/antigravity/typpingchallenge/dataconnect`
 {"metadata":{"emulator":{"name":"dataconnect"},"message":"E0203 11:47:34.311982    4101 watch.go:116] watchAllDir unable to walk dir `/home/user/antigravity/typpingchallenge/dataconnect`: lstat /home/user/antigravity/typpingchallenge/dataconnect: no such file or directory\nE0203 11:47:34.312156    4101 watch.go:40] Failed to load config from \"/home/user/antigravity/typpingchallenge/dataconnect\": could not find dataconnect.yaml in `/home/user/antigravity/typpingchallenge/dataconnect`\n"}}
[debug] [2026-02-03T06:17:44.321Z] E0203 11:47:44.320781    4101 watch.go:40] Failed to load config from "/home/user/antigravity/typpingchallenge/dataconnect": could not find dataconnect.yaml in `/home/user/antigravity/typpingchallenge/dataconnect`
 {"metadata":{"emulator":{"name":"dataconnect"},"message":"E0203 11:47:44.320781    4101 watch.go:40] Failed to load config from \"/home/user/antigravity/typpingchallenge/dataconnect\": could not find dataconnect.yaml in `/home/user/antigravity/typpingchallenge/dataconnect`\n"}}
[debug] [2026-02-03T06:17:54.321Z] E0203 11:47:54.320756    4101 watch.go:40] Failed to load config from "/home/user/antigravity/typpingchallenge/dataconnect": could not find dataconnect.yaml in `/home/user/antigravity/typpingchallenge/dataconnect`
 {"metadata":{"emulator":{"name":"dataconnect"},"message":"E0203 11:47:54.320756    4101 watch.go:40] Failed to load config from \"/home/user/antigravity/typpingchallenge/dataconnect\": could not find dataconnect.yaml in `/home/user/antigravity/typpingchallenge/dataconnect`\n"}}
[debug] [2026-02-03T06:18:04.312Z] E0203 11:48:04.311895    4101 watch.go:40] Failed to load config from "/home/user/antigravity/typpingchallenge/dataconnect": could not find dataconnect.yaml in `/home/user/antigravity/typpingchallenge/dataconnect`
 {"metadata":{"emulator":{"name":"dataconnect"},"message":"E0203 11:48:04.311895    4101 watch.go:40] Failed to load config from \"/home/user/antigravity/typpingchallenge/dataconnect\": could not find dataconnect.yaml in `/home/user/antigravity/typpingchallenge/dataconnect`\n"}}
[debug] [2026-02-03T06:18:14.320Z] E0203 11:48:14.320718    4101 watch.go:40] Failed to load config from "/home/user/antigravity/typpingchallenge/dataconnect": could not find dataconnect.yaml in `/home/user/antigravity/typpingchallenge/dataconnect`
 {"metadata":{"emulator":{"name":"dataconnect"},"message":"E0203 11:48:14.320718    4101 watch.go:40] Failed to load config from \"/home/user/antigravity/typpingchallenge/dataconnect\": could not find dataconnect.yaml in `/home/user/antigravity/typpingchallenge/dataconnect`\n"}}
[debug] [2026-02-03T06:18:24.321Z] E0203 11:48:24.320786    4101 watch.go:40] Failed to load config from "/home/user/antigravity/typpingchallenge/dataconnect": could not find dataconnect.yaml in `/home/user/antigravity/typpingchallenge/dataconnect`
 {"metadata":{"emulator":{"name":"dataconnect"},"message":"E0203 11:48:24.320786    4101 watch.go:40] Failed to load config from \"/home/user/antigravity/typpingchallenge/dataconnect\": could not find dataconnect.yaml in `/home/user/antigravity/typpingchallenge/dataconnect`\n"}}
[debug] [2026-02-03T06:18:34.312Z] E0203 11:48:34.311955    4101 watch.go:116] watchAllDir unable to walk dir `/home/user/antigravity/typpingchallenge/dataconnect`: lstat /home/user/antigravity/typpingchallenge/dataconnect: no such file or directory
E0203 11:48:34.312103    4101 watch.go:40] Failed to load config from "/home/user/antigravity/typpingchallenge/dataconnect": could not find dataconnect.yaml in `/home/user/antigravity/typpingchallenge/dataconnect`
 {"metadata":{"emulator":{"name":"dataconnect"},"message":"E0203 11:48:34.311955    4101 watch.go:116] watchAllDir unable to walk dir `/home/user/antigravity/typpingchallenge/dataconnect`: lstat /home/user/antigravity/typpingchallenge/dataconnect: no such file or directory\nE0203 11:48:34.312103    4101 watch.go:40] Failed to load config from \"/home/user/antigravity/typpingchallenge/dataconnect\": could not find dataconnect.yaml in `/home/user/antigravity/typpingchallenge/dataconnect`\n"}}
[debug] [2026-02-03T06:18:44.321Z] E0203 11:48:44.320832    4101 watch.go:40] Failed to load config from "/home/user/antigravity/typpingchallenge/dataconnect": could not find dataconnect.yaml in `/home/user/antigravity/typpingchallenge/dataconnect`
 {"metadata":{"emulator":{"name":"dataconnect"},"message":"E0203 11:48:44.320832    4101 watch.go:40] Failed to load config from \"/home/user/antigravity/typpingchallenge/dataconnect\": could not find dataconnect.yaml in `/home/user/antigravity/typpingchallenge/dataconnect`\n"}}
[debug] [2026-02-03T06:18:54.321Z] E0203 11:48:54.320808    4101 watch.go:40] Failed to load config from "/home/user/antigravity/typpingchallenge/dataconnect": could not find dataconnect.yaml in `/home/user/antigravity/typpingchallenge/dataconnect`
 {"metadata":{"emulator":{"name":"dataconnect"},"message":"E0203 11:48:54.320808    4101 watch.go:40] Failed to load config from \"/home/user/antigravity/typpingchallenge/dataconnect\": could not find dataconnect.yaml in `/home/user/antigravity/typpingchallenge/dataconnect`\n"}}
[debug] [2026-02-03T06:19:04.312Z] E0203 11:49:04.312004    4101 watch.go:40] Failed to load config from "/home/user/antigravity/typpingchallenge/dataconnect": could not find dataconnect.yaml in `/home/user/antigravity/typpingchallenge/dataconnect`
 {"metadata":{"emulator":{"name":"dataconnect"},"message":"E0203 11:49:04.312004    4101 watch.go:40] Failed to load config from \"/home/user/antigravity/typpingchallenge/dataconnect\": could not find dataconnect.yaml in `/home/user/antigravity/typpingchallenge/dataconnect`\n"}}
[debug] [2026-02-03T06:19:14.313Z] E0203 11:49:14.312910    4101 watch.go:40] Failed to load config from "/home/user/antigravity/typpingchallenge/dataconnect": could not find dataconnect.yaml in `/home/user/antigravity/typpingchallenge/dataconnect`
 {"metadata":{"emulator":{"name":"dataconnect"},"message":"E0203 11:49:14.312910    4101 watch.go:40] Failed to load config from \"/home/user/antigravity/typpingchallenge/dataconnect\": could not find dataconnect.yaml in `/home/user/antigravity/typpingchallenge/dataconnect`\n"}}
[debug] [2026-02-03T06:19:24.312Z] E0203 11:49:24.311760    4101 watch.go:40] Failed to load config from "/home/user/antigravity/typpingchallenge/dataconnect": could not find dataconnect.yaml in `/home/user/antigravity/typpingchallenge/dataconnect`
 {"metadata":{"emulator":{"name":"dataconnect"},"message":"E0203 11:49:24.311760    4101 watch.go:40] Failed to load config from \"/home/user/antigravity/typpingchallenge/dataconnect\": could not find dataconnect.yaml in `/home/user/antigravity/typpingchallenge/dataconnect`\n"}}
[debug] [2026-02-03T06:19:34.312Z] E0203 11:49:34.312045    4101 watch.go:116] watchAllDir unable to walk dir `/home/user/antigravity/typpingchallenge/dataconnect`: lstat /home/user/antigravity/typpingchallenge/dataconnect: no such file or directory
E0203 11:49:34.312206    4101 watch.go:40] Failed to load config from "/home/user/antigravity/typpingchallenge/dataconnect": could not find dataconnect.yaml in `/home/user/antigravity/typpingchallenge/dataconnect`
 {"metadata":{"emulator":{"name":"dataconnect"},"message":"E0203 11:49:34.312045    4101 watch.go:116] watchAllDir unable to walk dir `/home/user/antigravity/typpingchallenge/dataconnect`: lstat /home/user/antigravity/typpingchallenge/dataconnect: no such file or directory\nE0203 11:49:34.312206    4101 watch.go:40] Failed to load config from \"/home/user/antigravity/typpingchallenge/dataconnect\": could not find dataconnect.yaml in `/home/user/antigravity/typpingchallenge/dataconnect`\n"}}
[debug] [2026-02-03T06:19:44.321Z] E0203 11:49:44.320881    4101 watch.go:40] Failed to load config from "/home/user/antigravity/typpingchallenge/dataconnect": could not find dataconnect.yaml in `/home/user/antigravity/typpingchallenge/dataconnect`
 {"metadata":{"emulator":{"name":"dataconnect"},"message":"E0203 11:49:44.320881    4101 watch.go:40] Failed to load config from \"/home/user/antigravity/typpingchallenge/dataconnect\": could not find dataconnect.yaml in `/home/user/antigravity/typpingchallenge/dataconnect`\n"}}
[debug] [2026-02-03T06:19:54.320Z] E0203 11:49:54.320699    4101 watch.go:40] Failed to load config from "/home/user/antigravity/typpingchallenge/dataconnect": could not find dataconnect.yaml in `/home/user/antigravity/typpingchallenge/dataconnect`
 {"metadata":{"emulator":{"name":"dataconnect"},"message":"E0203 11:49:54.320699    4101 watch.go:40] Failed to load config from \"/home/user/antigravity/typpingchallenge/dataconnect\": could not find dataconnect.yaml in `/home/user/antigravity/typpingchallenge/dataconnect`\n"}}
[debug] [2026-02-03T06:20:04.312Z] E0203 11:50:04.311885    4101 watch.go:40] Failed to load config from "/home/user/antigravity/typpingchallenge/dataconnect": could not find dataconnect.yaml in `/home/user/antigravity/typpingchallenge/dataconnect`
 {"metadata":{"emulator":{"name":"dataconnect"},"message":"E0203 11:50:04.311885    4101 watch.go:40] Failed to load config from \"/home/user/antigravity/typpingchallenge/dataconnect\": could not find dataconnect.yaml in `/home/user/antigravity/typpingchallenge/dataconnect`\n"}}
[debug] [2026-02-03T06:20:14.321Z] E0203 11:50:14.320862    4101 watch.go:40] Failed to load config from "/home/user/antigravity/typpingchallenge/dataconnect": could not find dataconnect.yaml in `/home/user/antigravity/typpingchallenge/dataconnect`
 {"metadata":{"emulator":{"name":"dataconnect"},"message":"E0203 11:50:14.320862    4101 watch.go:40] Failed to load config from \"/home/user/antigravity/typpingchallenge/dataconnect\": could not find dataconnect.yaml in `/home/user/antigravity/typpingchallenge/dataconnect`\n"}}
[debug] [2026-02-03T06:20:24.321Z] E0203 11:50:24.320810    4101 watch.go:40] Failed to load config from "/home/user/antigravity/typpingchallenge/dataconnect": could not find dataconnect.yaml in `/home/user/antigravity/typpingchallenge/dataconnect`
 {"metadata":{"emulator":{"name":"dataconnect"},"message":"E0203 11:50:24.320810    4101 watch.go:40] Failed to load config from \"/home/user/antigravity/typpingchallenge/dataconnect\": could not find dataconnect.yaml in `/home/user/antigravity/typpingchallenge/dataconnect`\n"}}
[debug] [2026-02-03T06:20:34.312Z] E0203 11:50:34.311976    4101 watch.go:116] watchAllDir unable to walk dir `/home/user/antigravity/typpingchallenge/dataconnect`: lstat /home/user/antigravity/typpingchallenge/dataconnect: no such file or directory
E0203 11:50:34.312085    4101 watch.go:40] Failed to load config from "/home/user/antigravity/typpingchallenge/dataconnect": could not find dataconnect.yaml in `/home/user/antigravity/typpingchallenge/dataconnect`
 {"metadata":{"emulator":{"name":"dataconnect"},"message":"E0203 11:50:34.311976    4101 watch.go:116] watchAllDir unable to walk dir `/home/user/antigravity/typpingchallenge/dataconnect`: lstat /home/user/antigravity/typpingchallenge/dataconnect: no such file or directory\nE0203 11:50:34.312085    4101 watch.go:40] Failed to load config from \"/home/user/antigravity/typpingchallenge/dataconnect\": could not find dataconnect.yaml in `/home/user/antigravity/typpingchallenge/dataconnect`\n"}}
[debug] [2026-02-03T06:20:44.321Z] E0203 11:50:44.320768    4101 watch.go:40] Failed to load config from "/home/user/antigravity/typpingchallenge/dataconnect": could not find dataconnect.yaml in `/home/user/antigravity/typpingchallenge/dataconnect`
 {"metadata":{"emulator":{"name":"dataconnect"},"message":"E0203 11:50:44.320768    4101 watch.go:40] Failed to load config from \"/home/user/antigravity/typpingchallenge/dataconnect\": could not find dataconnect.yaml in `/home/user/antigravity/typpingchallenge/dataconnect`\n"}}
[debug] [2026-02-03T06:20:54.320Z] E0203 11:50:54.320725    4101 watch.go:40] Failed to load config from "/home/user/antigravity/typpingchallenge/dataconnect": could not find dataconnect.yaml in `/home/user/antigravity/typpingchallenge/dataconnect`
 {"metadata":{"emulator":{"name":"dataconnect"},"message":"E0203 11:50:54.320725    4101 watch.go:40] Failed to load config from \"/home/user/antigravity/typpingchallenge/dataconnect\": could not find dataconnect.yaml in `/home/user/antigravity/typpingchallenge/dataconnect`\n"}}
[debug] [2026-02-03T06:21:04.312Z] E0203 11:51:04.311846    4101 watch.go:40] Failed to load config from "/home/user/antigravity/typpingchallenge/dataconnect": could not find dataconnect.yaml in `/home/user/antigravity/typpingchallenge/dataconnect`
 {"metadata":{"emulator":{"name":"dataconnect"},"message":"E0203 11:51:04.311846    4101 watch.go:40] Failed to load config from \"/home/user/antigravity/typpingchallenge/dataconnect\": could not find dataconnect.yaml in `/home/user/antigravity/typpingchallenge/dataconnect`\n"}}
[debug] [2026-02-03T06:21:14.320Z] E0203 11:51:14.320731    4101 watch.go:40] Failed to load config from "/home/user/antigravity/typpingchallenge/dataconnect": could not find dataconnect.yaml in `/home/user/antigravity/typpingchallenge/dataconnect`
 {"metadata":{"emulator":{"name":"dataconnect"},"message":"E0203 11:51:14.320731    4101 watch.go:40] Failed to load config from \"/home/user/antigravity/typpingchallenge/dataconnect\": could not find dataconnect.yaml in `/home/user/antigravity/typpingchallenge/dataconnect`\n"}}
[debug] [2026-02-03T06:21:24.314Z] E0203 11:51:24.314179    4101 watch.go:40] Failed to load config from "/home/user/antigravity/typpingchallenge/dataconnect": could not find dataconnect.yaml in `/home/user/antigravity/typpingchallenge/dataconnect`
 {"metadata":{"emulator":{"name":"dataconnect"},"message":"E0203 11:51:24.314179    4101 watch.go:40] Failed to load config from \"/home/user/antigravity/typpingchallenge/dataconnect\": could not find dataconnect.yaml in `/home/user/antigravity/typpingchallenge/dataconnect`\n"}}
[debug] [2026-02-03T06:21:34.312Z] E0203 11:51:34.311989    4101 watch.go:40] Failed to load config from "/home/user/antigravity/typpingchallenge/dataconnect": could not find dataconnect.yaml in `/home/user/antigravity/typpingchallenge/dataconnect`
E0203 11:51:34.311913    4101 watch.go:116] watchAllDir unable to walk dir `/home/user/antigravity/typpingchallenge/dataconnect`: lstat /home/user/antigravity/typpingchallenge/dataconnect: no such file or directory
 {"metadata":{"emulator":{"name":"dataconnect"},"message":"E0203 11:51:34.311989    4101 watch.go:40] Failed to load config from \"/home/user/antigravity/typpingchallenge/dataconnect\": could not find dataconnect.yaml in `/home/user/antigravity/typpingchallenge/dataconnect`\nE0203 11:51:34.311913    4101 watch.go:116] watchAllDir unable to walk dir `/home/user/antigravity/typpingchallenge/dataconnect`: lstat /home/user/antigravity/typpingchallenge/dataconnect: no such file or directory\n"}}
[debug] [2026-02-03T06:21:44.321Z] E0203 11:51:44.320856    4101 watch.go:40] Failed to load config from "/home/user/antigravity/typpingchallenge/dataconnect": could not find dataconnect.yaml in `/home/user/antigravity/typpingchallenge/dataconnect`
 {"metadata":{"emulator":{"name":"dataconnect"},"message":"E0203 11:51:44.320856    4101 watch.go:40] Failed to load config from \"/home/user/antigravity/typpingchallenge/dataconnect\": could not find dataconnect.yaml in `/home/user/antigravity/typpingchallenge/dataconnect`\n"}}
[debug] [2026-02-03T06:21:54.322Z] E0203 11:51:54.320813    4101 watch.go:40] Failed to load config from "/home/user/antigravity/typpingchallenge/dataconnect": could not find dataconnect.yaml in `/home/user/antigravity/typpingchallenge/dataconnect`
 {"metadata":{"emulator":{"name":"dataconnect"},"message":"E0203 11:51:54.320813    4101 watch.go:40] Failed to load config from \"/home/user/antigravity/typpingchallenge/dataconnect\": could not find dataconnect.yaml in `/home/user/antigravity/typpingchallenge/dataconnect`\n"}}
[debug] [2026-02-03T06:22:04.312Z] E0203 11:52:04.311744    4101 watch.go:40] Failed to load config from "/home/user/antigravity/typpingchallenge/dataconnect": could not find dataconnect.yaml in `/home/user/antigravity/typpingchallenge/dataconnect`
 {"metadata":{"emulator":{"name":"dataconnect"},"message":"E0203 11:52:04.311744    4101 watch.go:40] Failed to load config from \"/home/user/antigravity/typpingchallenge/dataconnect\": could not find dataconnect.yaml in `/home/user/antigravity/typpingchallenge/dataconnect`\n"}}
[debug] [2026-02-03T06:22:14.320Z] E0203 11:52:14.319883    4101 watch.go:40] Failed to load config from "/home/user/antigravity/typpingchallenge/dataconnect": could not find dataconnect.yaml in `/home/user/antigravity/typpingchallenge/dataconnect`
 {"metadata":{"emulator":{"name":"dataconnect"},"message":"E0203 11:52:14.319883    4101 watch.go:40] Failed to load config from \"/home/user/antigravity/typpingchallenge/dataconnect\": could not find dataconnect.yaml in `/home/user/antigravity/typpingchallenge/dataconnect`\n"}}
[debug] [2026-02-03T06:22:24.321Z] E0203 11:52:24.320844    4101 watch.go:40] Failed to load config from "/home/user/antigravity/typpingchallenge/dataconnect": could not find dataconnect.yaml in `/home/user/antigravity/typpingchallenge/dataconnect`
 {"metadata":{"emulator":{"name":"dataconnect"},"message":"E0203 11:52:24.320844    4101 watch.go:40] Failed to load config from \"/home/user/antigravity/typpingchallenge/dataconnect\": could not find dataconnect.yaml in `/home/user/antigravity/typpingchallenge/dataconnect`\n"}}
[debug] [2026-02-03T06:22:34.312Z] E0203 11:52:34.311880    4101 watch.go:116] watchAllDir unable to walk dir `/home/user/antigravity/typpingchallenge/dataconnect`: lstat /home/user/antigravity/typpingchallenge/dataconnect: no such file or directory
E0203 11:52:34.311930    4101 watch.go:40] Failed to load config from "/home/user/antigravity/typpingchallenge/dataconnect": could not find dataconnect.yaml in `/home/user/antigravity/typpingchallenge/dataconnect`
 {"metadata":{"emulator":{"name":"dataconnect"},"message":"E0203 11:52:34.311880    4101 watch.go:116] watchAllDir unable to walk dir `/home/user/antigravity/typpingchallenge/dataconnect`: lstat /home/user/antigravity/typpingchallenge/dataconnect: no such file or directory\nE0203 11:52:34.311930    4101 watch.go:40] Failed to load config from \"/home/user/antigravity/typpingchallenge/dataconnect\": could not find dataconnect.yaml in `/home/user/antigravity/typpingchallenge/dataconnect`\n"}}
[debug] [2026-02-03T06:22:44.321Z] E0203 11:52:44.320786    4101 watch.go:40] Failed to load config from "/home/user/antigravity/typpingchallenge/dataconnect": could not find dataconnect.yaml in `/home/user/antigravity/typpingchallenge/dataconnect`
 {"metadata":{"emulator":{"name":"dataconnect"},"message":"E0203 11:52:44.320786    4101 watch.go:40] Failed to load config from \"/home/user/antigravity/typpingchallenge/dataconnect\": could not find dataconnect.yaml in `/home/user/antigravity/typpingchallenge/dataconnect`\n"}}
[debug] [2026-02-03T06:22:54.321Z] E0203 11:52:54.320879    4101 watch.go:40] Failed to load config from "/home/user/antigravity/typpingchallenge/dataconnect": could not find dataconnect.yaml in `/home/user/antigravity/typpingchallenge/dataconnect`
 {"metadata":{"emulator":{"name":"dataconnect"},"message":"E0203 11:52:54.320879    4101 watch.go:40] Failed to load config from \"/home/user/antigravity/typpingchallenge/dataconnect\": could not find dataconnect.yaml in `/home/user/antigravity/typpingchallenge/dataconnect`\n"}}
[debug] [2026-02-03T06:23:04.312Z] E0203 11:53:04.312020    4101 watch.go:40] Failed to load config from "/home/user/antigravity/typpingchallenge/dataconnect": could not find dataconnect.yaml in `/home/user/antigravity/typpingchallenge/dataconnect`
 {"metadata":{"emulator":{"name":"dataconnect"},"message":"E0203 11:53:04.312020    4101 watch.go:40] Failed to load config from \"/home/user/antigravity/typpingchallenge/dataconnect\": could not find dataconnect.yaml in `/home/user/antigravity/typpingchallenge/dataconnect`\n"}}
[debug] [2026-02-03T06:23:14.320Z] E0203 11:53:14.320748    4101 watch.go:40] Failed to load config from "/home/user/antigravity/typpingchallenge/dataconnect": could not find dataconnect.yaml in `/home/user/antigravity/typpingchallenge/dataconnect`
 {"metadata":{"emulator":{"name":"dataconnect"},"message":"E0203 11:53:14.320748    4101 watch.go:40] Failed to load config from \"/home/user/antigravity/typpingchallenge/dataconnect\": could not find dataconnect.yaml in `/home/user/antigravity/typpingchallenge/dataconnect`\n"}}
[debug] [2026-02-03T06:23:24.321Z] E0203 11:53:24.320831    4101 watch.go:40] Failed to load config from "/home/user/antigravity/typpingchallenge/dataconnect": could not find dataconnect.yaml in `/home/user/antigravity/typpingchallenge/dataconnect`
 {"metadata":{"emulator":{"name":"dataconnect"},"message":"E0203 11:53:24.320831    4101 watch.go:40] Failed to load config from \"/home/user/antigravity/typpingchallenge/dataconnect\": could not find dataconnect.yaml in `/home/user/antigravity/typpingchallenge/dataconnect`\n"}}
[debug] [2026-02-03T06:23:34.312Z] E0203 11:53:34.311884    4101 watch.go:116] watchAllDir unable to walk dir `/home/user/antigravity/typpingchallenge/dataconnect`: lstat /home/user/antigravity/typpingchallenge/dataconnect: no such file or directory
E0203 11:53:34.312039    4101 watch.go:40] Failed to load config from "/home/user/antigravity/typpingchallenge/dataconnect": could not find dataconnect.yaml in `/home/user/antigravity/typpingchallenge/dataconnect`
 {"metadata":{"emulator":{"name":"dataconnect"},"message":"E0203 11:53:34.311884    4101 watch.go:116] watchAllDir unable to walk dir `/home/user/antigravity/typpingchallenge/dataconnect`: lstat /home/user/antigravity/typpingchallenge/dataconnect: no such file or directory\nE0203 11:53:34.312039    4101 watch.go:40] Failed to load config from \"/home/user/antigravity/typpingchallenge/dataconnect\": could not find dataconnect.yaml in `/home/user/antigravity/typpingchallenge/dataconnect`\n"}}
[debug] [2026-02-03T06:23:44.322Z] E0203 11:53:44.320877    4101 watch.go:40] Failed to load config from "/home/user/antigravity/typpingchallenge/dataconnect": could not find dataconnect.yaml in `/home/user/antigravity/typpingchallenge/dataconnect`
 {"metadata":{"emulator":{"name":"dataconnect"},"message":"E0203 11:53:44.320877    4101 watch.go:40] Failed to load config from \"/home/user/antigravity/typpingchallenge/dataconnect\": could not find dataconnect.yaml in `/home/user/antigravity/typpingchallenge/dataconnect`\n"}}
[debug] [2026-02-03T06:23:54.322Z] E0203 11:53:54.321113    4101 watch.go:40] Failed to load config from "/home/user/antigravity/typpingchallenge/dataconnect": could not find dataconnect.yaml in `/home/user/antigravity/typpingchallenge/dataconnect`
 {"metadata":{"emulator":{"name":"dataconnect"},"message":"E0203 11:53:54.321113    4101 watch.go:40] Failed to load config from \"/home/user/antigravity/typpingchallenge/dataconnect\": could not find dataconnect.yaml in `/home/user/antigravity/typpingchallenge/dataconnect`\n"}}
[debug] [2026-02-03T06:24:04.312Z] E0203 11:54:04.312004    4101 watch.go:40] Failed to load config from "/home/user/antigravity/typpingchallenge/dataconnect": could not find dataconnect.yaml in `/home/user/antigravity/typpingchallenge/dataconnect`
 {"metadata":{"emulator":{"name":"dataconnect"},"message":"E0203 11:54:04.312004    4101 watch.go:40] Failed to load config from \"/home/user/antigravity/typpingchallenge/dataconnect\": could not find dataconnect.yaml in `/home/user/antigravity/typpingchallenge/dataconnect`\n"}}
[debug] [2026-02-03T06:24:14.321Z] E0203 11:54:14.320737    4101 watch.go:40] Failed to load config from "/home/user/antigravity/typpingchallenge/dataconnect": could not find dataconnect.yaml in `/home/user/antigravity/typpingchallenge/dataconnect`
 {"metadata":{"emulator":{"name":"dataconnect"},"message":"E0203 11:54:14.320737    4101 watch.go:40] Failed to load config from \"/home/user/antigravity/typpingchallenge/dataconnect\": could not find dataconnect.yaml in `/home/user/antigravity/typpingchallenge/dataconnect`\n"}}
[debug] [2026-02-03T06:24:24.321Z] E0203 11:54:24.320760    4101 watch.go:40] Failed to load config from "/home/user/antigravity/typpingchallenge/dataconnect": could not find dataconnect.yaml in `/home/user/antigravity/typpingchallenge/dataconnect`
 {"metadata":{"emulator":{"name":"dataconnect"},"message":"E0203 11:54:24.320760    4101 watch.go:40] Failed to load config from \"/home/user/antigravity/typpingchallenge/dataconnect\": could not find dataconnect.yaml in `/home/user/antigravity/typpingchallenge/dataconnect`\n"}}
[debug] [2026-02-03T06:24:34.313Z] E0203 11:54:34.311736    4101 watch.go:116] watchAllDir unable to walk dir `/home/user/antigravity/typpingchallenge/dataconnect`: lstat /home/user/antigravity/typpingchallenge/dataconnect: no such file or directory
E0203 11:54:34.311883    4101 watch.go:40] Failed to load config from "/home/user/antigravity/typpingchallenge/dataconnect": could not find dataconnect.yaml in `/home/user/antigravity/typpingchallenge/dataconnect`
 {"metadata":{"emulator":{"name":"dataconnect"},"message":"E0203 11:54:34.311736    4101 watch.go:116] watchAllDir unable to walk dir `/home/user/antigravity/typpingchallenge/dataconnect`: lstat /home/user/antigravity/typpingchallenge/dataconnect: no such file or directory\nE0203 11:54:34.311883    4101 watch.go:40] Failed to load config from \"/home/user/antigravity/typpingchallenge/dataconnect\": could not find dataconnect.yaml in `/home/user/antigravity/typpingchallenge/dataconnect`\n"}}
[debug] [2026-02-03T06:24:44.321Z] E0203 11:54:44.320729    4101 watch.go:40] Failed to load config from "/home/user/antigravity/typpingchallenge/dataconnect": could not find dataconnect.yaml in `/home/user/antigravity/typpingchallenge/dataconnect`
 {"metadata":{"emulator":{"name":"dataconnect"},"message":"E0203 11:54:44.320729    4101 watch.go:40] Failed to load config from \"/home/user/antigravity/typpingchallenge/dataconnect\": could not find dataconnect.yaml in `/home/user/antigravity/typpingchallenge/dataconnect`\n"}}
[debug] [2026-02-03T06:24:54.321Z] E0203 11:54:54.320818    4101 watch.go:40] Failed to load config from "/home/user/antigravity/typpingchallenge/dataconnect": could not find dataconnect.yaml in `/home/user/antigravity/typpingchallenge/dataconnect`
 {"metadata":{"emulator":{"name":"dataconnect"},"message":"E0203 11:54:54.320818    4101 watch.go:40] Failed to load config from \"/home/user/antigravity/typpingchallenge/dataconnect\": could not find dataconnect.yaml in `/home/user/antigravity/typpingchallenge/dataconnect`\n"}}
[debug] [2026-02-03T06:25:04.312Z] E0203 11:55:04.312012    4101 watch.go:40] Failed to load config from "/home/user/antigravity/typpingchallenge/dataconnect": could not find dataconnect.yaml in `/home/user/antigravity/typpingchallenge/dataconnect`
 {"metadata":{"emulator":{"name":"dataconnect"},"message":"E0203 11:55:04.312012    4101 watch.go:40] Failed to load config from \"/home/user/antigravity/typpingchallenge/dataconnect\": could not find dataconnect.yaml in `/home/user/antigravity/typpingchallenge/dataconnect`\n"}}
[debug] [2026-02-03T06:25:14.320Z] E0203 11:55:14.320777    4101 watch.go:40] Failed to load config from "/home/user/antigravity/typpingchallenge/dataconnect": could not find dataconnect.yaml in `/home/user/antigravity/typpingchallenge/dataconnect`
 {"metadata":{"emulator":{"name":"dataconnect"},"message":"E0203 11:55:14.320777    4101 watch.go:40] Failed to load config from \"/home/user/antigravity/typpingchallenge/dataconnect\": could not find dataconnect.yaml in `/home/user/antigravity/typpingchallenge/dataconnect`\n"}}
[debug] [2026-02-03T06:25:24.321Z] E0203 11:55:24.320830    4101 watch.go:40] Failed to load config from "/home/user/antigravity/typpingchallenge/dataconnect": could not find dataconnect.yaml in `/home/user/antigravity/typpingchallenge/dataconnect`
 {"metadata":{"emulator":{"name":"dataconnect"},"message":"E0203 11:55:24.320830    4101 watch.go:40] Failed to load config from \"/home/user/antigravity/typpingchallenge/dataconnect\": could not find dataconnect.yaml in `/home/user/antigravity/typpingchallenge/dataconnect`\n"}}
[debug] [2026-02-03T06:25:34.312Z] E0203 11:55:34.311905    4101 watch.go:116] watchAllDir unable to walk dir `/home/user/antigravity/typpingchallenge/dataconnect`: lstat /home/user/antigravity/typpingchallenge/dataconnect: no such file or directory
E0203 11:55:34.312081    4101 watch.go:40] Failed to load config from "/home/user/antigravity/typpingchallenge/dataconnect": could not find dataconnect.yaml in `/home/user/antigravity/typpingchallenge/dataconnect`
 {"metadata":{"emulator":{"name":"dataconnect"},"message":"E0203 11:55:34.311905    4101 watch.go:116] watchAllDir unable to walk dir `/home/user/antigravity/typpingchallenge/dataconnect`: lstat /home/user/antigravity/typpingchallenge/dataconnect: no such file or directory\nE0203 11:55:34.312081    4101 watch.go:40] Failed to load config from \"/home/user/antigravity/typpingchallenge/dataconnect\": could not find dataconnect.yaml in `/home/user/antigravity/typpingchallenge/dataconnect`\n"}}
[debug] [2026-02-03T06:25:44.311Z] E0203 11:55:44.311708    4101 watch.go:40] Failed to load config from "/home/user/antigravity/typpingchallenge/dataconnect": could not find dataconnect.yaml in `/home/user/antigravity/typpingchallenge/dataconnect`
 {"metadata":{"emulator":{"name":"dataconnect"},"message":"E0203 11:55:44.311708    4101 watch.go:40] Failed to load config from \"/home/user/antigravity/typpingchallenge/dataconnect\": could not find dataconnect.yaml in `/home/user/antigravity/typpingchallenge/dataconnect`\n"}}
[debug] [2026-02-03T06:25:54.321Z] E0203 11:55:54.320747    4101 watch.go:40] Failed to load config from "/home/user/antigravity/typpingchallenge/dataconnect": could not find dataconnect.yaml in `/home/user/antigravity/typpingchallenge/dataconnect`
 {"metadata":{"emulator":{"name":"dataconnect"},"message":"E0203 11:55:54.320747    4101 watch.go:40] Failed to load config from \"/home/user/antigravity/typpingchallenge/dataconnect\": could not find dataconnect.yaml in `/home/user/antigravity/typpingchallenge/dataconnect`\n"}}
[debug] [2026-02-03T06:26:04.312Z] E0203 11:56:04.311925    4101 watch.go:40] Failed to load config from "/home/user/antigravity/typpingchallenge/dataconnect": could not find dataconnect.yaml in `/home/user/antigravity/typpingchallenge/dataconnect`
 {"metadata":{"emulator":{"name":"dataconnect"},"message":"E0203 11:56:04.311925    4101 watch.go:40] Failed to load config from \"/home/user/antigravity/typpingchallenge/dataconnect\": could not find dataconnect.yaml in `/home/user/antigravity/typpingchallenge/dataconnect`\n"}}
[debug] [2026-02-03T06:26:14.324Z] E0203 11:56:14.320853    4101 watch.go:40] Failed to load config from "/home/user/antigravity/typpingchallenge/dataconnect": could not find dataconnect.yaml in `/home/user/antigravity/typpingchallenge/dataconnect`
 {"metadata":{"emulator":{"name":"dataconnect"},"message":"E0203 11:56:14.320853    4101 watch.go:40] Failed to load config from \"/home/user/antigravity/typpingchallenge/dataconnect\": could not find dataconnect.yaml in `/home/user/antigravity/typpingchallenge/dataconnect`\n"}}
[debug] [2026-02-03T06:26:24.321Z] E0203 11:56:24.320789    4101 watch.go:40] Failed to load config from "/home/user/antigravity/typpingchallenge/dataconnect": could not find dataconnect.yaml in `/home/user/antigravity/typpingchallenge/dataconnect`
 {"metadata":{"emulator":{"name":"dataconnect"},"message":"E0203 11:56:24.320789    4101 watch.go:40] Failed to load config from \"/home/user/antigravity/typpingchallenge/dataconnect\": could not find dataconnect.yaml in `/home/user/antigravity/typpingchallenge/dataconnect`\n"}}
[debug] [2026-02-03T06:26:34.313Z] E0203 11:56:34.312746    4101 watch.go:116] watchAllDir unable to walk dir `/home/user/antigravity/typpingchallenge/dataconnect`: lstat /home/user/antigravity/typpingchallenge/dataconnect: no such file or directory
E0203 11:56:34.312960    4101 watch.go:40] Failed to load config from "/home/user/antigravity/typpingchallenge/dataconnect": could not find dataconnect.yaml in `/home/user/antigravity/typpingchallenge/dataconnect`
 {"metadata":{"emulator":{"name":"dataconnect"},"message":"E0203 11:56:34.312746    4101 watch.go:116] watchAllDir unable to walk dir `/home/user/antigravity/typpingchallenge/dataconnect`: lstat /home/user/antigravity/typpingchallenge/dataconnect: no such file or directory\nE0203 11:56:34.312960    4101 watch.go:40] Failed to load config from \"/home/user/antigravity/typpingchallenge/dataconnect\": could not find dataconnect.yaml in `/home/user/antigravity/typpingchallenge/dataconnect`\n"}}
[debug] [2026-02-03T06:26:44.321Z] E0203 11:56:44.321202    4101 watch.go:40] Failed to load config from "/home/user/antigravity/typpingchallenge/dataconnect": could not find dataconnect.yaml in `/home/user/antigravity/typpingchallenge/dataconnect`
 {"metadata":{"emulator":{"name":"dataconnect"},"message":"E0203 11:56:44.321202    4101 watch.go:40] Failed to load config from \"/home/user/antigravity/typpingchallenge/dataconnect\": could not find dataconnect.yaml in `/home/user/antigravity/typpingchallenge/dataconnect`\n"}}
[debug] [2026-02-03T06:26:54.321Z] E0203 11:56:54.320821    4101 watch.go:40] Failed to load config from "/home/user/antigravity/typpingchallenge/dataconnect": could not find dataconnect.yaml in `/home/user/antigravity/typpingchallenge/dataconnect`
 {"metadata":{"emulator":{"name":"dataconnect"},"message":"E0203 11:56:54.320821    4101 watch.go:40] Failed to load config from \"/home/user/antigravity/typpingchallenge/dataconnect\": could not find dataconnect.yaml in `/home/user/antigravity/typpingchallenge/dataconnect`\n"}}
[debug] [2026-02-03T06:27:04.312Z] E0203 11:57:04.311935    4101 watch.go:40] Failed to load config from "/home/user/antigravity/typpingchallenge/dataconnect": could not find dataconnect.yaml in `/home/user/antigravity/typpingchallenge/dataconnect`
 {"metadata":{"emulator":{"name":"dataconnect"},"message":"E0203 11:57:04.311935    4101 watch.go:40] Failed to load config from \"/home/user/antigravity/typpingchallenge/dataconnect\": could not find dataconnect.yaml in `/home/user/antigravity/typpingchallenge/dataconnect`\n"}}
[debug] [2026-02-03T06:27:14.321Z] E0203 11:57:14.321009    4101 watch.go:40] Failed to load config from "/home/user/antigravity/typpingchallenge/dataconnect": could not find dataconnect.yaml in `/home/user/antigravity/typpingchallenge/dataconnect`
 {"metadata":{"emulator":{"name":"dataconnect"},"message":"E0203 11:57:14.321009    4101 watch.go:40] Failed to load config from \"/home/user/antigravity/typpingchallenge/dataconnect\": could not find dataconnect.yaml in `/home/user/antigravity/typpingchallenge/dataconnect`\n"}}
[debug] [2026-02-03T06:27:24.320Z] E0203 11:57:24.320694    4101 watch.go:40] Failed to load config from "/home/user/antigravity/typpingchallenge/dataconnect": could not find dataconnect.yaml in `/home/user/antigravity/typpingchallenge/dataconnect`
 {"metadata":{"emulator":{"name":"dataconnect"},"message":"E0203 11:57:24.320694    4101 watch.go:40] Failed to load config from \"/home/user/antigravity/typpingchallenge/dataconnect\": could not find dataconnect.yaml in `/home/user/antigravity/typpingchallenge/dataconnect`\n"}}
[debug] [2026-02-03T06:27:34.312Z] E0203 11:57:34.311930    4101 watch.go:116] watchAllDir unable to walk dir `/home/user/antigravity/typpingchallenge/dataconnect`: lstat /home/user/antigravity/typpingchallenge/dataconnect: no such file or directory
E0203 11:57:34.312066    4101 watch.go:40] Failed to load config from "/home/user/antigravity/typpingchallenge/dataconnect": could not find dataconnect.yaml in `/home/user/antigravity/typpingchallenge/dataconnect`
 {"metadata":{"emulator":{"name":"dataconnect"},"message":"E0203 11:57:34.311930    4101 watch.go:116] watchAllDir unable to walk dir `/home/user/antigravity/typpingchallenge/dataconnect`: lstat /home/user/antigravity/typpingchallenge/dataconnect: no such file or directory\nE0203 11:57:34.312066    4101 watch.go:40] Failed to load config from \"/home/user/antigravity/typpingchallenge/dataconnect\": could not find dataconnect.yaml in `/home/user/antigravity/typpingchallenge/dataconnect`\n"}}
[debug] [2026-02-03T06:27:44.312Z] E0203 11:57:44.311989    4101 watch.go:40] Failed to load config from "/home/user/antigravity/typpingchallenge/dataconnect": could not find dataconnect.yaml in `/home/user/antigravity/typpingchallenge/dataconnect`
 {"metadata":{"emulator":{"name":"dataconnect"},"message":"E0203 11:57:44.311989    4101 watch.go:40] Failed to load config from \"/home/user/antigravity/typpingchallenge/dataconnect\": could not find dataconnect.yaml in `/home/user/antigravity/typpingchallenge/dataconnect`\n"}}
[debug] [2026-02-03T06:27:54.311Z] E0203 11:57:54.311720    4101 watch.go:40] Failed to load config from "/home/user/antigravity/typpingchallenge/dataconnect": could not find dataconnect.yaml in `/home/user/antigravity/typpingchallenge/dataconnect`
 {"metadata":{"emulator":{"name":"dataconnect"},"message":"E0203 11:57:54.311720    4101 watch.go:40] Failed to load config from \"/home/user/antigravity/typpingchallenge/dataconnect\": could not find dataconnect.yaml in `/home/user/antigravity/typpingchallenge/dataconnect`\n"}}
[debug] [2026-02-03T06:28:04.312Z] E0203 11:58:04.311876    4101 watch.go:40] Failed to load config from "/home/user/antigravity/typpingchallenge/dataconnect": could not find dataconnect.yaml in `/home/user/antigravity/typpingchallenge/dataconnect`
 {"metadata":{"emulator":{"name":"dataconnect"},"message":"E0203 11:58:04.311876    4101 watch.go:40] Failed to load config from \"/home/user/antigravity/typpingchallenge/dataconnect\": could not find dataconnect.yaml in `/home/user/antigravity/typpingchallenge/dataconnect`\n"}}
[debug] [2026-02-03T06:28:14.321Z] E0203 11:58:14.320769    4101 watch.go:40] Failed to load config from "/home/user/antigravity/typpingchallenge/dataconnect": could not find dataconnect.yaml in `/home/user/antigravity/typpingchallenge/dataconnect`
 {"metadata":{"emulator":{"name":"dataconnect"},"message":"E0203 11:58:14.320769    4101 watch.go:40] Failed to load config from \"/home/user/antigravity/typpingchallenge/dataconnect\": could not find dataconnect.yaml in `/home/user/antigravity/typpingchallenge/dataconnect`\n"}}
[debug] [2026-02-03T06:28:24.320Z] E0203 11:58:24.320722    4101 watch.go:40] Failed to load config from "/home/user/antigravity/typpingchallenge/dataconnect": could not find dataconnect.yaml in `/home/user/antigravity/typpingchallenge/dataconnect`
 {"metadata":{"emulator":{"name":"dataconnect"},"message":"E0203 11:58:24.320722    4101 watch.go:40] Failed to load config from \"/home/user/antigravity/typpingchallenge/dataconnect\": could not find dataconnect.yaml in `/home/user/antigravity/typpingchallenge/dataconnect`\n"}}
[debug] [2026-02-03T06:28:34.311Z] E0203 11:58:34.311829    4101 watch.go:116] watchAllDir unable to walk dir `/home/user/antigravity/typpingchallenge/dataconnect`: lstat /home/user/antigravity/typpingchallenge/dataconnect: no such file or directory
E0203 11:58:34.311866    4101 watch.go:40] Failed to load config from "/home/user/antigravity/typpingchallenge/dataconnect": could not find dataconnect.yaml in `/home/user/antigravity/typpingchallenge/dataconnect`
 {"metadata":{"emulator":{"name":"dataconnect"},"message":"E0203 11:58:34.311829    4101 watch.go:116] watchAllDir unable to walk dir `/home/user/antigravity/typpingchallenge/dataconnect`: lstat /home/user/antigravity/typpingchallenge/dataconnect: no such file or directory\nE0203 11:58:34.311866    4101 watch.go:40] Failed to load config from \"/home/user/antigravity/typpingchallenge/dataconnect\": could not find dataconnect.yaml in `/home/user/antigravity/typpingchallenge/dataconnect`\n"}}
[debug] [2026-02-03T06:28:44.321Z] E0203 11:58:44.320901    4101 watch.go:40] Failed to load config from "/home/user/antigravity/typpingchallenge/dataconnect": could not find dataconnect.yaml in `/home/user/antigravity/typpingchallenge/dataconnect`
 {"metadata":{"emulator":{"name":"dataconnect"},"message":"E0203 11:58:44.320901    4101 watch.go:40] Failed to load config from \"/home/user/antigravity/typpingchallenge/dataconnect\": could not find dataconnect.yaml in `/home/user/antigravity/typpingchallenge/dataconnect`\n"}}
[debug] [2026-02-03T06:28:54.320Z] E0203 11:58:54.320713    4101 watch.go:40] Failed to load config from "/home/user/antigravity/typpingchallenge/dataconnect": could not find dataconnect.yaml in `/home/user/antigravity/typpingchallenge/dataconnect`
 {"metadata":{"emulator":{"name":"dataconnect"},"message":"E0203 11:58:54.320713    4101 watch.go:40] Failed to load config from \"/home/user/antigravity/typpingchallenge/dataconnect\": could not find dataconnect.yaml in `/home/user/antigravity/typpingchallenge/dataconnect`\n"}}
[debug] [2026-02-03T06:29:04.311Z] E0203 11:59:04.311869    4101 watch.go:40] Failed to load config from "/home/user/antigravity/typpingchallenge/dataconnect": could not find dataconnect.yaml in `/home/user/antigravity/typpingchallenge/dataconnect`
 {"metadata":{"emulator":{"name":"dataconnect"},"message":"E0203 11:59:04.311869    4101 watch.go:40] Failed to load config from \"/home/user/antigravity/typpingchallenge/dataconnect\": could not find dataconnect.yaml in `/home/user/antigravity/typpingchallenge/dataconnect`\n"}}
[debug] [2026-02-03T06:29:14.320Z] E0203 11:59:14.320773    4101 watch.go:40] Failed to load config from "/home/user/antigravity/typpingchallenge/dataconnect": could not find dataconnect.yaml in `/home/user/antigravity/typpingchallenge/dataconnect`
 {"metadata":{"emulator":{"name":"dataconnect"},"message":"E0203 11:59:14.320773    4101 watch.go:40] Failed to load config from \"/home/user/antigravity/typpingchallenge/dataconnect\": could not find dataconnect.yaml in `/home/user/antigravity/typpingchallenge/dataconnect`\n"}}
[debug] [2026-02-03T06:29:24.325Z] E0203 11:59:24.321772    4101 watch.go:40] Failed to load config from "/home/user/antigravity/typpingchallenge/dataconnect": could not find dataconnect.yaml in `/home/user/antigravity/typpingchallenge/dataconnect`
 {"metadata":{"emulator":{"name":"dataconnect"},"message":"E0203 11:59:24.321772    4101 watch.go:40] Failed to load config from \"/home/user/antigravity/typpingchallenge/dataconnect\": could not find dataconnect.yaml in `/home/user/antigravity/typpingchallenge/dataconnect`\n"}}
[debug] [2026-02-03T06:29:34.312Z] E0203 11:59:34.311863    4101 watch.go:116] watchAllDir unable to walk dir `/home/user/antigravity/typpingchallenge/dataconnect`: lstat /home/user/antigravity/typpingchallenge/dataconnect: no such file or directory
E0203 11:59:34.311936    4101 watch.go:40] Failed to load config from "/home/user/antigravity/typpingchallenge/dataconnect": could not find dataconnect.yaml in `/home/user/antigravity/typpingchallenge/dataconnect`
 {"metadata":{"emulator":{"name":"dataconnect"},"message":"E0203 11:59:34.311863    4101 watch.go:116] watchAllDir unable to walk dir `/home/user/antigravity/typpingchallenge/dataconnect`: lstat /home/user/antigravity/typpingchallenge/dataconnect: no such file or directory\nE0203 11:59:34.311936    4101 watch.go:40] Failed to load config from \"/home/user/antigravity/typpingchallenge/dataconnect\": could not find dataconnect.yaml in `/home/user/antigravity/typpingchallenge/dataconnect`\n"}}
[debug] [2026-02-03T06:29:44.320Z] E0203 11:59:44.320762    4101 watch.go:40] Failed to load config from "/home/user/antigravity/typpingchallenge/dataconnect": could not find dataconnect.yaml in `/home/user/antigravity/typpingchallenge/dataconnect`
 {"metadata":{"emulator":{"name":"dataconnect"},"message":"E0203 11:59:44.320762    4101 watch.go:40] Failed to load config from \"/home/user/antigravity/typpingchallenge/dataconnect\": could not find dataconnect.yaml in `/home/user/antigravity/typpingchallenge/dataconnect`\n"}}
[debug] [2026-02-03T06:29:54.316Z] E0203 11:59:54.315590    4101 watch.go:40] Failed to load config from "/home/user/antigravity/typpingchallenge/dataconnect": could not find dataconnect.yaml in `/home/user/antigravity/typpingchallenge/dataconnect`
 {"metadata":{"emulator":{"name":"dataconnect"},"message":"E0203 11:59:54.315590    4101 watch.go:40] Failed to load config from \"/home/user/antigravity/typpingchallenge/dataconnect\": could not find dataconnect.yaml in `/home/user/antigravity/typpingchallenge/dataconnect`\n"}}
[debug] [2026-02-03T06:30:04.314Z] E0203 12:00:04.312069    4101 watch.go:40] Failed to load config from "/home/user/antigravity/typpingchallenge/dataconnect": could not find dataconnect.yaml in `/home/user/antigravity/typpingchallenge/dataconnect`
 {"metadata":{"emulator":{"name":"dataconnect"},"message":"E0203 12:00:04.312069    4101 watch.go:40] Failed to load config from \"/home/user/antigravity/typpingchallenge/dataconnect\": could not find dataconnect.yaml in `/home/user/antigravity/typpingchallenge/dataconnect`\n"}}
[debug] [2026-02-03T06:30:14.320Z] E0203 12:00:14.320697    4101 watch.go:40] Failed to load config from "/home/user/antigravity/typpingchallenge/dataconnect": could not find dataconnect.yaml in `/home/user/antigravity/typpingchallenge/dataconnect`
 {"metadata":{"emulator":{"name":"dataconnect"},"message":"E0203 12:00:14.320697    4101 watch.go:40] Failed to load config from \"/home/user/antigravity/typpingchallenge/dataconnect\": could not find dataconnect.yaml in `/home/user/antigravity/typpingchallenge/dataconnect`\n"}}
[debug] [2026-02-03T06:30:24.321Z] E0203 12:00:24.320782    4101 watch.go:40] Failed to load config from "/home/user/antigravity/typpingchallenge/dataconnect": could not find dataconnect.yaml in `/home/user/antigravity/typpingchallenge/dataconnect`
 {"metadata":{"emulator":{"name":"dataconnect"},"message":"E0203 12:00:24.320782    4101 watch.go:40] Failed to load config from \"/home/user/antigravity/typpingchallenge/dataconnect\": could not find dataconnect.yaml in `/home/user/antigravity/typpingchallenge/dataconnect`\n"}}
[debug] [2026-02-03T06:30:34.312Z] E0203 12:00:34.311791    4101 watch.go:40] Failed to load config from "/home/user/antigravity/typpingchallenge/dataconnect": could not find dataconnect.yaml in `/home/user/antigravity/typpingchallenge/dataconnect`
 {"metadata":{"emulator":{"name":"dataconnect"},"message":"E0203 12:00:34.311791    4101 watch.go:40] Failed to load config from \"/home/user/antigravity/typpingchallenge/dataconnect\": could not find dataconnect.yaml in `/home/user/antigravity/typpingchallenge/dataconnect`\n"}}
[debug] [2026-02-03T06:30:34.315Z] E0203 12:00:34.314818    4101 watch.go:116] watchAllDir unable to walk dir `/home/user/antigravity/typpingchallenge/dataconnect`: lstat /home/user/antigravity/typpingchallenge/dataconnect: no such file or directory
 {"metadata":{"emulator":{"name":"dataconnect"},"message":"E0203 12:00:34.314818    4101 watch.go:116] watchAllDir unable to walk dir `/home/user/antigravity/typpingchallenge/dataconnect`: lstat /home/user/antigravity/typpingchallenge/dataconnect: no such file or directory\n"}}
[debug] [2026-02-03T06:30:44.322Z] E0203 12:00:44.321492    4101 watch.go:40] Failed to load config from "/home/user/antigravity/typpingchallenge/dataconnect": could not find dataconnect.yaml in `/home/user/antigravity/typpingchallenge/dataconnect`
 {"metadata":{"emulator":{"name":"dataconnect"},"message":"E0203 12:00:44.321492    4101 watch.go:40] Failed to load config from \"/home/user/antigravity/typpingchallenge/dataconnect\": could not find dataconnect.yaml in `/home/user/antigravity/typpingchallenge/dataconnect`\n"}}
[debug] [2026-02-03T06:30:54.320Z] E0203 12:00:54.320709    4101 watch.go:40] Failed to load config from "/home/user/antigravity/typpingchallenge/dataconnect": could not find dataconnect.yaml in `/home/user/antigravity/typpingchallenge/dataconnect`
 {"metadata":{"emulator":{"name":"dataconnect"},"message":"E0203 12:00:54.320709    4101 watch.go:40] Failed to load config from \"/home/user/antigravity/typpingchallenge/dataconnect\": could not find dataconnect.yaml in `/home/user/antigravity/typpingchallenge/dataconnect`\n"}}
[debug] [2026-02-03T06:31:04.312Z] E0203 12:01:04.311739    4101 watch.go:40] Failed to load config from "/home/user/antigravity/typpingchallenge/dataconnect": could not find dataconnect.yaml in `/home/user/antigravity/typpingchallenge/dataconnect`
 {"metadata":{"emulator":{"name":"dataconnect"},"message":"E0203 12:01:04.311739    4101 watch.go:40] Failed to load config from \"/home/user/antigravity/typpingchallenge/dataconnect\": could not find dataconnect.yaml in `/home/user/antigravity/typpingchallenge/dataconnect`\n"}}
[debug] [2026-02-03T06:31:14.321Z] E0203 12:01:14.320871    4101 watch.go:40] Failed to load config from "/home/user/antigravity/typpingchallenge/dataconnect": could not find dataconnect.yaml in `/home/user/antigravity/typpingchallenge/dataconnect`
 {"metadata":{"emulator":{"name":"dataconnect"},"message":"E0203 12:01:14.320871    4101 watch.go:40] Failed to load config from \"/home/user/antigravity/typpingchallenge/dataconnect\": could not find dataconnect.yaml in `/home/user/antigravity/typpingchallenge/dataconnect`\n"}}
[debug] [2026-02-03T06:31:24.321Z] E0203 12:01:24.320904    4101 watch.go:40] Failed to load config from "/home/user/antigravity/typpingchallenge/dataconnect": could not find dataconnect.yaml in `/home/user/antigravity/typpingchallenge/dataconnect`
 {"metadata":{"emulator":{"name":"dataconnect"},"message":"E0203 12:01:24.320904    4101 watch.go:40] Failed to load config from \"/home/user/antigravity/typpingchallenge/dataconnect\": could not find dataconnect.yaml in `/home/user/antigravity/typpingchallenge/dataconnect`\n"}}
[debug] [2026-02-03T06:31:34.312Z] E0203 12:01:34.312408    4101 watch.go:116] watchAllDir unable to walk dir `/home/user/antigravity/typpingchallenge/dataconnect`: lstat /home/user/antigravity/typpingchallenge/dataconnect: no such file or directory
E0203 12:01:34.312510    4101 watch.go:40] Failed to load config from "/home/user/antigravity/typpingchallenge/dataconnect": could not find dataconnect.yaml in `/home/user/antigravity/typpingchallenge/dataconnect`
 {"metadata":{"emulator":{"name":"dataconnect"},"message":"E0203 12:01:34.312408    4101 watch.go:116] watchAllDir unable to walk dir `/home/user/antigravity/typpingchallenge/dataconnect`: lstat /home/user/antigravity/typpingchallenge/dataconnect: no such file or directory\nE0203 12:01:34.312510    4101 watch.go:40] Failed to load config from \"/home/user/antigravity/typpingchallenge/dataconnect\": could not find dataconnect.yaml in `/home/user/antigravity/typpingchallenge/dataconnect`\n"}}
[debug] [2026-02-03T06:31:44.321Z] E0203 12:01:44.321439    4101 watch.go:40] Failed to load config from "/home/user/antigravity/typpingchallenge/dataconnect": could not find dataconnect.yaml in `/home/user/antigravity/typpingchallenge/dataconnect`
 {"metadata":{"emulator":{"name":"dataconnect"},"message":"E0203 12:01:44.321439    4101 watch.go:40] Failed to load config from \"/home/user/antigravity/typpingchallenge/dataconnect\": could not find dataconnect.yaml in `/home/user/antigravity/typpingchallenge/dataconnect`\n"}}
[debug] [2026-02-03T06:31:54.321Z] E0203 12:01:54.320817    4101 watch.go:40] Failed to load config from "/home/user/antigravity/typpingchallenge/dataconnect": could not find dataconnect.yaml in `/home/user/antigravity/typpingchallenge/dataconnect`
 {"metadata":{"emulator":{"name":"dataconnect"},"message":"E0203 12:01:54.320817    4101 watch.go:40] Failed to load config from \"/home/user/antigravity/typpingchallenge/dataconnect\": could not find dataconnect.yaml in `/home/user/antigravity/typpingchallenge/dataconnect`\n"}}
[debug] [2026-02-03T06:32:04.315Z] E0203 12:02:04.313903    4101 watch.go:40] Failed to load config from "/home/user/antigravity/typpingchallenge/dataconnect": could not find dataconnect.yaml in `/home/user/antigravity/typpingchallenge/dataconnect`
 {"metadata":{"emulator":{"name":"dataconnect"},"message":"E0203 12:02:04.313903    4101 watch.go:40] Failed to load config from \"/home/user/antigravity/typpingchallenge/dataconnect\": could not find dataconnect.yaml in `/home/user/antigravity/typpingchallenge/dataconnect`\n"}}
[debug] [2026-02-03T06:32:14.321Z] E0203 12:02:14.320924    4101 watch.go:40] Failed to load config from "/home/user/antigravity/typpingchallenge/dataconnect": could not find dataconnect.yaml in `/home/user/antigravity/typpingchallenge/dataconnect`
 {"metadata":{"emulator":{"name":"dataconnect"},"message":"E0203 12:02:14.320924    4101 watch.go:40] Failed to load config from \"/home/user/antigravity/typpingchallenge/dataconnect\": could not find dataconnect.yaml in `/home/user/antigravity/typpingchallenge/dataconnect`\n"}}
[debug] [2026-02-03T06:32:24.321Z] E0203 12:02:24.320752    4101 watch.go:40] Failed to load config from "/home/user/antigravity/typpingchallenge/dataconnect": could not find dataconnect.yaml in `/home/user/antigravity/typpingchallenge/dataconnect`
 {"metadata":{"emulator":{"name":"dataconnect"},"message":"E0203 12:02:24.320752    4101 watch.go:40] Failed to load config from \"/home/user/antigravity/typpingchallenge/dataconnect\": could not find dataconnect.yaml in `/home/user/antigravity/typpingchallenge/dataconnect`\n"}}
[debug] [2026-02-03T06:32:34.312Z] E0203 12:02:34.312330    4101 watch.go:116] watchAllDir unable to walk dir `/home/user/antigravity/typpingchallenge/dataconnect`: lstat /home/user/antigravity/typpingchallenge/dataconnect: no such file or directory
E0203 12:02:34.312495    4101 watch.go:40] Failed to load config from "/home/user/antigravity/typpingchallenge/dataconnect": could not find dataconnect.yaml in `/home/user/antigravity/typpingchallenge/dataconnect`
 {"metadata":{"emulator":{"name":"dataconnect"},"message":"E0203 12:02:34.312330    4101 watch.go:116] watchAllDir unable to walk dir `/home/user/antigravity/typpingchallenge/dataconnect`: lstat /home/user/antigravity/typpingchallenge/dataconnect: no such file or directory\nE0203 12:02:34.312495    4101 watch.go:40] Failed to load config from \"/home/user/antigravity/typpingchallenge/dataconnect\": could not find dataconnect.yaml in `/home/user/antigravity/typpingchallenge/dataconnect`\n"}}
[debug] [2026-02-03T06:32:44.321Z] E0203 12:02:44.320879    4101 watch.go:40] Failed to load config from "/home/user/antigravity/typpingchallenge/dataconnect": could not find dataconnect.yaml in `/home/user/antigravity/typpingchallenge/dataconnect`
 {"metadata":{"emulator":{"name":"dataconnect"},"message":"E0203 12:02:44.320879    4101 watch.go:40] Failed to load config from \"/home/user/antigravity/typpingchallenge/dataconnect\": could not find dataconnect.yaml in `/home/user/antigravity/typpingchallenge/dataconnect`\n"}}
[debug] [2026-02-03T06:32:54.320Z] E0203 12:02:54.320751    4101 watch.go:40] Failed to load config from "/home/user/antigravity/typpingchallenge/dataconnect": could not find dataconnect.yaml in `/home/user/antigravity/typpingchallenge/dataconnect`
 {"metadata":{"emulator":{"name":"dataconnect"},"message":"E0203 12:02:54.320751    4101 watch.go:40] Failed to load config from \"/home/user/antigravity/typpingchallenge/dataconnect\": could not find dataconnect.yaml in `/home/user/antigravity/typpingchallenge/dataconnect`\n"}}
[debug] [2026-02-03T06:33:04.312Z] E0203 12:03:04.311903    4101 watch.go:40] Failed to load config from "/home/user/antigravity/typpingchallenge/dataconnect": could not find dataconnect.yaml in `/home/user/antigravity/typpingchallenge/dataconnect`
 {"metadata":{"emulator":{"name":"dataconnect"},"message":"E0203 12:03:04.311903    4101 watch.go:40] Failed to load config from \"/home/user/antigravity/typpingchallenge/dataconnect\": could not find dataconnect.yaml in `/home/user/antigravity/typpingchallenge/dataconnect`\n"}}
[debug] [2026-02-03T06:33:14.321Z] E0203 12:03:14.320763    4101 watch.go:40] Failed to load config from "/home/user/antigravity/typpingchallenge/dataconnect": could not find dataconnect.yaml in `/home/user/antigravity/typpingchallenge/dataconnect`
 {"metadata":{"emulator":{"name":"dataconnect"},"message":"E0203 12:03:14.320763    4101 watch.go:40] Failed to load config from \"/home/user/antigravity/typpingchallenge/dataconnect\": could not find dataconnect.yaml in `/home/user/antigravity/typpingchallenge/dataconnect`\n"}}
[debug] [2026-02-03T06:33:24.320Z] E0203 12:03:24.320737    4101 watch.go:40] Failed to load config from "/home/user/antigravity/typpingchallenge/dataconnect": could not find dataconnect.yaml in `/home/user/antigravity/typpingchallenge/dataconnect`
 {"metadata":{"emulator":{"name":"dataconnect"},"message":"E0203 12:03:24.320737    4101 watch.go:40] Failed to load config from \"/home/user/antigravity/typpingchallenge/dataconnect\": could not find dataconnect.yaml in `/home/user/antigravity/typpingchallenge/dataconnect`\n"}}
[debug] [2026-02-03T06:33:34.312Z] E0203 12:03:34.312169    4101 watch.go:116] watchAllDir unable to walk dir `/home/user/antigravity/typpingchallenge/dataconnect`: lstat /home/user/antigravity/typpingchallenge/dataconnect: no such file or directory
E0203 12:03:34.312258    4101 watch.go:40] Failed to load config from "/home/user/antigravity/typpingchallenge/dataconnect": could not find dataconnect.yaml in `/home/user/antigravity/typpingchallenge/dataconnect`
 {"metadata":{"emulator":{"name":"dataconnect"},"message":"E0203 12:03:34.312169    4101 watch.go:116] watchAllDir unable to walk dir `/home/user/antigravity/typpingchallenge/dataconnect`: lstat /home/user/antigravity/typpingchallenge/dataconnect: no such file or directory\nE0203 12:03:34.312258    4101 watch.go:40] Failed to load config from \"/home/user/antigravity/typpingchallenge/dataconnect\": could not find dataconnect.yaml in `/home/user/antigravity/typpingchallenge/dataconnect`\n"}}
[debug] [2026-02-03T06:33:44.321Z] E0203 12:03:44.320920    4101 watch.go:40] Failed to load config from "/home/user/antigravity/typpingchallenge/dataconnect": could not find dataconnect.yaml in `/home/user/antigravity/typpingchallenge/dataconnect`
 {"metadata":{"emulator":{"name":"dataconnect"},"message":"E0203 12:03:44.320920    4101 watch.go:40] Failed to load config from \"/home/user/antigravity/typpingchallenge/dataconnect\": could not find dataconnect.yaml in `/home/user/antigravity/typpingchallenge/dataconnect`\n"}}
[debug] [2026-02-03T06:33:54.325Z] E0203 12:03:54.323134    4101 watch.go:40] Failed to load config from "/home/user/antigravity/typpingchallenge/dataconnect": could not find dataconnect.yaml in `/home/user/antigravity/typpingchallenge/dataconnect`
 {"metadata":{"emulator":{"name":"dataconnect"},"message":"E0203 12:03:54.323134    4101 watch.go:40] Failed to load config from \"/home/user/antigravity/typpingchallenge/dataconnect\": could not find dataconnect.yaml in `/home/user/antigravity/typpingchallenge/dataconnect`\n"}}
[debug] [2026-02-03T06:34:04.316Z] E0203 12:04:04.315537    4101 watch.go:40] Failed to load config from "/home/user/antigravity/typpingchallenge/dataconnect": could not find dataconnect.yaml in `/home/user/antigravity/typpingchallenge/dataconnect`
 {"metadata":{"emulator":{"name":"dataconnect"},"message":"E0203 12:04:04.315537    4101 watch.go:40] Failed to load config from \"/home/user/antigravity/typpingchallenge/dataconnect\": could not find dataconnect.yaml in `/home/user/antigravity/typpingchallenge/dataconnect`\n"}}
[debug] [2026-02-03T06:34:14.312Z] E0203 12:04:14.311745    4101 watch.go:40] Failed to load config from "/home/user/antigravity/typpingchallenge/dataconnect": could not find dataconnect.yaml in `/home/user/antigravity/typpingchallenge/dataconnect`
 {"metadata":{"emulator":{"name":"dataconnect"},"message":"E0203 12:04:14.311745    4101 watch.go:40] Failed to load config from \"/home/user/antigravity/typpingchallenge/dataconnect\": could not find dataconnect.yaml in `/home/user/antigravity/typpingchallenge/dataconnect`\n"}}
[debug] [2026-02-03T06:34:24.321Z] E0203 12:04:24.320890    4101 watch.go:40] Failed to load config from "/home/user/antigravity/typpingchallenge/dataconnect": could not find dataconnect.yaml in `/home/user/antigravity/typpingchallenge/dataconnect`
 {"metadata":{"emulator":{"name":"dataconnect"},"message":"E0203 12:04:24.320890    4101 watch.go:40] Failed to load config from \"/home/user/antigravity/typpingchallenge/dataconnect\": could not find dataconnect.yaml in `/home/user/antigravity/typpingchallenge/dataconnect`\n"}}
[debug] [2026-02-03T06:34:34.312Z] E0203 12:04:34.311955    4101 watch.go:40] Failed to load config from "/home/user/antigravity/typpingchallenge/dataconnect": could not find dataconnect.yaml in `/home/user/antigravity/typpingchallenge/dataconnect`
 {"metadata":{"emulator":{"name":"dataconnect"},"message":"E0203 12:04:34.311955    4101 watch.go:40] Failed to load config from \"/home/user/antigravity/typpingchallenge/dataconnect\": could not find dataconnect.yaml in `/home/user/antigravity/typpingchallenge/dataconnect`\n"}}
[debug] [2026-02-03T06:34:34.313Z] E0203 12:04:34.311872    4101 watch.go:116] watchAllDir unable to walk dir `/home/user/antigravity/typpingchallenge/dataconnect`: lstat /home/user/antigravity/typpingchallenge/dataconnect: no such file or directory
 {"metadata":{"emulator":{"name":"dataconnect"},"message":"E0203 12:04:34.311872    4101 watch.go:116] watchAllDir unable to walk dir `/home/user/antigravity/typpingchallenge/dataconnect`: lstat /home/user/antigravity/typpingchallenge/dataconnect: no such file or directory\n"}}
[debug] [2026-02-03T06:34:44.317Z] E0203 12:04:44.317000    4101 watch.go:40] Failed to load config from "/home/user/antigravity/typpingchallenge/dataconnect": could not find dataconnect.yaml in `/home/user/antigravity/typpingchallenge/dataconnect`
 {"metadata":{"emulator":{"name":"dataconnect"},"message":"E0203 12:04:44.317000    4101 watch.go:40] Failed to load config from \"/home/user/antigravity/typpingchallenge/dataconnect\": could not find dataconnect.yaml in `/home/user/antigravity/typpingchallenge/dataconnect`\n"}}
[debug] [2026-02-03T06:34:54.321Z] E0203 12:04:54.320913    4101 watch.go:40] Failed to load config from "/home/user/antigravity/typpingchallenge/dataconnect": could not find dataconnect.yaml in `/home/user/antigravity/typpingchallenge/dataconnect`
 {"metadata":{"emulator":{"name":"dataconnect"},"message":"E0203 12:04:54.320913    4101 watch.go:40] Failed to load config from \"/home/user/antigravity/typpingchallenge/dataconnect\": could not find dataconnect.yaml in `/home/user/antigravity/typpingchallenge/dataconnect`\n"}}
[debug] [2026-02-03T06:35:04.312Z] E0203 12:05:04.312115    4101 watch.go:40] Failed to load config from "/home/user/antigravity/typpingchallenge/dataconnect": could not find dataconnect.yaml in `/home/user/antigravity/typpingchallenge/dataconnect`
 {"metadata":{"emulator":{"name":"dataconnect"},"message":"E0203 12:05:04.312115    4101 watch.go:40] Failed to load config from \"/home/user/antigravity/typpingchallenge/dataconnect\": could not find dataconnect.yaml in `/home/user/antigravity/typpingchallenge/dataconnect`\n"}}
[debug] [2026-02-03T06:35:14.321Z] E0203 12:05:14.320757    4101 watch.go:40] Failed to load config from "/home/user/antigravity/typpingchallenge/dataconnect": could not find dataconnect.yaml in `/home/user/antigravity/typpingchallenge/dataconnect`
 {"metadata":{"emulator":{"name":"dataconnect"},"message":"E0203 12:05:14.320757    4101 watch.go:40] Failed to load config from \"/home/user/antigravity/typpingchallenge/dataconnect\": could not find dataconnect.yaml in `/home/user/antigravity/typpingchallenge/dataconnect`\n"}}
[debug] [2026-02-03T06:35:24.321Z] E0203 12:05:24.320985    4101 watch.go:40] Failed to load config from "/home/user/antigravity/typpingchallenge/dataconnect": could not find dataconnect.yaml in `/home/user/antigravity/typpingchallenge/dataconnect`
 {"metadata":{"emulator":{"name":"dataconnect"},"message":"E0203 12:05:24.320985    4101 watch.go:40] Failed to load config from \"/home/user/antigravity/typpingchallenge/dataconnect\": could not find dataconnect.yaml in `/home/user/antigravity/typpingchallenge/dataconnect`\n"}}
[debug] [2026-02-03T06:35:34.312Z] E0203 12:05:34.312049    4101 watch.go:116] watchAllDir unable to walk dir `/home/user/antigravity/typpingchallenge/dataconnect`: lstat /home/user/antigravity/typpingchallenge/dataconnect: no such file or directory
E0203 12:05:34.312177    4101 watch.go:40] Failed to load config from "/home/user/antigravity/typpingchallenge/dataconnect": could not find dataconnect.yaml in `/home/user/antigravity/typpingchallenge/dataconnect`
 {"metadata":{"emulator":{"name":"dataconnect"},"message":"E0203 12:05:34.312049    4101 watch.go:116] watchAllDir unable to walk dir `/home/user/antigravity/typpingchallenge/dataconnect`: lstat /home/user/antigravity/typpingchallenge/dataconnect: no such file or directory\nE0203 12:05:34.312177    4101 watch.go:40] Failed to load config from \"/home/user/antigravity/typpingchallenge/dataconnect\": could not find dataconnect.yaml in `/home/user/antigravity/typpingchallenge/dataconnect`\n"}}
[debug] [2026-02-03T06:35:44.321Z] E0203 12:05:44.321191    4101 watch.go:40] Failed to load config from "/home/user/antigravity/typpingchallenge/dataconnect": could not find dataconnect.yaml in `/home/user/antigravity/typpingchallenge/dataconnect`
 {"metadata":{"emulator":{"name":"dataconnect"},"message":"E0203 12:05:44.321191    4101 watch.go:40] Failed to load config from \"/home/user/antigravity/typpingchallenge/dataconnect\": could not find dataconnect.yaml in `/home/user/antigravity/typpingchallenge/dataconnect`\n"}}
[debug] [2026-02-03T06:35:54.321Z] E0203 12:05:54.320863    4101 watch.go:40] Failed to load config from "/home/user/antigravity/typpingchallenge/dataconnect": could not find dataconnect.yaml in `/home/user/antigravity/typpingchallenge/dataconnect`
 {"metadata":{"emulator":{"name":"dataconnect"},"message":"E0203 12:05:54.320863    4101 watch.go:40] Failed to load config from \"/home/user/antigravity/typpingchallenge/dataconnect\": could not find dataconnect.yaml in `/home/user/antigravity/typpingchallenge/dataconnect`\n"}}
[debug] [2026-02-03T06:36:04.320Z] E0203 12:06:04.316529    4101 watch.go:40] Failed to load config from "/home/user/antigravity/typpingchallenge/dataconnect": could not find dataconnect.yaml in `/home/user/antigravity/typpingchallenge/dataconnect`
 {"metadata":{"emulator":{"name":"dataconnect"},"message":"E0203 12:06:04.316529    4101 watch.go:40] Failed to load config from \"/home/user/antigravity/typpingchallenge/dataconnect\": could not find dataconnect.yaml in `/home/user/antigravity/typpingchallenge/dataconnect`\n"}}
[debug] [2026-02-03T06:36:14.317Z] E0203 12:06:14.316575    4101 watch.go:40] Failed to load config from "/home/user/antigravity/typpingchallenge/dataconnect": could not find dataconnect.yaml in `/home/user/antigravity/typpingchallenge/dataconnect`
 {"metadata":{"emulator":{"name":"dataconnect"},"message":"E0203 12:06:14.316575    4101 watch.go:40] Failed to load config from \"/home/user/antigravity/typpingchallenge/dataconnect\": could not find dataconnect.yaml in `/home/user/antigravity/typpingchallenge/dataconnect`\n"}}
[debug] [2026-02-03T06:36:24.312Z] E0203 12:06:24.311816    4101 watch.go:40] Failed to load config from "/home/user/antigravity/typpingchallenge/dataconnect": could not find dataconnect.yaml in `/home/user/antigravity/typpingchallenge/dataconnect`
 {"metadata":{"emulator":{"name":"dataconnect"},"message":"E0203 12:06:24.311816    4101 watch.go:40] Failed to load config from \"/home/user/antigravity/typpingchallenge/dataconnect\": could not find dataconnect.yaml in `/home/user/antigravity/typpingchallenge/dataconnect`\n"}}
[debug] [2026-02-03T06:36:34.312Z] E0203 12:06:34.312049    4101 watch.go:40] Failed to load config from "/home/user/antigravity/typpingchallenge/dataconnect": could not find dataconnect.yaml in `/home/user/antigravity/typpingchallenge/dataconnect`
 {"metadata":{"emulator":{"name":"dataconnect"},"message":"E0203 12:06:34.312049    4101 watch.go:40] Failed to load config from \"/home/user/antigravity/typpingchallenge/dataconnect\": could not find dataconnect.yaml in `/home/user/antigravity/typpingchallenge/dataconnect`\n"}}
[debug] [2026-02-03T06:36:34.312Z] E0203 12:06:34.311959    4101 watch.go:116] watchAllDir unable to walk dir `/home/user/antigravity/typpingchallenge/dataconnect`: lstat /home/user/antigravity/typpingchallenge/dataconnect: no such file or directory
 {"metadata":{"emulator":{"name":"dataconnect"},"message":"E0203 12:06:34.311959    4101 watch.go:116] watchAllDir unable to walk dir `/home/user/antigravity/typpingchallenge/dataconnect`: lstat /home/user/antigravity/typpingchallenge/dataconnect: no such file or directory\n"}}
[debug] [2026-02-03T06:36:44.321Z] E0203 12:06:44.320803    4101 watch.go:40] Failed to load config from "/home/user/antigravity/typpingchallenge/dataconnect": could not find dataconnect.yaml in `/home/user/antigravity/typpingchallenge/dataconnect`
 {"metadata":{"emulator":{"name":"dataconnect"},"message":"E0203 12:06:44.320803    4101 watch.go:40] Failed to load config from \"/home/user/antigravity/typpingchallenge/dataconnect\": could not find dataconnect.yaml in `/home/user/antigravity/typpingchallenge/dataconnect`\n"}}
[debug] [2026-02-03T06:36:54.321Z] E0203 12:06:54.320848    4101 watch.go:40] Failed to load config from "/home/user/antigravity/typpingchallenge/dataconnect": could not find dataconnect.yaml in `/home/user/antigravity/typpingchallenge/dataconnect`
 {"metadata":{"emulator":{"name":"dataconnect"},"message":"E0203 12:06:54.320848    4101 watch.go:40] Failed to load config from \"/home/user/antigravity/typpingchallenge/dataconnect\": could not find dataconnect.yaml in `/home/user/antigravity/typpingchallenge/dataconnect`\n"}}
[debug] [2026-02-03T06:37:04.312Z] E0203 12:07:04.311963    4101 watch.go:40] Failed to load config from "/home/user/antigravity/typpingchallenge/dataconnect": could not find dataconnect.yaml in `/home/user/antigravity/typpingchallenge/dataconnect`
 {"metadata":{"emulator":{"name":"dataconnect"},"message":"E0203 12:07:04.311963    4101 watch.go:40] Failed to load config from \"/home/user/antigravity/typpingchallenge/dataconnect\": could not find dataconnect.yaml in `/home/user/antigravity/typpingchallenge/dataconnect`\n"}}
[debug] [2026-02-03T06:37:14.321Z] E0203 12:07:14.320834    4101 watch.go:40] Failed to load config from "/home/user/antigravity/typpingchallenge/dataconnect": could not find dataconnect.yaml in `/home/user/antigravity/typpingchallenge/dataconnect`
 {"metadata":{"emulator":{"name":"dataconnect"},"message":"E0203 12:07:14.320834    4101 watch.go:40] Failed to load config from \"/home/user/antigravity/typpingchallenge/dataconnect\": could not find dataconnect.yaml in `/home/user/antigravity/typpingchallenge/dataconnect`\n"}}
[debug] [2026-02-03T06:37:24.333Z] E0203 12:07:24.328993    4101 watch.go:40] Failed to load config from "/home/user/antigravity/typpingchallenge/dataconnect": could not find dataconnect.yaml in `/home/user/antigravity/typpingchallenge/dataconnect`
 {"metadata":{"emulator":{"name":"dataconnect"},"message":"E0203 12:07:24.328993    4101 watch.go:40] Failed to load config from \"/home/user/antigravity/typpingchallenge/dataconnect\": could not find dataconnect.yaml in `/home/user/antigravity/typpingchallenge/dataconnect`\n"}}
[debug] [2026-02-03T06:37:34.320Z] E0203 12:07:34.317109    4101 watch.go:40] Failed to load config from "/home/user/antigravity/typpingchallenge/dataconnect": could not find dataconnect.yaml in `/home/user/antigravity/typpingchallenge/dataconnect`
E0203 12:07:34.315130    4101 watch.go:116] watchAllDir unable to walk dir `/home/user/antigravity/typpingchallenge/dataconnect`: lstat /home/user/antigravity/typpingchallenge/dataconnect: no such file or directory
 {"metadata":{"emulator":{"name":"dataconnect"},"message":"E0203 12:07:34.317109    4101 watch.go:40] Failed to load config from \"/home/user/antigravity/typpingchallenge/dataconnect\": could not find dataconnect.yaml in `/home/user/antigravity/typpingchallenge/dataconnect`\nE0203 12:07:34.315130    4101 watch.go:116] watchAllDir unable to walk dir `/home/user/antigravity/typpingchallenge/dataconnect`: lstat /home/user/antigravity/typpingchallenge/dataconnect: no such file or directory\n"}}
[debug] [2026-02-03T06:37:44.321Z] E0203 12:07:44.320802    4101 watch.go:40] Failed to load config from "/home/user/antigravity/typpingchallenge/dataconnect": could not find dataconnect.yaml in `/home/user/antigravity/typpingchallenge/dataconnect`
 {"metadata":{"emulator":{"name":"dataconnect"},"message":"E0203 12:07:44.320802    4101 watch.go:40] Failed to load config from \"/home/user/antigravity/typpingchallenge/dataconnect\": could not find dataconnect.yaml in `/home/user/antigravity/typpingchallenge/dataconnect`\n"}}
[debug] [2026-02-03T06:37:54.323Z] E0203 12:07:54.320788    4101 watch.go:40] Failed to load config from "/home/user/antigravity/typpingchallenge/dataconnect": could not find dataconnect.yaml in `/home/user/antigravity/typpingchallenge/dataconnect`
 {"metadata":{"emulator":{"name":"dataconnect"},"message":"E0203 12:07:54.320788    4101 watch.go:40] Failed to load config from \"/home/user/antigravity/typpingchallenge/dataconnect\": could not find dataconnect.yaml in `/home/user/antigravity/typpingchallenge/dataconnect`\n"}}
[debug] [2026-02-03T06:38:04.312Z] E0203 12:08:04.311911    4101 watch.go:40] Failed to load config from "/home/user/antigravity/typpingchallenge/dataconnect": could not find dataconnect.yaml in `/home/user/antigravity/typpingchallenge/dataconnect`
 {"metadata":{"emulator":{"name":"dataconnect"},"message":"E0203 12:08:04.311911    4101 watch.go:40] Failed to load config from \"/home/user/antigravity/typpingchallenge/dataconnect\": could not find dataconnect.yaml in `/home/user/antigravity/typpingchallenge/dataconnect`\n"}}
[debug] [2026-02-03T06:38:14.321Z] E0203 12:08:14.320774    4101 watch.go:40] Failed to load config from "/home/user/antigravity/typpingchallenge/dataconnect": could not find dataconnect.yaml in `/home/user/antigravity/typpingchallenge/dataconnect`
 {"metadata":{"emulator":{"name":"dataconnect"},"message":"E0203 12:08:14.320774    4101 watch.go:40] Failed to load config from \"/home/user/antigravity/typpingchallenge/dataconnect\": could not find dataconnect.yaml in `/home/user/antigravity/typpingchallenge/dataconnect`\n"}}
[debug] [2026-02-03T06:38:24.317Z] E0203 12:08:24.315746    4101 watch.go:40] Failed to load config from "/home/user/antigravity/typpingchallenge/dataconnect": could not find dataconnect.yaml in `/home/user/antigravity/typpingchallenge/dataconnect`
 {"metadata":{"emulator":{"name":"dataconnect"},"message":"E0203 12:08:24.315746    4101 watch.go:40] Failed to load config from \"/home/user/antigravity/typpingchallenge/dataconnect\": could not find dataconnect.yaml in `/home/user/antigravity/typpingchallenge/dataconnect`\n"}}
[debug] [2026-02-03T06:38:34.312Z] E0203 12:08:34.312035    4101 watch.go:40] Failed to load config from "/home/user/antigravity/typpingchallenge/dataconnect": could not find dataconnect.yaml in `/home/user/antigravity/typpingchallenge/dataconnect`
 {"metadata":{"emulator":{"name":"dataconnect"},"message":"E0203 12:08:34.312035    4101 watch.go:40] Failed to load config from \"/home/user/antigravity/typpingchallenge/dataconnect\": could not find dataconnect.yaml in `/home/user/antigravity/typpingchallenge/dataconnect`\n"}}
[debug] [2026-02-03T06:38:34.317Z] E0203 12:08:34.311970    4101 watch.go:116] watchAllDir unable to walk dir `/home/user/antigravity/typpingchallenge/dataconnect`: lstat /home/user/antigravity/typpingchallenge/dataconnect: no such file or directory
 {"metadata":{"emulator":{"name":"dataconnect"},"message":"E0203 12:08:34.311970    4101 watch.go:116] watchAllDir unable to walk dir `/home/user/antigravity/typpingchallenge/dataconnect`: lstat /home/user/antigravity/typpingchallenge/dataconnect: no such file or directory\n"}}
[debug] [2026-02-03T06:38:44.321Z] E0203 12:08:44.320814    4101 watch.go:40] Failed to load config from "/home/user/antigravity/typpingchallenge/dataconnect": could not find dataconnect.yaml in `/home/user/antigravity/typpingchallenge/dataconnect`
 {"metadata":{"emulator":{"name":"dataconnect"},"message":"E0203 12:08:44.320814    4101 watch.go:40] Failed to load config from \"/home/user/antigravity/typpingchallenge/dataconnect\": could not find dataconnect.yaml in `/home/user/antigravity/typpingchallenge/dataconnect`\n"}}
[debug] [2026-02-03T06:38:54.321Z] E0203 12:08:54.320813    4101 watch.go:40] Failed to load config from "/home/user/antigravity/typpingchallenge/dataconnect": could not find dataconnect.yaml in `/home/user/antigravity/typpingchallenge/dataconnect`
 {"metadata":{"emulator":{"name":"dataconnect"},"message":"E0203 12:08:54.320813    4101 watch.go:40] Failed to load config from \"/home/user/antigravity/typpingchallenge/dataconnect\": could not find dataconnect.yaml in `/home/user/antigravity/typpingchallenge/dataconnect`\n"}}
[debug] [2026-02-03T06:39:04.312Z] E0203 12:09:04.311936    4101 watch.go:40] Failed to load config from "/home/user/antigravity/typpingchallenge/dataconnect": could not find dataconnect.yaml in `/home/user/antigravity/typpingchallenge/dataconnect`
 {"metadata":{"emulator":{"name":"dataconnect"},"message":"E0203 12:09:04.311936    4101 watch.go:40] Failed to load config from \"/home/user/antigravity/typpingchallenge/dataconnect\": could not find dataconnect.yaml in `/home/user/antigravity/typpingchallenge/dataconnect`\n"}}
[debug] [2026-02-03T06:39:14.320Z] E0203 12:09:14.320729    4101 watch.go:40] Failed to load config from "/home/user/antigravity/typpingchallenge/dataconnect": could not find dataconnect.yaml in `/home/user/antigravity/typpingchallenge/dataconnect`
 {"metadata":{"emulator":{"name":"dataconnect"},"message":"E0203 12:09:14.320729    4101 watch.go:40] Failed to load config from \"/home/user/antigravity/typpingchallenge/dataconnect\": could not find dataconnect.yaml in `/home/user/antigravity/typpingchallenge/dataconnect`\n"}}
[debug] [2026-02-03T06:39:24.321Z] E0203 12:09:24.320891    4101 watch.go:40] Failed to load config from "/home/user/antigravity/typpingchallenge/dataconnect": could not find dataconnect.yaml in `/home/user/antigravity/typpingchallenge/dataconnect`
 {"metadata":{"emulator":{"name":"dataconnect"},"message":"E0203 12:09:24.320891    4101 watch.go:40] Failed to load config from \"/home/user/antigravity/typpingchallenge/dataconnect\": could not find dataconnect.yaml in `/home/user/antigravity/typpingchallenge/dataconnect`\n"}}
[debug] [2026-02-03T06:39:34.312Z] E0203 12:09:34.311881    4101 watch.go:116] watchAllDir unable to walk dir `/home/user/antigravity/typpingchallenge/dataconnect`: lstat /home/user/antigravity/typpingchallenge/dataconnect: no such file or directory
E0203 12:09:34.311937    4101 watch.go:40] Failed to load config from "/home/user/antigravity/typpingchallenge/dataconnect": could not find dataconnect.yaml in `/home/user/antigravity/typpingchallenge/dataconnect`
 {"metadata":{"emulator":{"name":"dataconnect"},"message":"E0203 12:09:34.311881    4101 watch.go:116] watchAllDir unable to walk dir `/home/user/antigravity/typpingchallenge/dataconnect`: lstat /home/user/antigravity/typpingchallenge/dataconnect: no such file or directory\nE0203 12:09:34.311937    4101 watch.go:40] Failed to load config from \"/home/user/antigravity/typpingchallenge/dataconnect\": could not find dataconnect.yaml in `/home/user/antigravity/typpingchallenge/dataconnect`\n"}}
[debug] [2026-02-03T06:39:44.321Z] E0203 12:09:44.320937    4101 watch.go:40] Failed to load config from "/home/user/antigravity/typpingchallenge/dataconnect": could not find dataconnect.yaml in `/home/user/antigravity/typpingchallenge/dataconnect`
 {"metadata":{"emulator":{"name":"dataconnect"},"message":"E0203 12:09:44.320937    4101 watch.go:40] Failed to load config from \"/home/user/antigravity/typpingchallenge/dataconnect\": could not find dataconnect.yaml in `/home/user/antigravity/typpingchallenge/dataconnect`\n"}}
[debug] [2026-02-03T06:39:54.321Z] E0203 12:09:54.320928    4101 watch.go:40] Failed to load config from "/home/user/antigravity/typpingchallenge/dataconnect": could not find dataconnect.yaml in `/home/user/antigravity/typpingchallenge/dataconnect`
 {"metadata":{"emulator":{"name":"dataconnect"},"message":"E0203 12:09:54.320928    4101 watch.go:40] Failed to load config from \"/home/user/antigravity/typpingchallenge/dataconnect\": could not find dataconnect.yaml in `/home/user/antigravity/typpingchallenge/dataconnect`\n"}}
[debug] [2026-02-03T06:40:04.312Z] E0203 12:10:04.312095    4101 watch.go:40] Failed to load config from "/home/user/antigravity/typpingchallenge/dataconnect": could not find dataconnect.yaml in `/home/user/antigravity/typpingchallenge/dataconnect`
 {"metadata":{"emulator":{"name":"dataconnect"},"message":"E0203 12:10:04.312095    4101 watch.go:40] Failed to load config from \"/home/user/antigravity/typpingchallenge/dataconnect\": could not find dataconnect.yaml in `/home/user/antigravity/typpingchallenge/dataconnect`\n"}}
[debug] [2026-02-03T06:40:14.321Z] E0203 12:10:14.320879    4101 watch.go:40] Failed to load config from "/home/user/antigravity/typpingchallenge/dataconnect": could not find dataconnect.yaml in `/home/user/antigravity/typpingchallenge/dataconnect`
 {"metadata":{"emulator":{"name":"dataconnect"},"message":"E0203 12:10:14.320879    4101 watch.go:40] Failed to load config from \"/home/user/antigravity/typpingchallenge/dataconnect\": could not find dataconnect.yaml in `/home/user/antigravity/typpingchallenge/dataconnect`\n"}}
[debug] [2026-02-03T06:40:24.321Z] E0203 12:10:24.320935    4101 watch.go:40] Failed to load config from "/home/user/antigravity/typpingchallenge/dataconnect": could not find dataconnect.yaml in `/home/user/antigravity/typpingchallenge/dataconnect`
 {"metadata":{"emulator":{"name":"dataconnect"},"message":"E0203 12:10:24.320935    4101 watch.go:40] Failed to load config from \"/home/user/antigravity/typpingchallenge/dataconnect\": could not find dataconnect.yaml in `/home/user/antigravity/typpingchallenge/dataconnect`\n"}}
[debug] [2026-02-03T06:40:34.312Z] E0203 12:10:34.311839    4101 watch.go:40] Failed to load config from "/home/user/antigravity/typpingchallenge/dataconnect": could not find dataconnect.yaml in `/home/user/antigravity/typpingchallenge/dataconnect`
E0203 12:10:34.311753    4101 watch.go:116] watchAllDir unable to walk dir `/home/user/antigravity/typpingchallenge/dataconnect`: lstat /home/user/antigravity/typpingchallenge/dataconnect: no such file or directory
 {"metadata":{"emulator":{"name":"dataconnect"},"message":"E0203 12:10:34.311839    4101 watch.go:40] Failed to load config from \"/home/user/antigravity/typpingchallenge/dataconnect\": could not find dataconnect.yaml in `/home/user/antigravity/typpingchallenge/dataconnect`\nE0203 12:10:34.311753    4101 watch.go:116] watchAllDir unable to walk dir `/home/user/antigravity/typpingchallenge/dataconnect`: lstat /home/user/antigravity/typpingchallenge/dataconnect: no such file or directory\n"}}
[debug] [2026-02-03T06:40:44.321Z] E0203 12:10:44.320841    4101 watch.go:40] Failed to load config from "/home/user/antigravity/typpingchallenge/dataconnect": could not find dataconnect.yaml in `/home/user/antigravity/typpingchallenge/dataconnect`
 {"metadata":{"emulator":{"name":"dataconnect"},"message":"E0203 12:10:44.320841    4101 watch.go:40] Failed to load config from \"/home/user/antigravity/typpingchallenge/dataconnect\": could not find dataconnect.yaml in `/home/user/antigravity/typpingchallenge/dataconnect`\n"}}
[debug] [2026-02-03T06:40:54.321Z] E0203 12:10:54.320782    4101 watch.go:40] Failed to load config from "/home/user/antigravity/typpingchallenge/dataconnect": could not find dataconnect.yaml in `/home/user/antigravity/typpingchallenge/dataconnect`
 {"metadata":{"emulator":{"name":"dataconnect"},"message":"E0203 12:10:54.320782    4101 watch.go:40] Failed to load config from \"/home/user/antigravity/typpingchallenge/dataconnect\": could not find dataconnect.yaml in `/home/user/antigravity/typpingchallenge/dataconnect`\n"}}
[debug] [2026-02-03T06:41:04.312Z] E0203 12:11:04.312063    4101 watch.go:40] Failed to load config from "/home/user/antigravity/typpingchallenge/dataconnect": could not find dataconnect.yaml in `/home/user/antigravity/typpingchallenge/dataconnect`
 {"metadata":{"emulator":{"name":"dataconnect"},"message":"E0203 12:11:04.312063    4101 watch.go:40] Failed to load config from \"/home/user/antigravity/typpingchallenge/dataconnect\": could not find dataconnect.yaml in `/home/user/antigravity/typpingchallenge/dataconnect`\n"}}
[debug] [2026-02-03T06:41:14.321Z] E0203 12:11:14.320990    4101 watch.go:40] Failed to load config from "/home/user/antigravity/typpingchallenge/dataconnect": could not find dataconnect.yaml in `/home/user/antigravity/typpingchallenge/dataconnect`
 {"metadata":{"emulator":{"name":"dataconnect"},"message":"E0203 12:11:14.320990    4101 watch.go:40] Failed to load config from \"/home/user/antigravity/typpingchallenge/dataconnect\": could not find dataconnect.yaml in `/home/user/antigravity/typpingchallenge/dataconnect`\n"}}
[debug] [2026-02-03T06:41:24.321Z] E0203 12:11:24.321284    4101 watch.go:40] Failed to load config from "/home/user/antigravity/typpingchallenge/dataconnect": could not find dataconnect.yaml in `/home/user/antigravity/typpingchallenge/dataconnect`
 {"metadata":{"emulator":{"name":"dataconnect"},"message":"E0203 12:11:24.321284    4101 watch.go:40] Failed to load config from \"/home/user/antigravity/typpingchallenge/dataconnect\": could not find dataconnect.yaml in `/home/user/antigravity/typpingchallenge/dataconnect`\n"}}
[debug] [2026-02-03T06:41:34.312Z] E0203 12:11:34.312007    4101 watch.go:40] Failed to load config from "/home/user/antigravity/typpingchallenge/dataconnect": could not find dataconnect.yaml in `/home/user/antigravity/typpingchallenge/dataconnect`
 {"metadata":{"emulator":{"name":"dataconnect"},"message":"E0203 12:11:34.312007    4101 watch.go:40] Failed to load config from \"/home/user/antigravity/typpingchallenge/dataconnect\": could not find dataconnect.yaml in `/home/user/antigravity/typpingchallenge/dataconnect`\n"}}
[debug] [2026-02-03T06:41:34.313Z] E0203 12:11:34.311913    4101 watch.go:116] watchAllDir unable to walk dir `/home/user/antigravity/typpingchallenge/dataconnect`: lstat /home/user/antigravity/typpingchallenge/dataconnect: no such file or directory
 {"metadata":{"emulator":{"name":"dataconnect"},"message":"E0203 12:11:34.311913    4101 watch.go:116] watchAllDir unable to walk dir `/home/user/antigravity/typpingchallenge/dataconnect`: lstat /home/user/antigravity/typpingchallenge/dataconnect: no such file or directory\n"}}
[debug] [2026-02-03T06:41:44.320Z] E0203 12:11:44.319778    4101 watch.go:40] Failed to load config from "/home/user/antigravity/typpingchallenge/dataconnect": could not find dataconnect.yaml in `/home/user/antigravity/typpingchallenge/dataconnect`
 {"metadata":{"emulator":{"name":"dataconnect"},"message":"E0203 12:11:44.319778    4101 watch.go:40] Failed to load config from \"/home/user/antigravity/typpingchallenge/dataconnect\": could not find dataconnect.yaml in `/home/user/antigravity/typpingchallenge/dataconnect`\n"}}
[debug] [2026-02-03T06:41:54.321Z] E0203 12:11:54.320825    4101 watch.go:40] Failed to load config from "/home/user/antigravity/typpingchallenge/dataconnect": could not find dataconnect.yaml in `/home/user/antigravity/typpingchallenge/dataconnect`
 {"metadata":{"emulator":{"name":"dataconnect"},"message":"E0203 12:11:54.320825    4101 watch.go:40] Failed to load config from \"/home/user/antigravity/typpingchallenge/dataconnect\": could not find dataconnect.yaml in `/home/user/antigravity/typpingchallenge/dataconnect`\n"}}
[debug] [2026-02-03T06:42:04.322Z] E0203 12:12:04.318621    4101 watch.go:40] Failed to load config from "/home/user/antigravity/typpingchallenge/dataconnect": could not find dataconnect.yaml in `/home/user/antigravity/typpingchallenge/dataconnect`
 {"metadata":{"emulator":{"name":"dataconnect"},"message":"E0203 12:12:04.318621    4101 watch.go:40] Failed to load config from \"/home/user/antigravity/typpingchallenge/dataconnect\": could not find dataconnect.yaml in `/home/user/antigravity/typpingchallenge/dataconnect`\n"}}
[debug] [2026-02-03T06:42:14.343Z] E0203 12:12:14.336926    4101 watch.go:40] Failed to load config from "/home/user/antigravity/typpingchallenge/dataconnect": could not find dataconnect.yaml in `/home/user/antigravity/typpingchallenge/dataconnect`
 {"metadata":{"emulator":{"name":"dataconnect"},"message":"E0203 12:12:14.336926    4101 watch.go:40] Failed to load config from \"/home/user/antigravity/typpingchallenge/dataconnect\": could not find dataconnect.yaml in `/home/user/antigravity/typpingchallenge/dataconnect`\n"}}
[debug] [2026-02-03T06:42:24.686Z] E0203 12:12:24.356818    4101 watch.go:40] Failed to load config from "/home/user/antigravity/typpingchallenge/dataconnect": could not find dataconnect.yaml in `/home/user/antigravity/typpingchallenge/dataconnect`
 {"metadata":{"emulator":{"name":"dataconnect"},"message":"E0203 12:12:24.356818    4101 watch.go:40] Failed to load config from \"/home/user/antigravity/typpingchallenge/dataconnect\": could not find dataconnect.yaml in `/home/user/antigravity/typpingchallenge/dataconnect`\n"}}
[debug] [2026-02-03T06:42:34.334Z] E0203 12:12:34.320822    4101 watch.go:116] watchAllDir unable to walk dir `/home/user/antigravity/typpingchallenge/dataconnect`: lstat /home/user/antigravity/typpingchallenge/dataconnect: no such file or directory
E0203 12:12:34.324797    4101 watch.go:40] Failed to load config from "/home/user/antigravity/typpingchallenge/dataconnect": could not find dataconnect.yaml in `/home/user/antigravity/typpingchallenge/dataconnect`
 {"metadata":{"emulator":{"name":"dataconnect"},"message":"E0203 12:12:34.320822    4101 watch.go:116] watchAllDir unable to walk dir `/home/user/antigravity/typpingchallenge/dataconnect`: lstat /home/user/antigravity/typpingchallenge/dataconnect: no such file or directory\nE0203 12:12:34.324797    4101 watch.go:40] Failed to load config from \"/home/user/antigravity/typpingchallenge/dataconnect\": could not find dataconnect.yaml in `/home/user/antigravity/typpingchallenge/dataconnect`\n"}}
[debug] [2026-02-03T06:42:44.349Z] E0203 12:12:44.336532    4101 watch.go:40] Failed to load config from "/home/user/antigravity/typpingchallenge/dataconnect": could not find dataconnect.yaml in `/home/user/antigravity/typpingchallenge/dataconnect`
 {"metadata":{"emulator":{"name":"dataconnect"},"message":"E0203 12:12:44.336532    4101 watch.go:40] Failed to load config from \"/home/user/antigravity/typpingchallenge/dataconnect\": could not find dataconnect.yaml in `/home/user/antigravity/typpingchallenge/dataconnect`\n"}}
[debug] [2026-02-03T06:42:54.332Z] E0203 12:12:54.327831    4101 watch.go:40] Failed to load config from "/home/user/antigravity/typpingchallenge/dataconnect": could not find dataconnect.yaml in `/home/user/antigravity/typpingchallenge/dataconnect`
 {"metadata":{"emulator":{"name":"dataconnect"},"message":"E0203 12:12:54.327831    4101 watch.go:40] Failed to load config from \"/home/user/antigravity/typpingchallenge/dataconnect\": could not find dataconnect.yaml in `/home/user/antigravity/typpingchallenge/dataconnect`\n"}}
[debug] [2026-02-03T06:43:04.313Z] E0203 12:13:04.312593    4101 watch.go:40] Failed to load config from "/home/user/antigravity/typpingchallenge/dataconnect": could not find dataconnect.yaml in `/home/user/antigravity/typpingchallenge/dataconnect`
 {"metadata":{"emulator":{"name":"dataconnect"},"message":"E0203 12:13:04.312593    4101 watch.go:40] Failed to load config from \"/home/user/antigravity/typpingchallenge/dataconnect\": could not find dataconnect.yaml in `/home/user/antigravity/typpingchallenge/dataconnect`\n"}}
[debug] [2026-02-03T06:43:14.321Z] E0203 12:13:14.320923    4101 watch.go:40] Failed to load config from "/home/user/antigravity/typpingchallenge/dataconnect": could not find dataconnect.yaml in `/home/user/antigravity/typpingchallenge/dataconnect`
 {"metadata":{"emulator":{"name":"dataconnect"},"message":"E0203 12:13:14.320923    4101 watch.go:40] Failed to load config from \"/home/user/antigravity/typpingchallenge/dataconnect\": could not find dataconnect.yaml in `/home/user/antigravity/typpingchallenge/dataconnect`\n"}}
[debug] [2026-02-03T06:43:24.321Z] E0203 12:13:24.320774    4101 watch.go:40] Failed to load config from "/home/user/antigravity/typpingchallenge/dataconnect": could not find dataconnect.yaml in `/home/user/antigravity/typpingchallenge/dataconnect`
 {"metadata":{"emulator":{"name":"dataconnect"},"message":"E0203 12:13:24.320774    4101 watch.go:40] Failed to load config from \"/home/user/antigravity/typpingchallenge/dataconnect\": could not find dataconnect.yaml in `/home/user/antigravity/typpingchallenge/dataconnect`\n"}}
[debug] [2026-02-03T06:43:34.314Z] E0203 12:13:34.313226    4101 watch.go:40] Failed to load config from "/home/user/antigravity/typpingchallenge/dataconnect": could not find dataconnect.yaml in `/home/user/antigravity/typpingchallenge/dataconnect`
 {"metadata":{"emulator":{"name":"dataconnect"},"message":"E0203 12:13:34.313226    4101 watch.go:40] Failed to load config from \"/home/user/antigravity/typpingchallenge/dataconnect\": could not find dataconnect.yaml in `/home/user/antigravity/typpingchallenge/dataconnect`\n"}}
[debug] [2026-02-03T06:43:34.327Z] E0203 12:13:34.312811    4101 watch.go:116] watchAllDir unable to walk dir `/home/user/antigravity/typpingchallenge/dataconnect`: lstat /home/user/antigravity/typpingchallenge/dataconnect: no such file or directory
 {"metadata":{"emulator":{"name":"dataconnect"},"message":"E0203 12:13:34.312811    4101 watch.go:116] watchAllDir unable to walk dir `/home/user/antigravity/typpingchallenge/dataconnect`: lstat /home/user/antigravity/typpingchallenge/dataconnect: no such file or directory\n"}}
[debug] [2026-02-03T06:43:44.321Z] E0203 12:13:44.320770    4101 watch.go:40] Failed to load config from "/home/user/antigravity/typpingchallenge/dataconnect": could not find dataconnect.yaml in `/home/user/antigravity/typpingchallenge/dataconnect`
 {"metadata":{"emulator":{"name":"dataconnect"},"message":"E0203 12:13:44.320770    4101 watch.go:40] Failed to load config from \"/home/user/antigravity/typpingchallenge/dataconnect\": could not find dataconnect.yaml in `/home/user/antigravity/typpingchallenge/dataconnect`\n"}}
[debug] [2026-02-03T06:43:54.321Z] E0203 12:13:54.320847    4101 watch.go:40] Failed to load config from "/home/user/antigravity/typpingchallenge/dataconnect": could not find dataconnect.yaml in `/home/user/antigravity/typpingchallenge/dataconnect`
 {"metadata":{"emulator":{"name":"dataconnect"},"message":"E0203 12:13:54.320847    4101 watch.go:40] Failed to load config from \"/home/user/antigravity/typpingchallenge/dataconnect\": could not find dataconnect.yaml in `/home/user/antigravity/typpingchallenge/dataconnect`\n"}}
[debug] [2026-02-03T06:44:04.312Z] E0203 12:14:04.312132    4101 watch.go:40] Failed to load config from "/home/user/antigravity/typpingchallenge/dataconnect": could not find dataconnect.yaml in `/home/user/antigravity/typpingchallenge/dataconnect`
 {"metadata":{"emulator":{"name":"dataconnect"},"message":"E0203 12:14:04.312132    4101 watch.go:40] Failed to load config from \"/home/user/antigravity/typpingchallenge/dataconnect\": could not find dataconnect.yaml in `/home/user/antigravity/typpingchallenge/dataconnect`\n"}}
[debug] [2026-02-03T06:44:14.321Z] E0203 12:14:14.320764    4101 watch.go:40] Failed to load config from "/home/user/antigravity/typpingchallenge/dataconnect": could not find dataconnect.yaml in `/home/user/antigravity/typpingchallenge/dataconnect`
 {"metadata":{"emulator":{"name":"dataconnect"},"message":"E0203 12:14:14.320764    4101 watch.go:40] Failed to load config from \"/home/user/antigravity/typpingchallenge/dataconnect\": could not find dataconnect.yaml in `/home/user/antigravity/typpingchallenge/dataconnect`\n"}}
[debug] [2026-02-03T06:44:24.321Z] E0203 12:14:24.320715    4101 watch.go:40] Failed to load config from "/home/user/antigravity/typpingchallenge/dataconnect": could not find dataconnect.yaml in `/home/user/antigravity/typpingchallenge/dataconnect`
 {"metadata":{"emulator":{"name":"dataconnect"},"message":"E0203 12:14:24.320715    4101 watch.go:40] Failed to load config from \"/home/user/antigravity/typpingchallenge/dataconnect\": could not find dataconnect.yaml in `/home/user/antigravity/typpingchallenge/dataconnect`\n"}}
[debug] [2026-02-03T06:44:34.312Z] E0203 12:14:34.311840    4101 watch.go:116] watchAllDir unable to walk dir `/home/user/antigravity/typpingchallenge/dataconnect`: lstat /home/user/antigravity/typpingchallenge/dataconnect: no such file or directory
E0203 12:14:34.311941    4101 watch.go:40] Failed to load config from "/home/user/antigravity/typpingchallenge/dataconnect": could not find dataconnect.yaml in `/home/user/antigravity/typpingchallenge/dataconnect`
 {"metadata":{"emulator":{"name":"dataconnect"},"message":"E0203 12:14:34.311840    4101 watch.go:116] watchAllDir unable to walk dir `/home/user/antigravity/typpingchallenge/dataconnect`: lstat /home/user/antigravity/typpingchallenge/dataconnect: no such file or directory\nE0203 12:14:34.311941    4101 watch.go:40] Failed to load config from \"/home/user/antigravity/typpingchallenge/dataconnect\": could not find dataconnect.yaml in `/home/user/antigravity/typpingchallenge/dataconnect`\n"}}
[debug] [2026-02-03T06:44:44.314Z] E0203 12:14:44.313228    4101 watch.go:40] Failed to load config from "/home/user/antigravity/typpingchallenge/dataconnect": could not find dataconnect.yaml in `/home/user/antigravity/typpingchallenge/dataconnect`
 {"metadata":{"emulator":{"name":"dataconnect"},"message":"E0203 12:14:44.313228    4101 watch.go:40] Failed to load config from \"/home/user/antigravity/typpingchallenge/dataconnect\": could not find dataconnect.yaml in `/home/user/antigravity/typpingchallenge/dataconnect`\n"}}
[debug] [2026-02-03T06:44:54.312Z] E0203 12:14:54.311823    4101 watch.go:40] Failed to load config from "/home/user/antigravity/typpingchallenge/dataconnect": could not find dataconnect.yaml in `/home/user/antigravity/typpingchallenge/dataconnect`
 {"metadata":{"emulator":{"name":"dataconnect"},"message":"E0203 12:14:54.311823    4101 watch.go:40] Failed to load config from \"/home/user/antigravity/typpingchallenge/dataconnect\": could not find dataconnect.yaml in `/home/user/antigravity/typpingchallenge/dataconnect`\n"}}
[debug] [2026-02-03T06:45:04.312Z] E0203 12:15:04.312179    4101 watch.go:40] Failed to load config from "/home/user/antigravity/typpingchallenge/dataconnect": could not find dataconnect.yaml in `/home/user/antigravity/typpingchallenge/dataconnect`
 {"metadata":{"emulator":{"name":"dataconnect"},"message":"E0203 12:15:04.312179    4101 watch.go:40] Failed to load config from \"/home/user/antigravity/typpingchallenge/dataconnect\": could not find dataconnect.yaml in `/home/user/antigravity/typpingchallenge/dataconnect`\n"}}
[debug] [2026-02-03T06:45:14.321Z] E0203 12:15:14.320841    4101 watch.go:40] Failed to load config from "/home/user/antigravity/typpingchallenge/dataconnect": could not find dataconnect.yaml in `/home/user/antigravity/typpingchallenge/dataconnect`
 {"metadata":{"emulator":{"name":"dataconnect"},"message":"E0203 12:15:14.320841    4101 watch.go:40] Failed to load config from \"/home/user/antigravity/typpingchallenge/dataconnect\": could not find dataconnect.yaml in `/home/user/antigravity/typpingchallenge/dataconnect`\n"}}
[debug] [2026-02-03T06:45:24.321Z] E0203 12:15:24.320786    4101 watch.go:40] Failed to load config from "/home/user/antigravity/typpingchallenge/dataconnect": could not find dataconnect.yaml in `/home/user/antigravity/typpingchallenge/dataconnect`
 {"metadata":{"emulator":{"name":"dataconnect"},"message":"E0203 12:15:24.320786    4101 watch.go:40] Failed to load config from \"/home/user/antigravity/typpingchallenge/dataconnect\": could not find dataconnect.yaml in `/home/user/antigravity/typpingchallenge/dataconnect`\n"}}
[debug] [2026-02-03T06:45:34.312Z] E0203 12:15:34.312150    4101 watch.go:116] watchAllDir unable to walk dir `/home/user/antigravity/typpingchallenge/dataconnect`: lstat /home/user/antigravity/typpingchallenge/dataconnect: no such file or directory
E0203 12:15:34.312251    4101 watch.go:40] Failed to load config from "/home/user/antigravity/typpingchallenge/dataconnect": could not find dataconnect.yaml in `/home/user/antigravity/typpingchallenge/dataconnect`
 {"metadata":{"emulator":{"name":"dataconnect"},"message":"E0203 12:15:34.312150    4101 watch.go:116] watchAllDir unable to walk dir `/home/user/antigravity/typpingchallenge/dataconnect`: lstat /home/user/antigravity/typpingchallenge/dataconnect: no such file or directory\nE0203 12:15:34.312251    4101 watch.go:40] Failed to load config from \"/home/user/antigravity/typpingchallenge/dataconnect\": could not find dataconnect.yaml in `/home/user/antigravity/typpingchallenge/dataconnect`\n"}}
[debug] [2026-02-03T06:45:44.321Z] E0203 12:15:44.321334    4101 watch.go:40] Failed to load config from "/home/user/antigravity/typpingchallenge/dataconnect": could not find dataconnect.yaml in `/home/user/antigravity/typpingchallenge/dataconnect`
 {"metadata":{"emulator":{"name":"dataconnect"},"message":"E0203 12:15:44.321334    4101 watch.go:40] Failed to load config from \"/home/user/antigravity/typpingchallenge/dataconnect\": could not find dataconnect.yaml in `/home/user/antigravity/typpingchallenge/dataconnect`\n"}}
[debug] [2026-02-03T06:45:54.321Z] E0203 12:15:54.321423    4101 watch.go:40] Failed to load config from "/home/user/antigravity/typpingchallenge/dataconnect": could not find dataconnect.yaml in `/home/user/antigravity/typpingchallenge/dataconnect`
 {"metadata":{"emulator":{"name":"dataconnect"},"message":"E0203 12:15:54.321423    4101 watch.go:40] Failed to load config from \"/home/user/antigravity/typpingchallenge/dataconnect\": could not find dataconnect.yaml in `/home/user/antigravity/typpingchallenge/dataconnect`\n"}}
[debug] [2026-02-03T06:46:04.312Z] E0203 12:16:04.311973    4101 watch.go:40] Failed to load config from "/home/user/antigravity/typpingchallenge/dataconnect": could not find dataconnect.yaml in `/home/user/antigravity/typpingchallenge/dataconnect`
 {"metadata":{"emulator":{"name":"dataconnect"},"message":"E0203 12:16:04.311973    4101 watch.go:40] Failed to load config from \"/home/user/antigravity/typpingchallenge/dataconnect\": could not find dataconnect.yaml in `/home/user/antigravity/typpingchallenge/dataconnect`\n"}}
[debug] [2026-02-03T06:46:14.321Z] E0203 12:16:14.320771    4101 watch.go:40] Failed to load config from "/home/user/antigravity/typpingchallenge/dataconnect": could not find dataconnect.yaml in `/home/user/antigravity/typpingchallenge/dataconnect`
 {"metadata":{"emulator":{"name":"dataconnect"},"message":"E0203 12:16:14.320771    4101 watch.go:40] Failed to load config from \"/home/user/antigravity/typpingchallenge/dataconnect\": could not find dataconnect.yaml in `/home/user/antigravity/typpingchallenge/dataconnect`\n"}}
[debug] [2026-02-03T06:46:24.321Z] E0203 12:16:24.320894    4101 watch.go:40] Failed to load config from "/home/user/antigravity/typpingchallenge/dataconnect": could not find dataconnect.yaml in `/home/user/antigravity/typpingchallenge/dataconnect`
 {"metadata":{"emulator":{"name":"dataconnect"},"message":"E0203 12:16:24.320894    4101 watch.go:40] Failed to load config from \"/home/user/antigravity/typpingchallenge/dataconnect\": could not find dataconnect.yaml in `/home/user/antigravity/typpingchallenge/dataconnect`\n"}}
[debug] [2026-02-03T06:46:34.312Z] E0203 12:16:34.311985    4101 watch.go:116] watchAllDir unable to walk dir `/home/user/antigravity/typpingchallenge/dataconnect`: lstat /home/user/antigravity/typpingchallenge/dataconnect: no such file or directory
E0203 12:16:34.312053    4101 watch.go:40] Failed to load config from "/home/user/antigravity/typpingchallenge/dataconnect": could not find dataconnect.yaml in `/home/user/antigravity/typpingchallenge/dataconnect`
 {"metadata":{"emulator":{"name":"dataconnect"},"message":"E0203 12:16:34.311985    4101 watch.go:116] watchAllDir unable to walk dir `/home/user/antigravity/typpingchallenge/dataconnect`: lstat /home/user/antigravity/typpingchallenge/dataconnect: no such file or directory\nE0203 12:16:34.312053    4101 watch.go:40] Failed to load config from \"/home/user/antigravity/typpingchallenge/dataconnect\": could not find dataconnect.yaml in `/home/user/antigravity/typpingchallenge/dataconnect`\n"}}
[debug] [2026-02-03T06:46:44.320Z] E0203 12:16:44.320739    4101 watch.go:40] Failed to load config from "/home/user/antigravity/typpingchallenge/dataconnect": could not find dataconnect.yaml in `/home/user/antigravity/typpingchallenge/dataconnect`
 {"metadata":{"emulator":{"name":"dataconnect"},"message":"E0203 12:16:44.320739    4101 watch.go:40] Failed to load config from \"/home/user/antigravity/typpingchallenge/dataconnect\": could not find dataconnect.yaml in `/home/user/antigravity/typpingchallenge/dataconnect`\n"}}
[debug] [2026-02-03T06:46:54.313Z] E0203 12:16:54.312062    4101 watch.go:40] Failed to load config from "/home/user/antigravity/typpingchallenge/dataconnect": could not find dataconnect.yaml in `/home/user/antigravity/typpingchallenge/dataconnect`
 {"metadata":{"emulator":{"name":"dataconnect"},"message":"E0203 12:16:54.312062    4101 watch.go:40] Failed to load config from \"/home/user/antigravity/typpingchallenge/dataconnect\": could not find dataconnect.yaml in `/home/user/antigravity/typpingchallenge/dataconnect`\n"}}
[debug] [2026-02-03T06:47:04.312Z] E0203 12:17:04.311926    4101 watch.go:40] Failed to load config from "/home/user/antigravity/typpingchallenge/dataconnect": could not find dataconnect.yaml in `/home/user/antigravity/typpingchallenge/dataconnect`
 {"metadata":{"emulator":{"name":"dataconnect"},"message":"E0203 12:17:04.311926    4101 watch.go:40] Failed to load config from \"/home/user/antigravity/typpingchallenge/dataconnect\": could not find dataconnect.yaml in `/home/user/antigravity/typpingchallenge/dataconnect`\n"}}
[debug] [2026-02-03T06:47:14.320Z] E0203 12:17:14.320556    4101 watch.go:40] Failed to load config from "/home/user/antigravity/typpingchallenge/dataconnect": could not find dataconnect.yaml in `/home/user/antigravity/typpingchallenge/dataconnect`
 {"metadata":{"emulator":{"name":"dataconnect"},"message":"E0203 12:17:14.320556    4101 watch.go:40] Failed to load config from \"/home/user/antigravity/typpingchallenge/dataconnect\": could not find dataconnect.yaml in `/home/user/antigravity/typpingchallenge/dataconnect`\n"}}
[debug] [2026-02-03T06:47:24.321Z] E0203 12:17:24.320795    4101 watch.go:40] Failed to load config from "/home/user/antigravity/typpingchallenge/dataconnect": could not find dataconnect.yaml in `/home/user/antigravity/typpingchallenge/dataconnect`
 {"metadata":{"emulator":{"name":"dataconnect"},"message":"E0203 12:17:24.320795    4101 watch.go:40] Failed to load config from \"/home/user/antigravity/typpingchallenge/dataconnect\": could not find dataconnect.yaml in `/home/user/antigravity/typpingchallenge/dataconnect`\n"}}
[debug] [2026-02-03T06:47:34.312Z] E0203 12:17:34.312007    4101 watch.go:40] Failed to load config from "/home/user/antigravity/typpingchallenge/dataconnect": could not find dataconnect.yaml in `/home/user/antigravity/typpingchallenge/dataconnect`
 {"metadata":{"emulator":{"name":"dataconnect"},"message":"E0203 12:17:34.312007    4101 watch.go:40] Failed to load config from \"/home/user/antigravity/typpingchallenge/dataconnect\": could not find dataconnect.yaml in `/home/user/antigravity/typpingchallenge/dataconnect`\n"}}
[debug] [2026-02-03T06:47:34.314Z] E0203 12:17:34.311897    4101 watch.go:116] watchAllDir unable to walk dir `/home/user/antigravity/typpingchallenge/dataconnect`: lstat /home/user/antigravity/typpingchallenge/dataconnect: no such file or directory
 {"metadata":{"emulator":{"name":"dataconnect"},"message":"E0203 12:17:34.311897    4101 watch.go:116] watchAllDir unable to walk dir `/home/user/antigravity/typpingchallenge/dataconnect`: lstat /home/user/antigravity/typpingchallenge/dataconnect: no such file or directory\n"}}
[debug] [2026-02-03T06:47:44.320Z] E0203 12:17:44.320764    4101 watch.go:40] Failed to load config from "/home/user/antigravity/typpingchallenge/dataconnect": could not find dataconnect.yaml in `/home/user/antigravity/typpingchallenge/dataconnect`
 {"metadata":{"emulator":{"name":"dataconnect"},"message":"E0203 12:17:44.320764    4101 watch.go:40] Failed to load config from \"/home/user/antigravity/typpingchallenge/dataconnect\": could not find dataconnect.yaml in `/home/user/antigravity/typpingchallenge/dataconnect`\n"}}
[debug] [2026-02-03T06:47:54.321Z] E0203 12:17:54.320782    4101 watch.go:40] Failed to load config from "/home/user/antigravity/typpingchallenge/dataconnect": could not find dataconnect.yaml in `/home/user/antigravity/typpingchallenge/dataconnect`
 {"metadata":{"emulator":{"name":"dataconnect"},"message":"E0203 12:17:54.320782    4101 watch.go:40] Failed to load config from \"/home/user/antigravity/typpingchallenge/dataconnect\": could not find dataconnect.yaml in `/home/user/antigravity/typpingchallenge/dataconnect`\n"}}
[debug] [2026-02-03T06:48:04.312Z] E0203 12:18:04.311947    4101 watch.go:40] Failed to load config from "/home/user/antigravity/typpingchallenge/dataconnect": could not find dataconnect.yaml in `/home/user/antigravity/typpingchallenge/dataconnect`
 {"metadata":{"emulator":{"name":"dataconnect"},"message":"E0203 12:18:04.311947    4101 watch.go:40] Failed to load config from \"/home/user/antigravity/typpingchallenge/dataconnect\": could not find dataconnect.yaml in `/home/user/antigravity/typpingchallenge/dataconnect`\n"}}
[debug] [2026-02-03T06:48:14.321Z] E0203 12:18:14.320765    4101 watch.go:40] Failed to load config from "/home/user/antigravity/typpingchallenge/dataconnect": could not find dataconnect.yaml in `/home/user/antigravity/typpingchallenge/dataconnect`
 {"metadata":{"emulator":{"name":"dataconnect"},"message":"E0203 12:18:14.320765    4101 watch.go:40] Failed to load config from \"/home/user/antigravity/typpingchallenge/dataconnect\": could not find dataconnect.yaml in `/home/user/antigravity/typpingchallenge/dataconnect`\n"}}
[debug] [2026-02-03T06:48:24.321Z] E0203 12:18:24.320761    4101 watch.go:40] Failed to load config from "/home/user/antigravity/typpingchallenge/dataconnect": could not find dataconnect.yaml in `/home/user/antigravity/typpingchallenge/dataconnect`
 {"metadata":{"emulator":{"name":"dataconnect"},"message":"E0203 12:18:24.320761    4101 watch.go:40] Failed to load config from \"/home/user/antigravity/typpingchallenge/dataconnect\": could not find dataconnect.yaml in `/home/user/antigravity/typpingchallenge/dataconnect`\n"}}
[debug] [2026-02-03T06:48:34.312Z] E0203 12:18:34.311887    4101 watch.go:116] watchAllDir unable to walk dir `/home/user/antigravity/typpingchallenge/dataconnect`: lstat /home/user/antigravity/typpingchallenge/dataconnect: no such file or directory
E0203 12:18:34.312000    4101 watch.go:40] Failed to load config from "/home/user/antigravity/typpingchallenge/dataconnect": could not find dataconnect.yaml in `/home/user/antigravity/typpingchallenge/dataconnect`
 {"metadata":{"emulator":{"name":"dataconnect"},"message":"E0203 12:18:34.311887    4101 watch.go:116] watchAllDir unable to walk dir `/home/user/antigravity/typpingchallenge/dataconnect`: lstat /home/user/antigravity/typpingchallenge/dataconnect: no such file or directory\nE0203 12:18:34.312000    4101 watch.go:40] Failed to load config from \"/home/user/antigravity/typpingchallenge/dataconnect\": could not find dataconnect.yaml in `/home/user/antigravity/typpingchallenge/dataconnect`\n"}}
[debug] [2026-02-03T06:48:44.320Z] E0203 12:18:44.320355    4101 watch.go:40] Failed to load config from "/home/user/antigravity/typpingchallenge/dataconnect": could not find dataconnect.yaml in `/home/user/antigravity/typpingchallenge/dataconnect`
 {"metadata":{"emulator":{"name":"dataconnect"},"message":"E0203 12:18:44.320355    4101 watch.go:40] Failed to load config from \"/home/user/antigravity/typpingchallenge/dataconnect\": could not find dataconnect.yaml in `/home/user/antigravity/typpingchallenge/dataconnect`\n"}}
[debug] [2026-02-03T06:48:54.320Z] E0203 12:18:54.320729    4101 watch.go:40] Failed to load config from "/home/user/antigravity/typpingchallenge/dataconnect": could not find dataconnect.yaml in `/home/user/antigravity/typpingchallenge/dataconnect`
 {"metadata":{"emulator":{"name":"dataconnect"},"message":"E0203 12:18:54.320729    4101 watch.go:40] Failed to load config from \"/home/user/antigravity/typpingchallenge/dataconnect\": could not find dataconnect.yaml in `/home/user/antigravity/typpingchallenge/dataconnect`\n"}}
[debug] [2026-02-03T06:49:04.312Z] E0203 12:19:04.311821    4101 watch.go:40] Failed to load config from "/home/user/antigravity/typpingchallenge/dataconnect": could not find dataconnect.yaml in `/home/user/antigravity/typpingchallenge/dataconnect`
 {"metadata":{"emulator":{"name":"dataconnect"},"message":"E0203 12:19:04.311821    4101 watch.go:40] Failed to load config from \"/home/user/antigravity/typpingchallenge/dataconnect\": could not find dataconnect.yaml in `/home/user/antigravity/typpingchallenge/dataconnect`\n"}}
[debug] [2026-02-03T06:49:14.321Z] E0203 12:19:14.320844    4101 watch.go:40] Failed to load config from "/home/user/antigravity/typpingchallenge/dataconnect": could not find dataconnect.yaml in `/home/user/antigravity/typpingchallenge/dataconnect`
 {"metadata":{"emulator":{"name":"dataconnect"},"message":"E0203 12:19:14.320844    4101 watch.go:40] Failed to load config from \"/home/user/antigravity/typpingchallenge/dataconnect\": could not find dataconnect.yaml in `/home/user/antigravity/typpingchallenge/dataconnect`\n"}}
[debug] [2026-02-03T06:49:24.321Z] E0203 12:19:24.320783    4101 watch.go:40] Failed to load config from "/home/user/antigravity/typpingchallenge/dataconnect": could not find dataconnect.yaml in `/home/user/antigravity/typpingchallenge/dataconnect`
 {"metadata":{"emulator":{"name":"dataconnect"},"message":"E0203 12:19:24.320783    4101 watch.go:40] Failed to load config from \"/home/user/antigravity/typpingchallenge/dataconnect\": could not find dataconnect.yaml in `/home/user/antigravity/typpingchallenge/dataconnect`\n"}}
[debug] [2026-02-03T06:49:34.312Z] E0203 12:19:34.311902    4101 watch.go:116] watchAllDir unable to walk dir `/home/user/antigravity/typpingchallenge/dataconnect`: lstat /home/user/antigravity/typpingchallenge/dataconnect: no such file or directory
E0203 12:19:34.312012    4101 watch.go:40] Failed to load config from "/home/user/antigravity/typpingchallenge/dataconnect": could not find dataconnect.yaml in `/home/user/antigravity/typpingchallenge/dataconnect`
 {"metadata":{"emulator":{"name":"dataconnect"},"message":"E0203 12:19:34.311902    4101 watch.go:116] watchAllDir unable to walk dir `/home/user/antigravity/typpingchallenge/dataconnect`: lstat /home/user/antigravity/typpingchallenge/dataconnect: no such file or directory\nE0203 12:19:34.312012    4101 watch.go:40] Failed to load config from \"/home/user/antigravity/typpingchallenge/dataconnect\": could not find dataconnect.yaml in `/home/user/antigravity/typpingchallenge/dataconnect`\n"}}
[debug] [2026-02-03T06:49:44.321Z] E0203 12:19:44.320783    4101 watch.go:40] Failed to load config from "/home/user/antigravity/typpingchallenge/dataconnect": could not find dataconnect.yaml in `/home/user/antigravity/typpingchallenge/dataconnect`
 {"metadata":{"emulator":{"name":"dataconnect"},"message":"E0203 12:19:44.320783    4101 watch.go:40] Failed to load config from \"/home/user/antigravity/typpingchallenge/dataconnect\": could not find dataconnect.yaml in `/home/user/antigravity/typpingchallenge/dataconnect`\n"}}
[debug] [2026-02-03T06:49:54.321Z] E0203 12:19:54.320790    4101 watch.go:40] Failed to load config from "/home/user/antigravity/typpingchallenge/dataconnect": could not find dataconnect.yaml in `/home/user/antigravity/typpingchallenge/dataconnect`
 {"metadata":{"emulator":{"name":"dataconnect"},"message":"E0203 12:19:54.320790    4101 watch.go:40] Failed to load config from \"/home/user/antigravity/typpingchallenge/dataconnect\": could not find dataconnect.yaml in `/home/user/antigravity/typpingchallenge/dataconnect`\n"}}
[debug] [2026-02-03T06:50:04.312Z] E0203 12:20:04.312094    4101 watch.go:40] Failed to load config from "/home/user/antigravity/typpingchallenge/dataconnect": could not find dataconnect.yaml in `/home/user/antigravity/typpingchallenge/dataconnect`
 {"metadata":{"emulator":{"name":"dataconnect"},"message":"E0203 12:20:04.312094    4101 watch.go:40] Failed to load config from \"/home/user/antigravity/typpingchallenge/dataconnect\": could not find dataconnect.yaml in `/home/user/antigravity/typpingchallenge/dataconnect`\n"}}
[debug] [2026-02-03T06:50:14.312Z] E0203 12:20:14.312207    4101 watch.go:40] Failed to load config from "/home/user/antigravity/typpingchallenge/dataconnect": could not find dataconnect.yaml in `/home/user/antigravity/typpingchallenge/dataconnect`
 {"metadata":{"emulator":{"name":"dataconnect"},"message":"E0203 12:20:14.312207    4101 watch.go:40] Failed to load config from \"/home/user/antigravity/typpingchallenge/dataconnect\": could not find dataconnect.yaml in `/home/user/antigravity/typpingchallenge/dataconnect`\n"}}
[debug] [2026-02-03T06:50:24.321Z] E0203 12:20:24.320765    4101 watch.go:40] Failed to load config from "/home/user/antigravity/typpingchallenge/dataconnect": could not find dataconnect.yaml in `/home/user/antigravity/typpingchallenge/dataconnect`
 {"metadata":{"emulator":{"name":"dataconnect"},"message":"E0203 12:20:24.320765    4101 watch.go:40] Failed to load config from \"/home/user/antigravity/typpingchallenge/dataconnect\": could not find dataconnect.yaml in `/home/user/antigravity/typpingchallenge/dataconnect`\n"}}
[debug] [2026-02-03T06:50:34.312Z] E0203 12:20:34.312496    4101 watch.go:116] watchAllDir unable to walk dir `/home/user/antigravity/typpingchallenge/dataconnect`: lstat /home/user/antigravity/typpingchallenge/dataconnect: no such file or directory
E0203 12:20:34.312630    4101 watch.go:40] Failed to load config from "/home/user/antigravity/typpingchallenge/dataconnect": could not find dataconnect.yaml in `/home/user/antigravity/typpingchallenge/dataconnect`
 {"metadata":{"emulator":{"name":"dataconnect"},"message":"E0203 12:20:34.312496    4101 watch.go:116] watchAllDir unable to walk dir `/home/user/antigravity/typpingchallenge/dataconnect`: lstat /home/user/antigravity/typpingchallenge/dataconnect: no such file or directory\nE0203 12:20:34.312630    4101 watch.go:40] Failed to load config from \"/home/user/antigravity/typpingchallenge/dataconnect\": could not find dataconnect.yaml in `/home/user/antigravity/typpingchallenge/dataconnect`\n"}}
[debug] [2026-02-03T06:50:44.320Z] E0203 12:20:44.319783    4101 watch.go:40] Failed to load config from "/home/user/antigravity/typpingchallenge/dataconnect": could not find dataconnect.yaml in `/home/user/antigravity/typpingchallenge/dataconnect`
 {"metadata":{"emulator":{"name":"dataconnect"},"message":"E0203 12:20:44.319783    4101 watch.go:40] Failed to load config from \"/home/user/antigravity/typpingchallenge/dataconnect\": could not find dataconnect.yaml in `/home/user/antigravity/typpingchallenge/dataconnect`\n"}}
[debug] [2026-02-03T06:50:54.321Z] E0203 12:20:54.320780    4101 watch.go:40] Failed to load config from "/home/user/antigravity/typpingchallenge/dataconnect": could not find dataconnect.yaml in `/home/user/antigravity/typpingchallenge/dataconnect`
 {"metadata":{"emulator":{"name":"dataconnect"},"message":"E0203 12:20:54.320780    4101 watch.go:40] Failed to load config from \"/home/user/antigravity/typpingchallenge/dataconnect\": could not find dataconnect.yaml in `/home/user/antigravity/typpingchallenge/dataconnect`\n"}}
[debug] [2026-02-03T06:51:04.314Z] E0203 12:21:04.312242    4101 watch.go:40] Failed to load config from "/home/user/antigravity/typpingchallenge/dataconnect": could not find dataconnect.yaml in `/home/user/antigravity/typpingchallenge/dataconnect`
 {"metadata":{"emulator":{"name":"dataconnect"},"message":"E0203 12:21:04.312242    4101 watch.go:40] Failed to load config from \"/home/user/antigravity/typpingchallenge/dataconnect\": could not find dataconnect.yaml in `/home/user/antigravity/typpingchallenge/dataconnect`\n"}}
[debug] [2026-02-03T06:51:14.312Z] E0203 12:21:14.311841    4101 watch.go:40] Failed to load config from "/home/user/antigravity/typpingchallenge/dataconnect": could not find dataconnect.yaml in `/home/user/antigravity/typpingchallenge/dataconnect`
 {"metadata":{"emulator":{"name":"dataconnect"},"message":"E0203 12:21:14.311841    4101 watch.go:40] Failed to load config from \"/home/user/antigravity/typpingchallenge/dataconnect\": could not find dataconnect.yaml in `/home/user/antigravity/typpingchallenge/dataconnect`\n"}}
[debug] [2026-02-03T06:51:24.321Z] E0203 12:21:24.320773    4101 watch.go:40] Failed to load config from "/home/user/antigravity/typpingchallenge/dataconnect": could not find dataconnect.yaml in `/home/user/antigravity/typpingchallenge/dataconnect`
 {"metadata":{"emulator":{"name":"dataconnect"},"message":"E0203 12:21:24.320773    4101 watch.go:40] Failed to load config from \"/home/user/antigravity/typpingchallenge/dataconnect\": could not find dataconnect.yaml in `/home/user/antigravity/typpingchallenge/dataconnect`\n"}}
[debug] [2026-02-03T06:51:34.312Z] E0203 12:21:34.312308    4101 watch.go:116] watchAllDir unable to walk dir `/home/user/antigravity/typpingchallenge/dataconnect`: lstat /home/user/antigravity/typpingchallenge/dataconnect: no such file or directory
E0203 12:21:34.312441    4101 watch.go:40] Failed to load config from "/home/user/antigravity/typpingchallenge/dataconnect": could not find dataconnect.yaml in `/home/user/antigravity/typpingchallenge/dataconnect`
 {"metadata":{"emulator":{"name":"dataconnect"},"message":"E0203 12:21:34.312308    4101 watch.go:116] watchAllDir unable to walk dir `/home/user/antigravity/typpingchallenge/dataconnect`: lstat /home/user/antigravity/typpingchallenge/dataconnect: no such file or directory\nE0203 12:21:34.312441    4101 watch.go:40] Failed to load config from \"/home/user/antigravity/typpingchallenge/dataconnect\": could not find dataconnect.yaml in `/home/user/antigravity/typpingchallenge/dataconnect`\n"}}
[debug] [2026-02-03T06:51:44.320Z] E0203 12:21:44.320724    4101 watch.go:40] Failed to load config from "/home/user/antigravity/typpingchallenge/dataconnect": could not find dataconnect.yaml in `/home/user/antigravity/typpingchallenge/dataconnect`
 {"metadata":{"emulator":{"name":"dataconnect"},"message":"E0203 12:21:44.320724    4101 watch.go:40] Failed to load config from \"/home/user/antigravity/typpingchallenge/dataconnect\": could not find dataconnect.yaml in `/home/user/antigravity/typpingchallenge/dataconnect`\n"}}
[debug] [2026-02-03T06:51:54.321Z] E0203 12:21:54.320768    4101 watch.go:40] Failed to load config from "/home/user/antigravity/typpingchallenge/dataconnect": could not find dataconnect.yaml in `/home/user/antigravity/typpingchallenge/dataconnect`
 {"metadata":{"emulator":{"name":"dataconnect"},"message":"E0203 12:21:54.320768    4101 watch.go:40] Failed to load config from \"/home/user/antigravity/typpingchallenge/dataconnect\": could not find dataconnect.yaml in `/home/user/antigravity/typpingchallenge/dataconnect`\n"}}
[debug] [2026-02-03T06:52:04.312Z] E0203 12:22:04.312038    4101 watch.go:40] Failed to load config from "/home/user/antigravity/typpingchallenge/dataconnect": could not find dataconnect.yaml in `/home/user/antigravity/typpingchallenge/dataconnect`
 {"metadata":{"emulator":{"name":"dataconnect"},"message":"E0203 12:22:04.312038    4101 watch.go:40] Failed to load config from \"/home/user/antigravity/typpingchallenge/dataconnect\": could not find dataconnect.yaml in `/home/user/antigravity/typpingchallenge/dataconnect`\n"}}
[debug] [2026-02-03T06:52:14.321Z] E0203 12:22:14.321128    4101 watch.go:40] Failed to load config from "/home/user/antigravity/typpingchallenge/dataconnect": could not find dataconnect.yaml in `/home/user/antigravity/typpingchallenge/dataconnect`
 {"metadata":{"emulator":{"name":"dataconnect"},"message":"E0203 12:22:14.321128    4101 watch.go:40] Failed to load config from \"/home/user/antigravity/typpingchallenge/dataconnect\": could not find dataconnect.yaml in `/home/user/antigravity/typpingchallenge/dataconnect`\n"}}
[debug] [2026-02-03T06:52:24.321Z] E0203 12:22:24.320832    4101 watch.go:40] Failed to load config from "/home/user/antigravity/typpingchallenge/dataconnect": could not find dataconnect.yaml in `/home/user/antigravity/typpingchallenge/dataconnect`
 {"metadata":{"emulator":{"name":"dataconnect"},"message":"E0203 12:22:24.320832    4101 watch.go:40] Failed to load config from \"/home/user/antigravity/typpingchallenge/dataconnect\": could not find dataconnect.yaml in `/home/user/antigravity/typpingchallenge/dataconnect`\n"}}
[debug] [2026-02-03T06:52:34.312Z] E0203 12:22:34.312022    4101 watch.go:116] watchAllDir unable to walk dir `/home/user/antigravity/typpingchallenge/dataconnect`: lstat /home/user/antigravity/typpingchallenge/dataconnect: no such file or directory
E0203 12:22:34.312118    4101 watch.go:40] Failed to load config from "/home/user/antigravity/typpingchallenge/dataconnect": could not find dataconnect.yaml in `/home/user/antigravity/typpingchallenge/dataconnect`
 {"metadata":{"emulator":{"name":"dataconnect"},"message":"E0203 12:22:34.312022    4101 watch.go:116] watchAllDir unable to walk dir `/home/user/antigravity/typpingchallenge/dataconnect`: lstat /home/user/antigravity/typpingchallenge/dataconnect: no such file or directory\nE0203 12:22:34.312118    4101 watch.go:40] Failed to load config from \"/home/user/antigravity/typpingchallenge/dataconnect\": could not find dataconnect.yaml in `/home/user/antigravity/typpingchallenge/dataconnect`\n"}}
[debug] [2026-02-03T06:52:44.318Z] E0203 12:22:44.318607    4101 watch.go:40] Failed to load config from "/home/user/antigravity/typpingchallenge/dataconnect": could not find dataconnect.yaml in `/home/user/antigravity/typpingchallenge/dataconnect`
 {"metadata":{"emulator":{"name":"dataconnect"},"message":"E0203 12:22:44.318607    4101 watch.go:40] Failed to load config from \"/home/user/antigravity/typpingchallenge/dataconnect\": could not find dataconnect.yaml in `/home/user/antigravity/typpingchallenge/dataconnect`\n"}}
[debug] [2026-02-03T06:52:54.321Z] E0203 12:22:54.320782    4101 watch.go:40] Failed to load config from "/home/user/antigravity/typpingchallenge/dataconnect": could not find dataconnect.yaml in `/home/user/antigravity/typpingchallenge/dataconnect`
 {"metadata":{"emulator":{"name":"dataconnect"},"message":"E0203 12:22:54.320782    4101 watch.go:40] Failed to load config from \"/home/user/antigravity/typpingchallenge/dataconnect\": could not find dataconnect.yaml in `/home/user/antigravity/typpingchallenge/dataconnect`\n"}}
[debug] [2026-02-03T06:53:04.312Z] E0203 12:23:04.311974    4101 watch.go:40] Failed to load config from "/home/user/antigravity/typpingchallenge/dataconnect": could not find dataconnect.yaml in `/home/user/antigravity/typpingchallenge/dataconnect`
 {"metadata":{"emulator":{"name":"dataconnect"},"message":"E0203 12:23:04.311974    4101 watch.go:40] Failed to load config from \"/home/user/antigravity/typpingchallenge/dataconnect\": could not find dataconnect.yaml in `/home/user/antigravity/typpingchallenge/dataconnect`\n"}}
[debug] [2026-02-03T06:53:14.314Z] E0203 12:23:14.314371    4101 watch.go:40] Failed to load config from "/home/user/antigravity/typpingchallenge/dataconnect": could not find dataconnect.yaml in `/home/user/antigravity/typpingchallenge/dataconnect`
 {"metadata":{"emulator":{"name":"dataconnect"},"message":"E0203 12:23:14.314371    4101 watch.go:40] Failed to load config from \"/home/user/antigravity/typpingchallenge/dataconnect\": could not find dataconnect.yaml in `/home/user/antigravity/typpingchallenge/dataconnect`\n"}}
[debug] [2026-02-03T06:53:24.312Z] E0203 12:23:24.311804    4101 watch.go:40] Failed to load config from "/home/user/antigravity/typpingchallenge/dataconnect": could not find dataconnect.yaml in `/home/user/antigravity/typpingchallenge/dataconnect`
 {"metadata":{"emulator":{"name":"dataconnect"},"message":"E0203 12:23:24.311804    4101 watch.go:40] Failed to load config from \"/home/user/antigravity/typpingchallenge/dataconnect\": could not find dataconnect.yaml in `/home/user/antigravity/typpingchallenge/dataconnect`\n"}}
[debug] [2026-02-03T06:53:34.312Z] E0203 12:23:34.312009    4101 watch.go:116] watchAllDir unable to walk dir `/home/user/antigravity/typpingchallenge/dataconnect`: lstat /home/user/antigravity/typpingchallenge/dataconnect: no such file or directory
E0203 12:23:34.312159    4101 watch.go:40] Failed to load config from "/home/user/antigravity/typpingchallenge/dataconnect": could not find dataconnect.yaml in `/home/user/antigravity/typpingchallenge/dataconnect`
 {"metadata":{"emulator":{"name":"dataconnect"},"message":"E0203 12:23:34.312009    4101 watch.go:116] watchAllDir unable to walk dir `/home/user/antigravity/typpingchallenge/dataconnect`: lstat /home/user/antigravity/typpingchallenge/dataconnect: no such file or directory\nE0203 12:23:34.312159    4101 watch.go:40] Failed to load config from \"/home/user/antigravity/typpingchallenge/dataconnect\": could not find dataconnect.yaml in `/home/user/antigravity/typpingchallenge/dataconnect`\n"}}
[debug] [2026-02-03T06:53:44.321Z] E0203 12:23:44.320903    4101 watch.go:40] Failed to load config from "/home/user/antigravity/typpingchallenge/dataconnect": could not find dataconnect.yaml in `/home/user/antigravity/typpingchallenge/dataconnect`
 {"metadata":{"emulator":{"name":"dataconnect"},"message":"E0203 12:23:44.320903    4101 watch.go:40] Failed to load config from \"/home/user/antigravity/typpingchallenge/dataconnect\": could not find dataconnect.yaml in `/home/user/antigravity/typpingchallenge/dataconnect`\n"}}
[debug] [2026-02-03T06:53:54.321Z] E0203 12:23:54.320884    4101 watch.go:40] Failed to load config from "/home/user/antigravity/typpingchallenge/dataconnect": could not find dataconnect.yaml in `/home/user/antigravity/typpingchallenge/dataconnect`
 {"metadata":{"emulator":{"name":"dataconnect"},"message":"E0203 12:23:54.320884    4101 watch.go:40] Failed to load config from \"/home/user/antigravity/typpingchallenge/dataconnect\": could not find dataconnect.yaml in `/home/user/antigravity/typpingchallenge/dataconnect`\n"}}
[debug] [2026-02-03T06:54:04.312Z] E0203 12:24:04.311976    4101 watch.go:40] Failed to load config from "/home/user/antigravity/typpingchallenge/dataconnect": could not find dataconnect.yaml in `/home/user/antigravity/typpingchallenge/dataconnect`
 {"metadata":{"emulator":{"name":"dataconnect"},"message":"E0203 12:24:04.311976    4101 watch.go:40] Failed to load config from \"/home/user/antigravity/typpingchallenge/dataconnect\": could not find dataconnect.yaml in `/home/user/antigravity/typpingchallenge/dataconnect`\n"}}
[debug] [2026-02-03T06:54:14.321Z] E0203 12:24:14.320890    4101 watch.go:40] Failed to load config from "/home/user/antigravity/typpingchallenge/dataconnect": could not find dataconnect.yaml in `/home/user/antigravity/typpingchallenge/dataconnect`
 {"metadata":{"emulator":{"name":"dataconnect"},"message":"E0203 12:24:14.320890    4101 watch.go:40] Failed to load config from \"/home/user/antigravity/typpingchallenge/dataconnect\": could not find dataconnect.yaml in `/home/user/antigravity/typpingchallenge/dataconnect`\n"}}
[debug] [2026-02-03T06:54:24.321Z] E0203 12:24:24.320957    4101 watch.go:40] Failed to load config from "/home/user/antigravity/typpingchallenge/dataconnect": could not find dataconnect.yaml in `/home/user/antigravity/typpingchallenge/dataconnect`
 {"metadata":{"emulator":{"name":"dataconnect"},"message":"E0203 12:24:24.320957    4101 watch.go:40] Failed to load config from \"/home/user/antigravity/typpingchallenge/dataconnect\": could not find dataconnect.yaml in `/home/user/antigravity/typpingchallenge/dataconnect`\n"}}
[debug] [2026-02-03T06:54:34.313Z] E0203 12:24:34.311981    4101 watch.go:116] watchAllDir unable to walk dir `/home/user/antigravity/typpingchallenge/dataconnect`: lstat /home/user/antigravity/typpingchallenge/dataconnect: no such file or directory
E0203 12:24:34.312651    4101 watch.go:40] Failed to load config from "/home/user/antigravity/typpingchallenge/dataconnect": could not find dataconnect.yaml in `/home/user/antigravity/typpingchallenge/dataconnect`
 {"metadata":{"emulator":{"name":"dataconnect"},"message":"E0203 12:24:34.311981    4101 watch.go:116] watchAllDir unable to walk dir `/home/user/antigravity/typpingchallenge/dataconnect`: lstat /home/user/antigravity/typpingchallenge/dataconnect: no such file or directory\nE0203 12:24:34.312651    4101 watch.go:40] Failed to load config from \"/home/user/antigravity/typpingchallenge/dataconnect\": could not find dataconnect.yaml in `/home/user/antigravity/typpingchallenge/dataconnect`\n"}}
[debug] [2026-02-03T06:54:44.320Z] E0203 12:24:44.319795    4101 watch.go:40] Failed to load config from "/home/user/antigravity/typpingchallenge/dataconnect": could not find dataconnect.yaml in `/home/user/antigravity/typpingchallenge/dataconnect`
 {"metadata":{"emulator":{"name":"dataconnect"},"message":"E0203 12:24:44.319795    4101 watch.go:40] Failed to load config from \"/home/user/antigravity/typpingchallenge/dataconnect\": could not find dataconnect.yaml in `/home/user/antigravity/typpingchallenge/dataconnect`\n"}}
[debug] [2026-02-03T06:54:54.321Z] E0203 12:24:54.320914    4101 watch.go:40] Failed to load config from "/home/user/antigravity/typpingchallenge/dataconnect": could not find dataconnect.yaml in `/home/user/antigravity/typpingchallenge/dataconnect`
 {"metadata":{"emulator":{"name":"dataconnect"},"message":"E0203 12:24:54.320914    4101 watch.go:40] Failed to load config from \"/home/user/antigravity/typpingchallenge/dataconnect\": could not find dataconnect.yaml in `/home/user/antigravity/typpingchallenge/dataconnect`\n"}}
[debug] [2026-02-03T06:55:04.312Z] E0203 12:25:04.311933    4101 watch.go:40] Failed to load config from "/home/user/antigravity/typpingchallenge/dataconnect": could not find dataconnect.yaml in `/home/user/antigravity/typpingchallenge/dataconnect`
 {"metadata":{"emulator":{"name":"dataconnect"},"message":"E0203 12:25:04.311933    4101 watch.go:40] Failed to load config from \"/home/user/antigravity/typpingchallenge/dataconnect\": could not find dataconnect.yaml in `/home/user/antigravity/typpingchallenge/dataconnect`\n"}}
[debug] [2026-02-03T06:55:14.320Z] E0203 12:25:14.320686    4101 watch.go:40] Failed to load config from "/home/user/antigravity/typpingchallenge/dataconnect": could not find dataconnect.yaml in `/home/user/antigravity/typpingchallenge/dataconnect`
 {"metadata":{"emulator":{"name":"dataconnect"},"message":"E0203 12:25:14.320686    4101 watch.go:40] Failed to load config from \"/home/user/antigravity/typpingchallenge/dataconnect\": could not find dataconnect.yaml in `/home/user/antigravity/typpingchallenge/dataconnect`\n"}}
[debug] [2026-02-03T06:55:24.314Z] E0203 12:25:24.313729    4101 watch.go:40] Failed to load config from "/home/user/antigravity/typpingchallenge/dataconnect": could not find dataconnect.yaml in `/home/user/antigravity/typpingchallenge/dataconnect`
 {"metadata":{"emulator":{"name":"dataconnect"},"message":"E0203 12:25:24.313729    4101 watch.go:40] Failed to load config from \"/home/user/antigravity/typpingchallenge/dataconnect\": could not find dataconnect.yaml in `/home/user/antigravity/typpingchallenge/dataconnect`\n"}}
[debug] [2026-02-03T06:55:34.314Z] E0203 12:25:34.313795    4101 watch.go:40] Failed to load config from "/home/user/antigravity/typpingchallenge/dataconnect": could not find dataconnect.yaml in `/home/user/antigravity/typpingchallenge/dataconnect`
 {"metadata":{"emulator":{"name":"dataconnect"},"message":"E0203 12:25:34.313795    4101 watch.go:40] Failed to load config from \"/home/user/antigravity/typpingchallenge/dataconnect\": could not find dataconnect.yaml in `/home/user/antigravity/typpingchallenge/dataconnect`\n"}}
[debug] [2026-02-03T06:55:34.314Z] E0203 12:25:34.311859    4101 watch.go:116] watchAllDir unable to walk dir `/home/user/antigravity/typpingchallenge/dataconnect`: lstat /home/user/antigravity/typpingchallenge/dataconnect: no such file or directory
 {"metadata":{"emulator":{"name":"dataconnect"},"message":"E0203 12:25:34.311859    4101 watch.go:116] watchAllDir unable to walk dir `/home/user/antigravity/typpingchallenge/dataconnect`: lstat /home/user/antigravity/typpingchallenge/dataconnect: no such file or directory\n"}}
[debug] [2026-02-03T06:55:44.321Z] E0203 12:25:44.320756    4101 watch.go:40] Failed to load config from "/home/user/antigravity/typpingchallenge/dataconnect": could not find dataconnect.yaml in `/home/user/antigravity/typpingchallenge/dataconnect`
 {"metadata":{"emulator":{"name":"dataconnect"},"message":"E0203 12:25:44.320756    4101 watch.go:40] Failed to load config from \"/home/user/antigravity/typpingchallenge/dataconnect\": could not find dataconnect.yaml in `/home/user/antigravity/typpingchallenge/dataconnect`\n"}}
[debug] [2026-02-03T06:55:54.320Z] E0203 12:25:54.320690    4101 watch.go:40] Failed to load config from "/home/user/antigravity/typpingchallenge/dataconnect": could not find dataconnect.yaml in `/home/user/antigravity/typpingchallenge/dataconnect`
 {"metadata":{"emulator":{"name":"dataconnect"},"message":"E0203 12:25:54.320690    4101 watch.go:40] Failed to load config from \"/home/user/antigravity/typpingchallenge/dataconnect\": could not find dataconnect.yaml in `/home/user/antigravity/typpingchallenge/dataconnect`\n"}}
[debug] [2026-02-03T06:56:04.312Z] E0203 12:26:04.311869    4101 watch.go:40] Failed to load config from "/home/user/antigravity/typpingchallenge/dataconnect": could not find dataconnect.yaml in `/home/user/antigravity/typpingchallenge/dataconnect`
 {"metadata":{"emulator":{"name":"dataconnect"},"message":"E0203 12:26:04.311869    4101 watch.go:40] Failed to load config from \"/home/user/antigravity/typpingchallenge/dataconnect\": could not find dataconnect.yaml in `/home/user/antigravity/typpingchallenge/dataconnect`\n"}}
[debug] [2026-02-03T06:56:14.321Z] E0203 12:26:14.320827    4101 watch.go:40] Failed to load config from "/home/user/antigravity/typpingchallenge/dataconnect": could not find dataconnect.yaml in `/home/user/antigravity/typpingchallenge/dataconnect`
 {"metadata":{"emulator":{"name":"dataconnect"},"message":"E0203 12:26:14.320827    4101 watch.go:40] Failed to load config from \"/home/user/antigravity/typpingchallenge/dataconnect\": could not find dataconnect.yaml in `/home/user/antigravity/typpingchallenge/dataconnect`\n"}}
[debug] [2026-02-03T06:56:24.321Z] E0203 12:26:24.320840    4101 watch.go:40] Failed to load config from "/home/user/antigravity/typpingchallenge/dataconnect": could not find dataconnect.yaml in `/home/user/antigravity/typpingchallenge/dataconnect`
 {"metadata":{"emulator":{"name":"dataconnect"},"message":"E0203 12:26:24.320840    4101 watch.go:40] Failed to load config from \"/home/user/antigravity/typpingchallenge/dataconnect\": could not find dataconnect.yaml in `/home/user/antigravity/typpingchallenge/dataconnect`\n"}}
[debug] [2026-02-03T06:56:34.312Z] E0203 12:26:34.312291    4101 watch.go:116] watchAllDir unable to walk dir `/home/user/antigravity/typpingchallenge/dataconnect`: lstat /home/user/antigravity/typpingchallenge/dataconnect: no such file or directory
E0203 12:26:34.312336    4101 watch.go:40] Failed to load config from "/home/user/antigravity/typpingchallenge/dataconnect": could not find dataconnect.yaml in `/home/user/antigravity/typpingchallenge/dataconnect`
 {"metadata":{"emulator":{"name":"dataconnect"},"message":"E0203 12:26:34.312291    4101 watch.go:116] watchAllDir unable to walk dir `/home/user/antigravity/typpingchallenge/dataconnect`: lstat /home/user/antigravity/typpingchallenge/dataconnect: no such file or directory\nE0203 12:26:34.312336    4101 watch.go:40] Failed to load config from \"/home/user/antigravity/typpingchallenge/dataconnect\": could not find dataconnect.yaml in `/home/user/antigravity/typpingchallenge/dataconnect`\n"}}
[debug] [2026-02-03T06:56:44.321Z] E0203 12:26:44.320769    4101 watch.go:40] Failed to load config from "/home/user/antigravity/typpingchallenge/dataconnect": could not find dataconnect.yaml in `/home/user/antigravity/typpingchallenge/dataconnect`
 {"metadata":{"emulator":{"name":"dataconnect"},"message":"E0203 12:26:44.320769    4101 watch.go:40] Failed to load config from \"/home/user/antigravity/typpingchallenge/dataconnect\": could not find dataconnect.yaml in `/home/user/antigravity/typpingchallenge/dataconnect`\n"}}
[debug] [2026-02-03T06:56:54.321Z] E0203 12:26:54.320901    4101 watch.go:40] Failed to load config from "/home/user/antigravity/typpingchallenge/dataconnect": could not find dataconnect.yaml in `/home/user/antigravity/typpingchallenge/dataconnect`
 {"metadata":{"emulator":{"name":"dataconnect"},"message":"E0203 12:26:54.320901    4101 watch.go:40] Failed to load config from \"/home/user/antigravity/typpingchallenge/dataconnect\": could not find dataconnect.yaml in `/home/user/antigravity/typpingchallenge/dataconnect`\n"}}
[debug] [2026-02-03T06:57:04.312Z] E0203 12:27:04.312097    4101 watch.go:40] Failed to load config from "/home/user/antigravity/typpingchallenge/dataconnect": could not find dataconnect.yaml in `/home/user/antigravity/typpingchallenge/dataconnect`
 {"metadata":{"emulator":{"name":"dataconnect"},"message":"E0203 12:27:04.312097    4101 watch.go:40] Failed to load config from \"/home/user/antigravity/typpingchallenge/dataconnect\": could not find dataconnect.yaml in `/home/user/antigravity/typpingchallenge/dataconnect`\n"}}
[debug] [2026-02-03T06:57:14.321Z] E0203 12:27:14.320966    4101 watch.go:40] Failed to load config from "/home/user/antigravity/typpingchallenge/dataconnect": could not find dataconnect.yaml in `/home/user/antigravity/typpingchallenge/dataconnect`
 {"metadata":{"emulator":{"name":"dataconnect"},"message":"E0203 12:27:14.320966    4101 watch.go:40] Failed to load config from \"/home/user/antigravity/typpingchallenge/dataconnect\": could not find dataconnect.yaml in `/home/user/antigravity/typpingchallenge/dataconnect`\n"}}
[debug] [2026-02-03T06:57:24.321Z] E0203 12:27:24.320900    4101 watch.go:40] Failed to load config from "/home/user/antigravity/typpingchallenge/dataconnect": could not find dataconnect.yaml in `/home/user/antigravity/typpingchallenge/dataconnect`
 {"metadata":{"emulator":{"name":"dataconnect"},"message":"E0203 12:27:24.320900    4101 watch.go:40] Failed to load config from \"/home/user/antigravity/typpingchallenge/dataconnect\": could not find dataconnect.yaml in `/home/user/antigravity/typpingchallenge/dataconnect`\n"}}
[debug] [2026-02-03T06:57:34.315Z] E0203 12:27:34.314311    4101 watch.go:40] Failed to load config from "/home/user/antigravity/typpingchallenge/dataconnect": could not find dataconnect.yaml in `/home/user/antigravity/typpingchallenge/dataconnect`
E0203 12:27:34.311907    4101 watch.go:116] watchAllDir unable to walk dir `/home/user/antigravity/typpingchallenge/dataconnect`: lstat /home/user/antigravity/typpingchallenge/dataconnect: no such file or directory
 {"metadata":{"emulator":{"name":"dataconnect"},"message":"E0203 12:27:34.314311    4101 watch.go:40] Failed to load config from \"/home/user/antigravity/typpingchallenge/dataconnect\": could not find dataconnect.yaml in `/home/user/antigravity/typpingchallenge/dataconnect`\nE0203 12:27:34.311907    4101 watch.go:116] watchAllDir unable to walk dir `/home/user/antigravity/typpingchallenge/dataconnect`: lstat /home/user/antigravity/typpingchallenge/dataconnect: no such file or directory\n"}}
[debug] [2026-02-03T06:57:44.312Z] E0203 12:27:44.311916    4101 watch.go:40] Failed to load config from "/home/user/antigravity/typpingchallenge/dataconnect": could not find dataconnect.yaml in `/home/user/antigravity/typpingchallenge/dataconnect`
 {"metadata":{"emulator":{"name":"dataconnect"},"message":"E0203 12:27:44.311916    4101 watch.go:40] Failed to load config from \"/home/user/antigravity/typpingchallenge/dataconnect\": could not find dataconnect.yaml in `/home/user/antigravity/typpingchallenge/dataconnect`\n"}}
[debug] [2026-02-03T06:57:54.323Z] E0203 12:27:54.322194    4101 watch.go:40] Failed to load config from "/home/user/antigravity/typpingchallenge/dataconnect": could not find dataconnect.yaml in `/home/user/antigravity/typpingchallenge/dataconnect`
 {"metadata":{"emulator":{"name":"dataconnect"},"message":"E0203 12:27:54.322194    4101 watch.go:40] Failed to load config from \"/home/user/antigravity/typpingchallenge/dataconnect\": could not find dataconnect.yaml in `/home/user/antigravity/typpingchallenge/dataconnect`\n"}}
[debug] [2026-02-03T06:58:04.312Z] E0203 12:28:04.312344    4101 watch.go:40] Failed to load config from "/home/user/antigravity/typpingchallenge/dataconnect": could not find dataconnect.yaml in `/home/user/antigravity/typpingchallenge/dataconnect`
 {"metadata":{"emulator":{"name":"dataconnect"},"message":"E0203 12:28:04.312344    4101 watch.go:40] Failed to load config from \"/home/user/antigravity/typpingchallenge/dataconnect\": could not find dataconnect.yaml in `/home/user/antigravity/typpingchallenge/dataconnect`\n"}}
[debug] [2026-02-03T06:58:14.321Z] E0203 12:28:14.321416    4101 watch.go:40] Failed to load config from "/home/user/antigravity/typpingchallenge/dataconnect": could not find dataconnect.yaml in `/home/user/antigravity/typpingchallenge/dataconnect`
 {"metadata":{"emulator":{"name":"dataconnect"},"message":"E0203 12:28:14.321416    4101 watch.go:40] Failed to load config from \"/home/user/antigravity/typpingchallenge/dataconnect\": could not find dataconnect.yaml in `/home/user/antigravity/typpingchallenge/dataconnect`\n"}}
[debug] [2026-02-03T06:58:24.321Z] E0203 12:28:24.321501    4101 watch.go:40] Failed to load config from "/home/user/antigravity/typpingchallenge/dataconnect": could not find dataconnect.yaml in `/home/user/antigravity/typpingchallenge/dataconnect`
 {"metadata":{"emulator":{"name":"dataconnect"},"message":"E0203 12:28:24.321501    4101 watch.go:40] Failed to load config from \"/home/user/antigravity/typpingchallenge/dataconnect\": could not find dataconnect.yaml in `/home/user/antigravity/typpingchallenge/dataconnect`\n"}}
[debug] [2026-02-03T06:58:34.312Z] E0203 12:28:34.311884    4101 watch.go:116] watchAllDir unable to walk dir `/home/user/antigravity/typpingchallenge/dataconnect`: lstat /home/user/antigravity/typpingchallenge/dataconnect: no such file or directory
E0203 12:28:34.312002    4101 watch.go:40] Failed to load config from "/home/user/antigravity/typpingchallenge/dataconnect": could not find dataconnect.yaml in `/home/user/antigravity/typpingchallenge/dataconnect`
 {"metadata":{"emulator":{"name":"dataconnect"},"message":"E0203 12:28:34.311884    4101 watch.go:116] watchAllDir unable to walk dir `/home/user/antigravity/typpingchallenge/dataconnect`: lstat /home/user/antigravity/typpingchallenge/dataconnect: no such file or directory\nE0203 12:28:34.312002    4101 watch.go:40] Failed to load config from \"/home/user/antigravity/typpingchallenge/dataconnect\": could not find dataconnect.yaml in `/home/user/antigravity/typpingchallenge/dataconnect`\n"}}
[debug] [2026-02-03T06:58:44.320Z] E0203 12:28:44.320744    4101 watch.go:40] Failed to load config from "/home/user/antigravity/typpingchallenge/dataconnect": could not find dataconnect.yaml in `/home/user/antigravity/typpingchallenge/dataconnect`
 {"metadata":{"emulator":{"name":"dataconnect"},"message":"E0203 12:28:44.320744    4101 watch.go:40] Failed to load config from \"/home/user/antigravity/typpingchallenge/dataconnect\": could not find dataconnect.yaml in `/home/user/antigravity/typpingchallenge/dataconnect`\n"}}
[debug] [2026-02-03T06:58:54.321Z] E0203 12:28:54.320781    4101 watch.go:40] Failed to load config from "/home/user/antigravity/typpingchallenge/dataconnect": could not find dataconnect.yaml in `/home/user/antigravity/typpingchallenge/dataconnect`
 {"metadata":{"emulator":{"name":"dataconnect"},"message":"E0203 12:28:54.320781    4101 watch.go:40] Failed to load config from \"/home/user/antigravity/typpingchallenge/dataconnect\": could not find dataconnect.yaml in `/home/user/antigravity/typpingchallenge/dataconnect`\n"}}
[debug] [2026-02-03T06:59:04.312Z] E0203 12:29:04.311898    4101 watch.go:40] Failed to load config from "/home/user/antigravity/typpingchallenge/dataconnect": could not find dataconnect.yaml in `/home/user/antigravity/typpingchallenge/dataconnect`
 {"metadata":{"emulator":{"name":"dataconnect"},"message":"E0203 12:29:04.311898    4101 watch.go:40] Failed to load config from \"/home/user/antigravity/typpingchallenge/dataconnect\": could not find dataconnect.yaml in `/home/user/antigravity/typpingchallenge/dataconnect`\n"}}
[debug] [2026-02-03T06:59:14.321Z] E0203 12:29:14.320912    4101 watch.go:40] Failed to load config from "/home/user/antigravity/typpingchallenge/dataconnect": could not find dataconnect.yaml in `/home/user/antigravity/typpingchallenge/dataconnect`
 {"metadata":{"emulator":{"name":"dataconnect"},"message":"E0203 12:29:14.320912    4101 watch.go:40] Failed to load config from \"/home/user/antigravity/typpingchallenge/dataconnect\": could not find dataconnect.yaml in `/home/user/antigravity/typpingchallenge/dataconnect`\n"}}
[debug] [2026-02-03T06:59:24.320Z] E0203 12:29:24.320763    4101 watch.go:40] Failed to load config from "/home/user/antigravity/typpingchallenge/dataconnect": could not find dataconnect.yaml in `/home/user/antigravity/typpingchallenge/dataconnect`
 {"metadata":{"emulator":{"name":"dataconnect"},"message":"E0203 12:29:24.320763    4101 watch.go:40] Failed to load config from \"/home/user/antigravity/typpingchallenge/dataconnect\": could not find dataconnect.yaml in `/home/user/antigravity/typpingchallenge/dataconnect`\n"}}
[debug] [2026-02-03T06:59:34.312Z] E0203 12:29:34.312047    4101 watch.go:116] watchAllDir unable to walk dir `/home/user/antigravity/typpingchallenge/dataconnect`: lstat /home/user/antigravity/typpingchallenge/dataconnect: no such file or directory
E0203 12:29:34.312206    4101 watch.go:40] Failed to load config from "/home/user/antigravity/typpingchallenge/dataconnect": could not find dataconnect.yaml in `/home/user/antigravity/typpingchallenge/dataconnect`
 {"metadata":{"emulator":{"name":"dataconnect"},"message":"E0203 12:29:34.312047    4101 watch.go:116] watchAllDir unable to walk dir `/home/user/antigravity/typpingchallenge/dataconnect`: lstat /home/user/antigravity/typpingchallenge/dataconnect: no such file or directory\nE0203 12:29:34.312206    4101 watch.go:40] Failed to load config from \"/home/user/antigravity/typpingchallenge/dataconnect\": could not find dataconnect.yaml in `/home/user/antigravity/typpingchallenge/dataconnect`\n"}}
[debug] [2026-02-03T06:59:44.313Z] E0203 12:29:44.312853    4101 watch.go:40] Failed to load config from "/home/user/antigravity/typpingchallenge/dataconnect": could not find dataconnect.yaml in `/home/user/antigravity/typpingchallenge/dataconnect`
 {"metadata":{"emulator":{"name":"dataconnect"},"message":"E0203 12:29:44.312853    4101 watch.go:40] Failed to load config from \"/home/user/antigravity/typpingchallenge/dataconnect\": could not find dataconnect.yaml in `/home/user/antigravity/typpingchallenge/dataconnect`\n"}}
[debug] [2026-02-03T06:59:54.312Z] E0203 12:29:54.311813    4101 watch.go:40] Failed to load config from "/home/user/antigravity/typpingchallenge/dataconnect": could not find dataconnect.yaml in `/home/user/antigravity/typpingchallenge/dataconnect`
 {"metadata":{"emulator":{"name":"dataconnect"},"message":"E0203 12:29:54.311813    4101 watch.go:40] Failed to load config from \"/home/user/antigravity/typpingchallenge/dataconnect\": could not find dataconnect.yaml in `/home/user/antigravity/typpingchallenge/dataconnect`\n"}}
[debug] [2026-02-03T07:00:04.312Z] E0203 12:30:04.311927    4101 watch.go:40] Failed to load config from "/home/user/antigravity/typpingchallenge/dataconnect": could not find dataconnect.yaml in `/home/user/antigravity/typpingchallenge/dataconnect`
 {"metadata":{"emulator":{"name":"dataconnect"},"message":"E0203 12:30:04.311927    4101 watch.go:40] Failed to load config from \"/home/user/antigravity/typpingchallenge/dataconnect\": could not find dataconnect.yaml in `/home/user/antigravity/typpingchallenge/dataconnect`\n"}}
[debug] [2026-02-03T07:00:14.321Z] E0203 12:30:14.320975    4101 watch.go:40] Failed to load config from "/home/user/antigravity/typpingchallenge/dataconnect": could not find dataconnect.yaml in `/home/user/antigravity/typpingchallenge/dataconnect`
 {"metadata":{"emulator":{"name":"dataconnect"},"message":"E0203 12:30:14.320975    4101 watch.go:40] Failed to load config from \"/home/user/antigravity/typpingchallenge/dataconnect\": could not find dataconnect.yaml in `/home/user/antigravity/typpingchallenge/dataconnect`\n"}}
[debug] [2026-02-03T07:00:24.321Z] E0203 12:30:24.320868    4101 watch.go:40] Failed to load config from "/home/user/antigravity/typpingchallenge/dataconnect": could not find dataconnect.yaml in `/home/user/antigravity/typpingchallenge/dataconnect`
 {"metadata":{"emulator":{"name":"dataconnect"},"message":"E0203 12:30:24.320868    4101 watch.go:40] Failed to load config from \"/home/user/antigravity/typpingchallenge/dataconnect\": could not find dataconnect.yaml in `/home/user/antigravity/typpingchallenge/dataconnect`\n"}}
[debug] [2026-02-03T07:00:34.312Z] E0203 12:30:34.311977    4101 watch.go:116] watchAllDir unable to walk dir `/home/user/antigravity/typpingchallenge/dataconnect`: lstat /home/user/antigravity/typpingchallenge/dataconnect: no such file or directory
E0203 12:30:34.312084    4101 watch.go:40] Failed to load config from "/home/user/antigravity/typpingchallenge/dataconnect": could not find dataconnect.yaml in `/home/user/antigravity/typpingchallenge/dataconnect`
 {"metadata":{"emulator":{"name":"dataconnect"},"message":"E0203 12:30:34.311977    4101 watch.go:116] watchAllDir unable to walk dir `/home/user/antigravity/typpingchallenge/dataconnect`: lstat /home/user/antigravity/typpingchallenge/dataconnect: no such file or directory\nE0203 12:30:34.312084    4101 watch.go:40] Failed to load config from \"/home/user/antigravity/typpingchallenge/dataconnect\": could not find dataconnect.yaml in `/home/user/antigravity/typpingchallenge/dataconnect`\n"}}
[debug] [2026-02-03T07:00:44.321Z] E0203 12:30:44.320814    4101 watch.go:40] Failed to load config from "/home/user/antigravity/typpingchallenge/dataconnect": could not find dataconnect.yaml in `/home/user/antigravity/typpingchallenge/dataconnect`
 {"metadata":{"emulator":{"name":"dataconnect"},"message":"E0203 12:30:44.320814    4101 watch.go:40] Failed to load config from \"/home/user/antigravity/typpingchallenge/dataconnect\": could not find dataconnect.yaml in `/home/user/antigravity/typpingchallenge/dataconnect`\n"}}
[debug] [2026-02-03T07:00:54.321Z] E0203 12:30:54.320847    4101 watch.go:40] Failed to load config from "/home/user/antigravity/typpingchallenge/dataconnect": could not find dataconnect.yaml in `/home/user/antigravity/typpingchallenge/dataconnect`
 {"metadata":{"emulator":{"name":"dataconnect"},"message":"E0203 12:30:54.320847    4101 watch.go:40] Failed to load config from \"/home/user/antigravity/typpingchallenge/dataconnect\": could not find dataconnect.yaml in `/home/user/antigravity/typpingchallenge/dataconnect`\n"}}
[debug] [2026-02-03T07:01:04.312Z] E0203 12:31:04.311952    4101 watch.go:40] Failed to load config from "/home/user/antigravity/typpingchallenge/dataconnect": could not find dataconnect.yaml in `/home/user/antigravity/typpingchallenge/dataconnect`
 {"metadata":{"emulator":{"name":"dataconnect"},"message":"E0203 12:31:04.311952    4101 watch.go:40] Failed to load config from \"/home/user/antigravity/typpingchallenge/dataconnect\": could not find dataconnect.yaml in `/home/user/antigravity/typpingchallenge/dataconnect`\n"}}
[debug] [2026-02-03T07:01:14.321Z] E0203 12:31:14.320871    4101 watch.go:40] Failed to load config from "/home/user/antigravity/typpingchallenge/dataconnect": could not find dataconnect.yaml in `/home/user/antigravity/typpingchallenge/dataconnect`
 {"metadata":{"emulator":{"name":"dataconnect"},"message":"E0203 12:31:14.320871    4101 watch.go:40] Failed to load config from \"/home/user/antigravity/typpingchallenge/dataconnect\": could not find dataconnect.yaml in `/home/user/antigravity/typpingchallenge/dataconnect`\n"}}
[debug] [2026-02-03T07:01:24.321Z] E0203 12:31:24.320787    4101 watch.go:40] Failed to load config from "/home/user/antigravity/typpingchallenge/dataconnect": could not find dataconnect.yaml in `/home/user/antigravity/typpingchallenge/dataconnect`
 {"metadata":{"emulator":{"name":"dataconnect"},"message":"E0203 12:31:24.320787    4101 watch.go:40] Failed to load config from \"/home/user/antigravity/typpingchallenge/dataconnect\": could not find dataconnect.yaml in `/home/user/antigravity/typpingchallenge/dataconnect`\n"}}
[debug] [2026-02-03T07:01:34.312Z] E0203 12:31:34.312028    4101 watch.go:116] watchAllDir unable to walk dir `/home/user/antigravity/typpingchallenge/dataconnect`: lstat /home/user/antigravity/typpingchallenge/dataconnect: no such file or directory
E0203 12:31:34.312144    4101 watch.go:40] Failed to load config from "/home/user/antigravity/typpingchallenge/dataconnect": could not find dataconnect.yaml in `/home/user/antigravity/typpingchallenge/dataconnect`
 {"metadata":{"emulator":{"name":"dataconnect"},"message":"E0203 12:31:34.312028    4101 watch.go:116] watchAllDir unable to walk dir `/home/user/antigravity/typpingchallenge/dataconnect`: lstat /home/user/antigravity/typpingchallenge/dataconnect: no such file or directory\nE0203 12:31:34.312144    4101 watch.go:40] Failed to load config from \"/home/user/antigravity/typpingchallenge/dataconnect\": could not find dataconnect.yaml in `/home/user/antigravity/typpingchallenge/dataconnect`\n"}}
[debug] [2026-02-03T07:01:44.322Z] E0203 12:31:44.321234    4101 watch.go:40] Failed to load config from "/home/user/antigravity/typpingchallenge/dataconnect": could not find dataconnect.yaml in `/home/user/antigravity/typpingchallenge/dataconnect`
 {"metadata":{"emulator":{"name":"dataconnect"},"message":"E0203 12:31:44.321234    4101 watch.go:40] Failed to load config from \"/home/user/antigravity/typpingchallenge/dataconnect\": could not find dataconnect.yaml in `/home/user/antigravity/typpingchallenge/dataconnect`\n"}}
[debug] [2026-02-03T07:01:54.314Z] E0203 12:31:54.314051    4101 watch.go:40] Failed to load config from "/home/user/antigravity/typpingchallenge/dataconnect": could not find dataconnect.yaml in `/home/user/antigravity/typpingchallenge/dataconnect`
 {"metadata":{"emulator":{"name":"dataconnect"},"message":"E0203 12:31:54.314051    4101 watch.go:40] Failed to load config from \"/home/user/antigravity/typpingchallenge/dataconnect\": could not find dataconnect.yaml in `/home/user/antigravity/typpingchallenge/dataconnect`\n"}}
[debug] [2026-02-03T07:02:04.312Z] E0203 12:32:04.311924    4101 watch.go:40] Failed to load config from "/home/user/antigravity/typpingchallenge/dataconnect": could not find dataconnect.yaml in `/home/user/antigravity/typpingchallenge/dataconnect`
 {"metadata":{"emulator":{"name":"dataconnect"},"message":"E0203 12:32:04.311924    4101 watch.go:40] Failed to load config from \"/home/user/antigravity/typpingchallenge/dataconnect\": could not find dataconnect.yaml in `/home/user/antigravity/typpingchallenge/dataconnect`\n"}}
[debug] [2026-02-03T07:02:14.321Z] E0203 12:32:14.320838    4101 watch.go:40] Failed to load config from "/home/user/antigravity/typpingchallenge/dataconnect": could not find dataconnect.yaml in `/home/user/antigravity/typpingchallenge/dataconnect`
 {"metadata":{"emulator":{"name":"dataconnect"},"message":"E0203 12:32:14.320838    4101 watch.go:40] Failed to load config from \"/home/user/antigravity/typpingchallenge/dataconnect\": could not find dataconnect.yaml in `/home/user/antigravity/typpingchallenge/dataconnect`\n"}}
[debug] [2026-02-03T07:02:24.321Z] E0203 12:32:24.320760    4101 watch.go:40] Failed to load config from "/home/user/antigravity/typpingchallenge/dataconnect": could not find dataconnect.yaml in `/home/user/antigravity/typpingchallenge/dataconnect`
 {"metadata":{"emulator":{"name":"dataconnect"},"message":"E0203 12:32:24.320760    4101 watch.go:40] Failed to load config from \"/home/user/antigravity/typpingchallenge/dataconnect\": could not find dataconnect.yaml in `/home/user/antigravity/typpingchallenge/dataconnect`\n"}}
[debug] [2026-02-03T07:02:34.312Z] E0203 12:32:34.312186    4101 watch.go:40] Failed to load config from "/home/user/antigravity/typpingchallenge/dataconnect": could not find dataconnect.yaml in `/home/user/antigravity/typpingchallenge/dataconnect`
 {"metadata":{"emulator":{"name":"dataconnect"},"message":"E0203 12:32:34.312186    4101 watch.go:40] Failed to load config from \"/home/user/antigravity/typpingchallenge/dataconnect\": could not find dataconnect.yaml in `/home/user/antigravity/typpingchallenge/dataconnect`\n"}}
[debug] [2026-02-03T07:02:34.314Z] E0203 12:32:34.312075    4101 watch.go:116] watchAllDir unable to walk dir `/home/user/antigravity/typpingchallenge/dataconnect`: lstat /home/user/antigravity/typpingchallenge/dataconnect: no such file or directory
 {"metadata":{"emulator":{"name":"dataconnect"},"message":"E0203 12:32:34.312075    4101 watch.go:116] watchAllDir unable to walk dir `/home/user/antigravity/typpingchallenge/dataconnect`: lstat /home/user/antigravity/typpingchallenge/dataconnect: no such file or directory\n"}}
[debug] [2026-02-03T07:02:44.321Z] E0203 12:32:44.320772    4101 watch.go:40] Failed to load config from "/home/user/antigravity/typpingchallenge/dataconnect": could not find dataconnect.yaml in `/home/user/antigravity/typpingchallenge/dataconnect`
 {"metadata":{"emulator":{"name":"dataconnect"},"message":"E0203 12:32:44.320772    4101 watch.go:40] Failed to load config from \"/home/user/antigravity/typpingchallenge/dataconnect\": could not find dataconnect.yaml in `/home/user/antigravity/typpingchallenge/dataconnect`\n"}}
[debug] [2026-02-03T07:02:54.320Z] E0203 12:32:54.320726    4101 watch.go:40] Failed to load config from "/home/user/antigravity/typpingchallenge/dataconnect": could not find dataconnect.yaml in `/home/user/antigravity/typpingchallenge/dataconnect`
 {"metadata":{"emulator":{"name":"dataconnect"},"message":"E0203 12:32:54.320726    4101 watch.go:40] Failed to load config from \"/home/user/antigravity/typpingchallenge/dataconnect\": could not find dataconnect.yaml in `/home/user/antigravity/typpingchallenge/dataconnect`\n"}}
[debug] [2026-02-03T07:03:04.312Z] E0203 12:33:04.311960    4101 watch.go:40] Failed to load config from "/home/user/antigravity/typpingchallenge/dataconnect": could not find dataconnect.yaml in `/home/user/antigravity/typpingchallenge/dataconnect`
 {"metadata":{"emulator":{"name":"dataconnect"},"message":"E0203 12:33:04.311960    4101 watch.go:40] Failed to load config from \"/home/user/antigravity/typpingchallenge/dataconnect\": could not find dataconnect.yaml in `/home/user/antigravity/typpingchallenge/dataconnect`\n"}}
[debug] [2026-02-03T07:03:14.321Z] E0203 12:33:14.320802    4101 watch.go:40] Failed to load config from "/home/user/antigravity/typpingchallenge/dataconnect": could not find dataconnect.yaml in `/home/user/antigravity/typpingchallenge/dataconnect`
 {"metadata":{"emulator":{"name":"dataconnect"},"message":"E0203 12:33:14.320802    4101 watch.go:40] Failed to load config from \"/home/user/antigravity/typpingchallenge/dataconnect\": could not find dataconnect.yaml in `/home/user/antigravity/typpingchallenge/dataconnect`\n"}}
[debug] [2026-02-03T07:03:24.321Z] E0203 12:33:24.320743    4101 watch.go:40] Failed to load config from "/home/user/antigravity/typpingchallenge/dataconnect": could not find dataconnect.yaml in `/home/user/antigravity/typpingchallenge/dataconnect`
 {"metadata":{"emulator":{"name":"dataconnect"},"message":"E0203 12:33:24.320743    4101 watch.go:40] Failed to load config from \"/home/user/antigravity/typpingchallenge/dataconnect\": could not find dataconnect.yaml in `/home/user/antigravity/typpingchallenge/dataconnect`\n"}}
[debug] [2026-02-03T07:03:34.312Z] E0203 12:33:34.311841    4101 watch.go:116] watchAllDir unable to walk dir `/home/user/antigravity/typpingchallenge/dataconnect`: lstat /home/user/antigravity/typpingchallenge/dataconnect: no such file or directory
E0203 12:33:34.311890    4101 watch.go:40] Failed to load config from "/home/user/antigravity/typpingchallenge/dataconnect": could not find dataconnect.yaml in `/home/user/antigravity/typpingchallenge/dataconnect`
 {"metadata":{"emulator":{"name":"dataconnect"},"message":"E0203 12:33:34.311841    4101 watch.go:116] watchAllDir unable to walk dir `/home/user/antigravity/typpingchallenge/dataconnect`: lstat /home/user/antigravity/typpingchallenge/dataconnect: no such file or directory\nE0203 12:33:34.311890    4101 watch.go:40] Failed to load config from \"/home/user/antigravity/typpingchallenge/dataconnect\": could not find dataconnect.yaml in `/home/user/antigravity/typpingchallenge/dataconnect`\n"}}
[debug] [2026-02-03T07:03:44.321Z] E0203 12:33:44.320891    4101 watch.go:40] Failed to load config from "/home/user/antigravity/typpingchallenge/dataconnect": could not find dataconnect.yaml in `/home/user/antigravity/typpingchallenge/dataconnect`
 {"metadata":{"emulator":{"name":"dataconnect"},"message":"E0203 12:33:44.320891    4101 watch.go:40] Failed to load config from \"/home/user/antigravity/typpingchallenge/dataconnect\": could not find dataconnect.yaml in `/home/user/antigravity/typpingchallenge/dataconnect`\n"}}
[debug] [2026-02-03T07:03:54.320Z] E0203 12:33:54.320794    4101 watch.go:40] Failed to load config from "/home/user/antigravity/typpingchallenge/dataconnect": could not find dataconnect.yaml in `/home/user/antigravity/typpingchallenge/dataconnect`
 {"metadata":{"emulator":{"name":"dataconnect"},"message":"E0203 12:33:54.320794    4101 watch.go:40] Failed to load config from \"/home/user/antigravity/typpingchallenge/dataconnect\": could not find dataconnect.yaml in `/home/user/antigravity/typpingchallenge/dataconnect`\n"}}
[debug] [2026-02-03T07:04:04.312Z] E0203 12:34:04.311953    4101 watch.go:40] Failed to load config from "/home/user/antigravity/typpingchallenge/dataconnect": could not find dataconnect.yaml in `/home/user/antigravity/typpingchallenge/dataconnect`
 {"metadata":{"emulator":{"name":"dataconnect"},"message":"E0203 12:34:04.311953    4101 watch.go:40] Failed to load config from \"/home/user/antigravity/typpingchallenge/dataconnect\": could not find dataconnect.yaml in `/home/user/antigravity/typpingchallenge/dataconnect`\n"}}
[debug] [2026-02-03T07:04:14.321Z] E0203 12:34:14.320783    4101 watch.go:40] Failed to load config from "/home/user/antigravity/typpingchallenge/dataconnect": could not find dataconnect.yaml in `/home/user/antigravity/typpingchallenge/dataconnect`
 {"metadata":{"emulator":{"name":"dataconnect"},"message":"E0203 12:34:14.320783    4101 watch.go:40] Failed to load config from \"/home/user/antigravity/typpingchallenge/dataconnect\": could not find dataconnect.yaml in `/home/user/antigravity/typpingchallenge/dataconnect`\n"}}
[debug] [2026-02-03T07:04:24.321Z] E0203 12:34:24.320729    4101 watch.go:40] Failed to load config from "/home/user/antigravity/typpingchallenge/dataconnect": could not find dataconnect.yaml in `/home/user/antigravity/typpingchallenge/dataconnect`
 {"metadata":{"emulator":{"name":"dataconnect"},"message":"E0203 12:34:24.320729    4101 watch.go:40] Failed to load config from \"/home/user/antigravity/typpingchallenge/dataconnect\": could not find dataconnect.yaml in `/home/user/antigravity/typpingchallenge/dataconnect`\n"}}
[debug] [2026-02-03T07:04:34.312Z] E0203 12:34:34.312023    4101 watch.go:116] watchAllDir unable to walk dir `/home/user/antigravity/typpingchallenge/dataconnect`: lstat /home/user/antigravity/typpingchallenge/dataconnect: no such file or directory
E0203 12:34:34.312115    4101 watch.go:40] Failed to load config from "/home/user/antigravity/typpingchallenge/dataconnect": could not find dataconnect.yaml in `/home/user/antigravity/typpingchallenge/dataconnect`
 {"metadata":{"emulator":{"name":"dataconnect"},"message":"E0203 12:34:34.312023    4101 watch.go:116] watchAllDir unable to walk dir `/home/user/antigravity/typpingchallenge/dataconnect`: lstat /home/user/antigravity/typpingchallenge/dataconnect: no such file or directory\nE0203 12:34:34.312115    4101 watch.go:40] Failed to load config from \"/home/user/antigravity/typpingchallenge/dataconnect\": could not find dataconnect.yaml in `/home/user/antigravity/typpingchallenge/dataconnect`\n"}}
[debug] [2026-02-03T07:04:44.321Z] E0203 12:34:44.320788    4101 watch.go:40] Failed to load config from "/home/user/antigravity/typpingchallenge/dataconnect": could not find dataconnect.yaml in `/home/user/antigravity/typpingchallenge/dataconnect`
 {"metadata":{"emulator":{"name":"dataconnect"},"message":"E0203 12:34:44.320788    4101 watch.go:40] Failed to load config from \"/home/user/antigravity/typpingchallenge/dataconnect\": could not find dataconnect.yaml in `/home/user/antigravity/typpingchallenge/dataconnect`\n"}}
[debug] [2026-02-03T07:04:54.321Z] E0203 12:34:54.320775    4101 watch.go:40] Failed to load config from "/home/user/antigravity/typpingchallenge/dataconnect": could not find dataconnect.yaml in `/home/user/antigravity/typpingchallenge/dataconnect`
 {"metadata":{"emulator":{"name":"dataconnect"},"message":"E0203 12:34:54.320775    4101 watch.go:40] Failed to load config from \"/home/user/antigravity/typpingchallenge/dataconnect\": could not find dataconnect.yaml in `/home/user/antigravity/typpingchallenge/dataconnect`\n"}}
[debug] [2026-02-03T07:05:04.312Z] E0203 12:35:04.312170    4101 watch.go:40] Failed to load config from "/home/user/antigravity/typpingchallenge/dataconnect": could not find dataconnect.yaml in `/home/user/antigravity/typpingchallenge/dataconnect`
 {"metadata":{"emulator":{"name":"dataconnect"},"message":"E0203 12:35:04.312170    4101 watch.go:40] Failed to load config from \"/home/user/antigravity/typpingchallenge/dataconnect\": could not find dataconnect.yaml in `/home/user/antigravity/typpingchallenge/dataconnect`\n"}}
[debug] [2026-02-03T07:05:14.320Z] E0203 12:35:14.320757    4101 watch.go:40] Failed to load config from "/home/user/antigravity/typpingchallenge/dataconnect": could not find dataconnect.yaml in `/home/user/antigravity/typpingchallenge/dataconnect`
 {"metadata":{"emulator":{"name":"dataconnect"},"message":"E0203 12:35:14.320757    4101 watch.go:40] Failed to load config from \"/home/user/antigravity/typpingchallenge/dataconnect\": could not find dataconnect.yaml in `/home/user/antigravity/typpingchallenge/dataconnect`\n"}}
[debug] [2026-02-03T07:05:24.320Z] E0203 12:35:24.320750    4101 watch.go:40] Failed to load config from "/home/user/antigravity/typpingchallenge/dataconnect": could not find dataconnect.yaml in `/home/user/antigravity/typpingchallenge/dataconnect`
 {"metadata":{"emulator":{"name":"dataconnect"},"message":"E0203 12:35:24.320750    4101 watch.go:40] Failed to load config from \"/home/user/antigravity/typpingchallenge/dataconnect\": could not find dataconnect.yaml in `/home/user/antigravity/typpingchallenge/dataconnect`\n"}}
[debug] [2026-02-03T07:05:34.312Z] E0203 12:35:34.312011    4101 watch.go:116] watchAllDir unable to walk dir `/home/user/antigravity/typpingchallenge/dataconnect`: lstat /home/user/antigravity/typpingchallenge/dataconnect: no such file or directory
E0203 12:35:34.312144    4101 watch.go:40] Failed to load config from "/home/user/antigravity/typpingchallenge/dataconnect": could not find dataconnect.yaml in `/home/user/antigravity/typpingchallenge/dataconnect`
 {"metadata":{"emulator":{"name":"dataconnect"},"message":"E0203 12:35:34.312011    4101 watch.go:116] watchAllDir unable to walk dir `/home/user/antigravity/typpingchallenge/dataconnect`: lstat /home/user/antigravity/typpingchallenge/dataconnect: no such file or directory\nE0203 12:35:34.312144    4101 watch.go:40] Failed to load config from \"/home/user/antigravity/typpingchallenge/dataconnect\": could not find dataconnect.yaml in `/home/user/antigravity/typpingchallenge/dataconnect`\n"}}
[debug] [2026-02-03T07:05:44.321Z] E0203 12:35:44.320773    4101 watch.go:40] Failed to load config from "/home/user/antigravity/typpingchallenge/dataconnect": could not find dataconnect.yaml in `/home/user/antigravity/typpingchallenge/dataconnect`
 {"metadata":{"emulator":{"name":"dataconnect"},"message":"E0203 12:35:44.320773    4101 watch.go:40] Failed to load config from \"/home/user/antigravity/typpingchallenge/dataconnect\": could not find dataconnect.yaml in `/home/user/antigravity/typpingchallenge/dataconnect`\n"}}
[debug] [2026-02-03T07:05:54.321Z] E0203 12:35:54.320722    4101 watch.go:40] Failed to load config from "/home/user/antigravity/typpingchallenge/dataconnect": could not find dataconnect.yaml in `/home/user/antigravity/typpingchallenge/dataconnect`
 {"metadata":{"emulator":{"name":"dataconnect"},"message":"E0203 12:35:54.320722    4101 watch.go:40] Failed to load config from \"/home/user/antigravity/typpingchallenge/dataconnect\": could not find dataconnect.yaml in `/home/user/antigravity/typpingchallenge/dataconnect`\n"}}
[debug] [2026-02-03T07:06:04.318Z] E0203 12:36:04.312090    4101 watch.go:40] Failed to load config from "/home/user/antigravity/typpingchallenge/dataconnect": could not find dataconnect.yaml in `/home/user/antigravity/typpingchallenge/dataconnect`
 {"metadata":{"emulator":{"name":"dataconnect"},"message":"E0203 12:36:04.312090    4101 watch.go:40] Failed to load config from \"/home/user/antigravity/typpingchallenge/dataconnect\": could not find dataconnect.yaml in `/home/user/antigravity/typpingchallenge/dataconnect`\n"}}
[debug] [2026-02-03T07:06:14.312Z] E0203 12:36:14.311810    4101 watch.go:40] Failed to load config from "/home/user/antigravity/typpingchallenge/dataconnect": could not find dataconnect.yaml in `/home/user/antigravity/typpingchallenge/dataconnect`
 {"metadata":{"emulator":{"name":"dataconnect"},"message":"E0203 12:36:14.311810    4101 watch.go:40] Failed to load config from \"/home/user/antigravity/typpingchallenge/dataconnect\": could not find dataconnect.yaml in `/home/user/antigravity/typpingchallenge/dataconnect`\n"}}
[debug] [2026-02-03T07:06:24.321Z] E0203 12:36:24.320760    4101 watch.go:40] Failed to load config from "/home/user/antigravity/typpingchallenge/dataconnect": could not find dataconnect.yaml in `/home/user/antigravity/typpingchallenge/dataconnect`
 {"metadata":{"emulator":{"name":"dataconnect"},"message":"E0203 12:36:24.320760    4101 watch.go:40] Failed to load config from \"/home/user/antigravity/typpingchallenge/dataconnect\": could not find dataconnect.yaml in `/home/user/antigravity/typpingchallenge/dataconnect`\n"}}
[debug] [2026-02-03T07:06:34.312Z] E0203 12:36:34.311884    4101 watch.go:116] watchAllDir unable to walk dir `/home/user/antigravity/typpingchallenge/dataconnect`: lstat /home/user/antigravity/typpingchallenge/dataconnect: no such file or directory
E0203 12:36:34.311971    4101 watch.go:40] Failed to load config from "/home/user/antigravity/typpingchallenge/dataconnect": could not find dataconnect.yaml in `/home/user/antigravity/typpingchallenge/dataconnect`
 {"metadata":{"emulator":{"name":"dataconnect"},"message":"E0203 12:36:34.311884    4101 watch.go:116] watchAllDir unable to walk dir `/home/user/antigravity/typpingchallenge/dataconnect`: lstat /home/user/antigravity/typpingchallenge/dataconnect: no such file or directory\nE0203 12:36:34.311971    4101 watch.go:40] Failed to load config from \"/home/user/antigravity/typpingchallenge/dataconnect\": could not find dataconnect.yaml in `/home/user/antigravity/typpingchallenge/dataconnect`\n"}}
[debug] [2026-02-03T07:06:44.321Z] E0203 12:36:44.320785    4101 watch.go:40] Failed to load config from "/home/user/antigravity/typpingchallenge/dataconnect": could not find dataconnect.yaml in `/home/user/antigravity/typpingchallenge/dataconnect`
 {"metadata":{"emulator":{"name":"dataconnect"},"message":"E0203 12:36:44.320785    4101 watch.go:40] Failed to load config from \"/home/user/antigravity/typpingchallenge/dataconnect\": could not find dataconnect.yaml in `/home/user/antigravity/typpingchallenge/dataconnect`\n"}}
[debug] [2026-02-03T07:06:54.321Z] E0203 12:36:54.320862    4101 watch.go:40] Failed to load config from "/home/user/antigravity/typpingchallenge/dataconnect": could not find dataconnect.yaml in `/home/user/antigravity/typpingchallenge/dataconnect`
 {"metadata":{"emulator":{"name":"dataconnect"},"message":"E0203 12:36:54.320862    4101 watch.go:40] Failed to load config from \"/home/user/antigravity/typpingchallenge/dataconnect\": could not find dataconnect.yaml in `/home/user/antigravity/typpingchallenge/dataconnect`\n"}}
[debug] [2026-02-03T07:07:04.312Z] E0203 12:37:04.311920    4101 watch.go:40] Failed to load config from "/home/user/antigravity/typpingchallenge/dataconnect": could not find dataconnect.yaml in `/home/user/antigravity/typpingchallenge/dataconnect`
 {"metadata":{"emulator":{"name":"dataconnect"},"message":"E0203 12:37:04.311920    4101 watch.go:40] Failed to load config from \"/home/user/antigravity/typpingchallenge/dataconnect\": could not find dataconnect.yaml in `/home/user/antigravity/typpingchallenge/dataconnect`\n"}}
[debug] [2026-02-03T07:07:14.321Z] E0203 12:37:14.320795    4101 watch.go:40] Failed to load config from "/home/user/antigravity/typpingchallenge/dataconnect": could not find dataconnect.yaml in `/home/user/antigravity/typpingchallenge/dataconnect`
 {"metadata":{"emulator":{"name":"dataconnect"},"message":"E0203 12:37:14.320795    4101 watch.go:40] Failed to load config from \"/home/user/antigravity/typpingchallenge/dataconnect\": could not find dataconnect.yaml in `/home/user/antigravity/typpingchallenge/dataconnect`\n"}}
[debug] [2026-02-03T07:07:24.321Z] E0203 12:37:24.320865    4101 watch.go:40] Failed to load config from "/home/user/antigravity/typpingchallenge/dataconnect": could not find dataconnect.yaml in `/home/user/antigravity/typpingchallenge/dataconnect`
 {"metadata":{"emulator":{"name":"dataconnect"},"message":"E0203 12:37:24.320865    4101 watch.go:40] Failed to load config from \"/home/user/antigravity/typpingchallenge/dataconnect\": could not find dataconnect.yaml in `/home/user/antigravity/typpingchallenge/dataconnect`\n"}}
[debug] [2026-02-03T07:07:34.312Z] E0203 12:37:34.311838    4101 watch.go:116] watchAllDir unable to walk dir `/home/user/antigravity/typpingchallenge/dataconnect`: lstat /home/user/antigravity/typpingchallenge/dataconnect: no such file or directory
E0203 12:37:34.311938    4101 watch.go:40] Failed to load config from "/home/user/antigravity/typpingchallenge/dataconnect": could not find dataconnect.yaml in `/home/user/antigravity/typpingchallenge/dataconnect`
 {"metadata":{"emulator":{"name":"dataconnect"},"message":"E0203 12:37:34.311838    4101 watch.go:116] watchAllDir unable to walk dir `/home/user/antigravity/typpingchallenge/dataconnect`: lstat /home/user/antigravity/typpingchallenge/dataconnect: no such file or directory\nE0203 12:37:34.311938    4101 watch.go:40] Failed to load config from \"/home/user/antigravity/typpingchallenge/dataconnect\": could not find dataconnect.yaml in `/home/user/antigravity/typpingchallenge/dataconnect`\n"}}
[debug] [2026-02-03T07:07:44.321Z] E0203 12:37:44.320797    4101 watch.go:40] Failed to load config from "/home/user/antigravity/typpingchallenge/dataconnect": could not find dataconnect.yaml in `/home/user/antigravity/typpingchallenge/dataconnect`
 {"metadata":{"emulator":{"name":"dataconnect"},"message":"E0203 12:37:44.320797    4101 watch.go:40] Failed to load config from \"/home/user/antigravity/typpingchallenge/dataconnect\": could not find dataconnect.yaml in `/home/user/antigravity/typpingchallenge/dataconnect`\n"}}
[debug] [2026-02-03T07:07:54.321Z] E0203 12:37:54.320854    4101 watch.go:40] Failed to load config from "/home/user/antigravity/typpingchallenge/dataconnect": could not find dataconnect.yaml in `/home/user/antigravity/typpingchallenge/dataconnect`
 {"metadata":{"emulator":{"name":"dataconnect"},"message":"E0203 12:37:54.320854    4101 watch.go:40] Failed to load config from \"/home/user/antigravity/typpingchallenge/dataconnect\": could not find dataconnect.yaml in `/home/user/antigravity/typpingchallenge/dataconnect`\n"}}
[debug] [2026-02-03T07:08:04.312Z] E0203 12:38:04.311990    4101 watch.go:40] Failed to load config from "/home/user/antigravity/typpingchallenge/dataconnect": could not find dataconnect.yaml in `/home/user/antigravity/typpingchallenge/dataconnect`
 {"metadata":{"emulator":{"name":"dataconnect"},"message":"E0203 12:38:04.311990    4101 watch.go:40] Failed to load config from \"/home/user/antigravity/typpingchallenge/dataconnect\": could not find dataconnect.yaml in `/home/user/antigravity/typpingchallenge/dataconnect`\n"}}
[debug] [2026-02-03T07:08:14.312Z] E0203 12:38:14.312037    4101 watch.go:40] Failed to load config from "/home/user/antigravity/typpingchallenge/dataconnect": could not find dataconnect.yaml in `/home/user/antigravity/typpingchallenge/dataconnect`
 {"metadata":{"emulator":{"name":"dataconnect"},"message":"E0203 12:38:14.312037    4101 watch.go:40] Failed to load config from \"/home/user/antigravity/typpingchallenge/dataconnect\": could not find dataconnect.yaml in `/home/user/antigravity/typpingchallenge/dataconnect`\n"}}
[debug] [2026-02-03T07:08:24.312Z] E0203 12:38:24.311744    4101 watch.go:40] Failed to load config from "/home/user/antigravity/typpingchallenge/dataconnect": could not find dataconnect.yaml in `/home/user/antigravity/typpingchallenge/dataconnect`
 {"metadata":{"emulator":{"name":"dataconnect"},"message":"E0203 12:38:24.311744    4101 watch.go:40] Failed to load config from \"/home/user/antigravity/typpingchallenge/dataconnect\": could not find dataconnect.yaml in `/home/user/antigravity/typpingchallenge/dataconnect`\n"}}
[debug] [2026-02-03T07:08:34.312Z] E0203 12:38:34.311944    4101 watch.go:116] watchAllDir unable to walk dir `/home/user/antigravity/typpingchallenge/dataconnect`: lstat /home/user/antigravity/typpingchallenge/dataconnect: no such file or directory
E0203 12:38:34.312050    4101 watch.go:40] Failed to load config from "/home/user/antigravity/typpingchallenge/dataconnect": could not find dataconnect.yaml in `/home/user/antigravity/typpingchallenge/dataconnect`
 {"metadata":{"emulator":{"name":"dataconnect"},"message":"E0203 12:38:34.311944    4101 watch.go:116] watchAllDir unable to walk dir `/home/user/antigravity/typpingchallenge/dataconnect`: lstat /home/user/antigravity/typpingchallenge/dataconnect: no such file or directory\nE0203 12:38:34.312050    4101 watch.go:40] Failed to load config from \"/home/user/antigravity/typpingchallenge/dataconnect\": could not find dataconnect.yaml in `/home/user/antigravity/typpingchallenge/dataconnect`\n"}}
[debug] [2026-02-03T07:08:44.321Z] E0203 12:38:44.320803    4101 watch.go:40] Failed to load config from "/home/user/antigravity/typpingchallenge/dataconnect": could not find dataconnect.yaml in `/home/user/antigravity/typpingchallenge/dataconnect`
 {"metadata":{"emulator":{"name":"dataconnect"},"message":"E0203 12:38:44.320803    4101 watch.go:40] Failed to load config from \"/home/user/antigravity/typpingchallenge/dataconnect\": could not find dataconnect.yaml in `/home/user/antigravity/typpingchallenge/dataconnect`\n"}}
[debug] [2026-02-03T07:08:54.321Z] E0203 12:38:54.320781    4101 watch.go:40] Failed to load config from "/home/user/antigravity/typpingchallenge/dataconnect": could not find dataconnect.yaml in `/home/user/antigravity/typpingchallenge/dataconnect`
 {"metadata":{"emulator":{"name":"dataconnect"},"message":"E0203 12:38:54.320781    4101 watch.go:40] Failed to load config from \"/home/user/antigravity/typpingchallenge/dataconnect\": could not find dataconnect.yaml in `/home/user/antigravity/typpingchallenge/dataconnect`\n"}}
[debug] [2026-02-03T07:09:04.312Z] E0203 12:39:04.311862    4101 watch.go:40] Failed to load config from "/home/user/antigravity/typpingchallenge/dataconnect": could not find dataconnect.yaml in `/home/user/antigravity/typpingchallenge/dataconnect`
 {"metadata":{"emulator":{"name":"dataconnect"},"message":"E0203 12:39:04.311862    4101 watch.go:40] Failed to load config from \"/home/user/antigravity/typpingchallenge/dataconnect\": could not find dataconnect.yaml in `/home/user/antigravity/typpingchallenge/dataconnect`\n"}}
[debug] [2026-02-03T07:09:14.321Z] E0203 12:39:14.320752    4101 watch.go:40] Failed to load config from "/home/user/antigravity/typpingchallenge/dataconnect": could not find dataconnect.yaml in `/home/user/antigravity/typpingchallenge/dataconnect`
 {"metadata":{"emulator":{"name":"dataconnect"},"message":"E0203 12:39:14.320752    4101 watch.go:40] Failed to load config from \"/home/user/antigravity/typpingchallenge/dataconnect\": could not find dataconnect.yaml in `/home/user/antigravity/typpingchallenge/dataconnect`\n"}}
[debug] [2026-02-03T07:09:24.321Z] E0203 12:39:24.320913    4101 watch.go:40] Failed to load config from "/home/user/antigravity/typpingchallenge/dataconnect": could not find dataconnect.yaml in `/home/user/antigravity/typpingchallenge/dataconnect`
 {"metadata":{"emulator":{"name":"dataconnect"},"message":"E0203 12:39:24.320913    4101 watch.go:40] Failed to load config from \"/home/user/antigravity/typpingchallenge/dataconnect\": could not find dataconnect.yaml in `/home/user/antigravity/typpingchallenge/dataconnect`\n"}}
[debug] [2026-02-03T07:09:34.312Z] E0203 12:39:34.311840    4101 watch.go:116] watchAllDir unable to walk dir `/home/user/antigravity/typpingchallenge/dataconnect`: lstat /home/user/antigravity/typpingchallenge/dataconnect: no such file or directory
E0203 12:39:34.311919    4101 watch.go:40] Failed to load config from "/home/user/antigravity/typpingchallenge/dataconnect": could not find dataconnect.yaml in `/home/user/antigravity/typpingchallenge/dataconnect`
 {"metadata":{"emulator":{"name":"dataconnect"},"message":"E0203 12:39:34.311840    4101 watch.go:116] watchAllDir unable to walk dir `/home/user/antigravity/typpingchallenge/dataconnect`: lstat /home/user/antigravity/typpingchallenge/dataconnect: no such file or directory\nE0203 12:39:34.311919    4101 watch.go:40] Failed to load config from \"/home/user/antigravity/typpingchallenge/dataconnect\": could not find dataconnect.yaml in `/home/user/antigravity/typpingchallenge/dataconnect`\n"}}
[debug] [2026-02-03T07:09:44.321Z] E0203 12:39:44.320788    4101 watch.go:40] Failed to load config from "/home/user/antigravity/typpingchallenge/dataconnect": could not find dataconnect.yaml in `/home/user/antigravity/typpingchallenge/dataconnect`
 {"metadata":{"emulator":{"name":"dataconnect"},"message":"E0203 12:39:44.320788    4101 watch.go:40] Failed to load config from \"/home/user/antigravity/typpingchallenge/dataconnect\": could not find dataconnect.yaml in `/home/user/antigravity/typpingchallenge/dataconnect`\n"}}
[debug] [2026-02-03T07:09:54.321Z] E0203 12:39:54.320816    4101 watch.go:40] Failed to load config from "/home/user/antigravity/typpingchallenge/dataconnect": could not find dataconnect.yaml in `/home/user/antigravity/typpingchallenge/dataconnect`
 {"metadata":{"emulator":{"name":"dataconnect"},"message":"E0203 12:39:54.320816    4101 watch.go:40] Failed to load config from \"/home/user/antigravity/typpingchallenge/dataconnect\": could not find dataconnect.yaml in `/home/user/antigravity/typpingchallenge/dataconnect`\n"}}
[debug] [2026-02-03T07:10:04.312Z] E0203 12:40:04.311981    4101 watch.go:40] Failed to load config from "/home/user/antigravity/typpingchallenge/dataconnect": could not find dataconnect.yaml in `/home/user/antigravity/typpingchallenge/dataconnect`
 {"metadata":{"emulator":{"name":"dataconnect"},"message":"E0203 12:40:04.311981    4101 watch.go:40] Failed to load config from \"/home/user/antigravity/typpingchallenge/dataconnect\": could not find dataconnect.yaml in `/home/user/antigravity/typpingchallenge/dataconnect`\n"}}
[debug] [2026-02-03T07:10:14.321Z] E0203 12:40:14.320812    4101 watch.go:40] Failed to load config from "/home/user/antigravity/typpingchallenge/dataconnect": could not find dataconnect.yaml in `/home/user/antigravity/typpingchallenge/dataconnect`
 {"metadata":{"emulator":{"name":"dataconnect"},"message":"E0203 12:40:14.320812    4101 watch.go:40] Failed to load config from \"/home/user/antigravity/typpingchallenge/dataconnect\": could not find dataconnect.yaml in `/home/user/antigravity/typpingchallenge/dataconnect`\n"}}
[debug] [2026-02-03T07:10:24.312Z] E0203 12:40:24.312509    4101 watch.go:40] Failed to load config from "/home/user/antigravity/typpingchallenge/dataconnect": could not find dataconnect.yaml in `/home/user/antigravity/typpingchallenge/dataconnect`
 {"metadata":{"emulator":{"name":"dataconnect"},"message":"E0203 12:40:24.312509    4101 watch.go:40] Failed to load config from \"/home/user/antigravity/typpingchallenge/dataconnect\": could not find dataconnect.yaml in `/home/user/antigravity/typpingchallenge/dataconnect`\n"}}
[debug] [2026-02-03T07:10:34.312Z] E0203 12:40:34.311918    4101 watch.go:40] Failed to load config from "/home/user/antigravity/typpingchallenge/dataconnect": could not find dataconnect.yaml in `/home/user/antigravity/typpingchallenge/dataconnect`
 {"metadata":{"emulator":{"name":"dataconnect"},"message":"E0203 12:40:34.311918    4101 watch.go:40] Failed to load config from \"/home/user/antigravity/typpingchallenge/dataconnect\": could not find dataconnect.yaml in `/home/user/antigravity/typpingchallenge/dataconnect`\n"}}
[debug] [2026-02-03T07:10:34.314Z] E0203 12:40:34.311832    4101 watch.go:116] watchAllDir unable to walk dir `/home/user/antigravity/typpingchallenge/dataconnect`: lstat /home/user/antigravity/typpingchallenge/dataconnect: no such file or directory
 {"metadata":{"emulator":{"name":"dataconnect"},"message":"E0203 12:40:34.311832    4101 watch.go:116] watchAllDir unable to walk dir `/home/user/antigravity/typpingchallenge/dataconnect`: lstat /home/user/antigravity/typpingchallenge/dataconnect: no such file or directory\n"}}
[debug] [2026-02-03T07:10:44.320Z] E0203 12:40:44.319768    4101 watch.go:40] Failed to load config from "/home/user/antigravity/typpingchallenge/dataconnect": could not find dataconnect.yaml in `/home/user/antigravity/typpingchallenge/dataconnect`
 {"metadata":{"emulator":{"name":"dataconnect"},"message":"E0203 12:40:44.319768    4101 watch.go:40] Failed to load config from \"/home/user/antigravity/typpingchallenge/dataconnect\": could not find dataconnect.yaml in `/home/user/antigravity/typpingchallenge/dataconnect`\n"}}
[debug] [2026-02-03T07:10:54.320Z] E0203 12:40:54.320741    4101 watch.go:40] Failed to load config from "/home/user/antigravity/typpingchallenge/dataconnect": could not find dataconnect.yaml in `/home/user/antigravity/typpingchallenge/dataconnect`
 {"metadata":{"emulator":{"name":"dataconnect"},"message":"E0203 12:40:54.320741    4101 watch.go:40] Failed to load config from \"/home/user/antigravity/typpingchallenge/dataconnect\": could not find dataconnect.yaml in `/home/user/antigravity/typpingchallenge/dataconnect`\n"}}
[debug] [2026-02-03T07:11:04.312Z] E0203 12:41:04.312025    4101 watch.go:40] Failed to load config from "/home/user/antigravity/typpingchallenge/dataconnect": could not find dataconnect.yaml in `/home/user/antigravity/typpingchallenge/dataconnect`
 {"metadata":{"emulator":{"name":"dataconnect"},"message":"E0203 12:41:04.312025    4101 watch.go:40] Failed to load config from \"/home/user/antigravity/typpingchallenge/dataconnect\": could not find dataconnect.yaml in `/home/user/antigravity/typpingchallenge/dataconnect`\n"}}
[debug] [2026-02-03T07:11:14.321Z] E0203 12:41:14.320768    4101 watch.go:40] Failed to load config from "/home/user/antigravity/typpingchallenge/dataconnect": could not find dataconnect.yaml in `/home/user/antigravity/typpingchallenge/dataconnect`
 {"metadata":{"emulator":{"name":"dataconnect"},"message":"E0203 12:41:14.320768    4101 watch.go:40] Failed to load config from \"/home/user/antigravity/typpingchallenge/dataconnect\": could not find dataconnect.yaml in `/home/user/antigravity/typpingchallenge/dataconnect`\n"}}
[debug] [2026-02-03T07:11:24.320Z] E0203 12:41:24.320743    4101 watch.go:40] Failed to load config from "/home/user/antigravity/typpingchallenge/dataconnect": could not find dataconnect.yaml in `/home/user/antigravity/typpingchallenge/dataconnect`
 {"metadata":{"emulator":{"name":"dataconnect"},"message":"E0203 12:41:24.320743    4101 watch.go:40] Failed to load config from \"/home/user/antigravity/typpingchallenge/dataconnect\": could not find dataconnect.yaml in `/home/user/antigravity/typpingchallenge/dataconnect`\n"}}
[debug] [2026-02-03T07:11:34.312Z] E0203 12:41:34.311968    4101 watch.go:116] watchAllDir unable to walk dir `/home/user/antigravity/typpingchallenge/dataconnect`: lstat /home/user/antigravity/typpingchallenge/dataconnect: no such file or directory
E0203 12:41:34.312065    4101 watch.go:40] Failed to load config from "/home/user/antigravity/typpingchallenge/dataconnect": could not find dataconnect.yaml in `/home/user/antigravity/typpingchallenge/dataconnect`
 {"metadata":{"emulator":{"name":"dataconnect"},"message":"E0203 12:41:34.311968    4101 watch.go:116] watchAllDir unable to walk dir `/home/user/antigravity/typpingchallenge/dataconnect`: lstat /home/user/antigravity/typpingchallenge/dataconnect: no such file or directory\nE0203 12:41:34.312065    4101 watch.go:40] Failed to load config from \"/home/user/antigravity/typpingchallenge/dataconnect\": could not find dataconnect.yaml in `/home/user/antigravity/typpingchallenge/dataconnect`\n"}}
[debug] [2026-02-03T07:11:44.321Z] E0203 12:41:44.320769    4101 watch.go:40] Failed to load config from "/home/user/antigravity/typpingchallenge/dataconnect": could not find dataconnect.yaml in `/home/user/antigravity/typpingchallenge/dataconnect`
 {"metadata":{"emulator":{"name":"dataconnect"},"message":"E0203 12:41:44.320769    4101 watch.go:40] Failed to load config from \"/home/user/antigravity/typpingchallenge/dataconnect\": could not find dataconnect.yaml in `/home/user/antigravity/typpingchallenge/dataconnect`\n"}}
[debug] [2026-02-03T07:11:54.321Z] E0203 12:41:54.320753    4101 watch.go:40] Failed to load config from "/home/user/antigravity/typpingchallenge/dataconnect": could not find dataconnect.yaml in `/home/user/antigravity/typpingchallenge/dataconnect`
 {"metadata":{"emulator":{"name":"dataconnect"},"message":"E0203 12:41:54.320753    4101 watch.go:40] Failed to load config from \"/home/user/antigravity/typpingchallenge/dataconnect\": could not find dataconnect.yaml in `/home/user/antigravity/typpingchallenge/dataconnect`\n"}}
[debug] [2026-02-03T07:12:04.312Z] E0203 12:42:04.312042    4101 watch.go:40] Failed to load config from "/home/user/antigravity/typpingchallenge/dataconnect": could not find dataconnect.yaml in `/home/user/antigravity/typpingchallenge/dataconnect`
 {"metadata":{"emulator":{"name":"dataconnect"},"message":"E0203 12:42:04.312042    4101 watch.go:40] Failed to load config from \"/home/user/antigravity/typpingchallenge/dataconnect\": could not find dataconnect.yaml in `/home/user/antigravity/typpingchallenge/dataconnect`\n"}}
[debug] [2026-02-03T07:12:14.320Z] E0203 12:42:14.320731    4101 watch.go:40] Failed to load config from "/home/user/antigravity/typpingchallenge/dataconnect": could not find dataconnect.yaml in `/home/user/antigravity/typpingchallenge/dataconnect`
 {"metadata":{"emulator":{"name":"dataconnect"},"message":"E0203 12:42:14.320731    4101 watch.go:40] Failed to load config from \"/home/user/antigravity/typpingchallenge/dataconnect\": could not find dataconnect.yaml in `/home/user/antigravity/typpingchallenge/dataconnect`\n"}}
[debug] [2026-02-03T07:12:24.321Z] E0203 12:42:24.320727    4101 watch.go:40] Failed to load config from "/home/user/antigravity/typpingchallenge/dataconnect": could not find dataconnect.yaml in `/home/user/antigravity/typpingchallenge/dataconnect`
 {"metadata":{"emulator":{"name":"dataconnect"},"message":"E0203 12:42:24.320727    4101 watch.go:40] Failed to load config from \"/home/user/antigravity/typpingchallenge/dataconnect\": could not find dataconnect.yaml in `/home/user/antigravity/typpingchallenge/dataconnect`\n"}}
[debug] [2026-02-03T07:12:34.312Z] E0203 12:42:34.311738    4101 watch.go:116] watchAllDir unable to walk dir `/home/user/antigravity/typpingchallenge/dataconnect`: lstat /home/user/antigravity/typpingchallenge/dataconnect: no such file or directory
E0203 12:42:34.311849    4101 watch.go:40] Failed to load config from "/home/user/antigravity/typpingchallenge/dataconnect": could not find dataconnect.yaml in `/home/user/antigravity/typpingchallenge/dataconnect`
 {"metadata":{"emulator":{"name":"dataconnect"},"message":"E0203 12:42:34.311738    4101 watch.go:116] watchAllDir unable to walk dir `/home/user/antigravity/typpingchallenge/dataconnect`: lstat /home/user/antigravity/typpingchallenge/dataconnect: no such file or directory\nE0203 12:42:34.311849    4101 watch.go:40] Failed to load config from \"/home/user/antigravity/typpingchallenge/dataconnect\": could not find dataconnect.yaml in `/home/user/antigravity/typpingchallenge/dataconnect`\n"}}
[debug] [2026-02-03T07:12:44.321Z] E0203 12:42:44.320767    4101 watch.go:40] Failed to load config from "/home/user/antigravity/typpingchallenge/dataconnect": could not find dataconnect.yaml in `/home/user/antigravity/typpingchallenge/dataconnect`
 {"metadata":{"emulator":{"name":"dataconnect"},"message":"E0203 12:42:44.320767    4101 watch.go:40] Failed to load config from \"/home/user/antigravity/typpingchallenge/dataconnect\": could not find dataconnect.yaml in `/home/user/antigravity/typpingchallenge/dataconnect`\n"}}
[debug] [2026-02-03T07:12:54.320Z] E0203 12:42:54.320720    4101 watch.go:40] Failed to load config from "/home/user/antigravity/typpingchallenge/dataconnect": could not find dataconnect.yaml in `/home/user/antigravity/typpingchallenge/dataconnect`
 {"metadata":{"emulator":{"name":"dataconnect"},"message":"E0203 12:42:54.320720    4101 watch.go:40] Failed to load config from \"/home/user/antigravity/typpingchallenge/dataconnect\": could not find dataconnect.yaml in `/home/user/antigravity/typpingchallenge/dataconnect`\n"}}
[debug] [2026-02-03T07:13:04.312Z] E0203 12:43:04.312040    4101 watch.go:40] Failed to load config from "/home/user/antigravity/typpingchallenge/dataconnect": could not find dataconnect.yaml in `/home/user/antigravity/typpingchallenge/dataconnect`
 {"metadata":{"emulator":{"name":"dataconnect"},"message":"E0203 12:43:04.312040    4101 watch.go:40] Failed to load config from \"/home/user/antigravity/typpingchallenge/dataconnect\": could not find dataconnect.yaml in `/home/user/antigravity/typpingchallenge/dataconnect`\n"}}
[debug] [2026-02-03T07:13:14.321Z] E0203 12:43:14.320803    4101 watch.go:40] Failed to load config from "/home/user/antigravity/typpingchallenge/dataconnect": could not find dataconnect.yaml in `/home/user/antigravity/typpingchallenge/dataconnect`
 {"metadata":{"emulator":{"name":"dataconnect"},"message":"E0203 12:43:14.320803    4101 watch.go:40] Failed to load config from \"/home/user/antigravity/typpingchallenge/dataconnect\": could not find dataconnect.yaml in `/home/user/antigravity/typpingchallenge/dataconnect`\n"}}
[debug] [2026-02-03T07:13:24.321Z] E0203 12:43:24.320832    4101 watch.go:40] Failed to load config from "/home/user/antigravity/typpingchallenge/dataconnect": could not find dataconnect.yaml in `/home/user/antigravity/typpingchallenge/dataconnect`
 {"metadata":{"emulator":{"name":"dataconnect"},"message":"E0203 12:43:24.320832    4101 watch.go:40] Failed to load config from \"/home/user/antigravity/typpingchallenge/dataconnect\": could not find dataconnect.yaml in `/home/user/antigravity/typpingchallenge/dataconnect`\n"}}
[debug] [2026-02-03T07:13:34.312Z] E0203 12:43:34.311932    4101 watch.go:116] watchAllDir unable to walk dir `/home/user/antigravity/typpingchallenge/dataconnect`: lstat /home/user/antigravity/typpingchallenge/dataconnect: no such file or directory
E0203 12:43:34.312037    4101 watch.go:40] Failed to load config from "/home/user/antigravity/typpingchallenge/dataconnect": could not find dataconnect.yaml in `/home/user/antigravity/typpingchallenge/dataconnect`
 {"metadata":{"emulator":{"name":"dataconnect"},"message":"E0203 12:43:34.311932    4101 watch.go:116] watchAllDir unable to walk dir `/home/user/antigravity/typpingchallenge/dataconnect`: lstat /home/user/antigravity/typpingchallenge/dataconnect: no such file or directory\nE0203 12:43:34.312037    4101 watch.go:40] Failed to load config from \"/home/user/antigravity/typpingchallenge/dataconnect\": could not find dataconnect.yaml in `/home/user/antigravity/typpingchallenge/dataconnect`\n"}}
[debug] [2026-02-03T07:13:44.321Z] E0203 12:43:44.321161    4101 watch.go:40] Failed to load config from "/home/user/antigravity/typpingchallenge/dataconnect": could not find dataconnect.yaml in `/home/user/antigravity/typpingchallenge/dataconnect`
 {"metadata":{"emulator":{"name":"dataconnect"},"message":"E0203 12:43:44.321161    4101 watch.go:40] Failed to load config from \"/home/user/antigravity/typpingchallenge/dataconnect\": could not find dataconnect.yaml in `/home/user/antigravity/typpingchallenge/dataconnect`\n"}}
[debug] [2026-02-03T07:13:54.321Z] E0203 12:43:54.320828    4101 watch.go:40] Failed to load config from "/home/user/antigravity/typpingchallenge/dataconnect": could not find dataconnect.yaml in `/home/user/antigravity/typpingchallenge/dataconnect`
 {"metadata":{"emulator":{"name":"dataconnect"},"message":"E0203 12:43:54.320828    4101 watch.go:40] Failed to load config from \"/home/user/antigravity/typpingchallenge/dataconnect\": could not find dataconnect.yaml in `/home/user/antigravity/typpingchallenge/dataconnect`\n"}}
[debug] [2026-02-03T07:14:04.312Z] E0203 12:44:04.312003    4101 watch.go:40] Failed to load config from "/home/user/antigravity/typpingchallenge/dataconnect": could not find dataconnect.yaml in `/home/user/antigravity/typpingchallenge/dataconnect`
 {"metadata":{"emulator":{"name":"dataconnect"},"message":"E0203 12:44:04.312003    4101 watch.go:40] Failed to load config from \"/home/user/antigravity/typpingchallenge/dataconnect\": could not find dataconnect.yaml in `/home/user/antigravity/typpingchallenge/dataconnect`\n"}}
[debug] [2026-02-03T07:14:14.319Z] E0203 12:44:14.318905    4101 watch.go:40] Failed to load config from "/home/user/antigravity/typpingchallenge/dataconnect": could not find dataconnect.yaml in `/home/user/antigravity/typpingchallenge/dataconnect`
 {"metadata":{"emulator":{"name":"dataconnect"},"message":"E0203 12:44:14.318905    4101 watch.go:40] Failed to load config from \"/home/user/antigravity/typpingchallenge/dataconnect\": could not find dataconnect.yaml in `/home/user/antigravity/typpingchallenge/dataconnect`\n"}}
[debug] [2026-02-03T07:14:24.321Z] E0203 12:44:24.320779    4101 watch.go:40] Failed to load config from "/home/user/antigravity/typpingchallenge/dataconnect": could not find dataconnect.yaml in `/home/user/antigravity/typpingchallenge/dataconnect`
 {"metadata":{"emulator":{"name":"dataconnect"},"message":"E0203 12:44:24.320779    4101 watch.go:40] Failed to load config from \"/home/user/antigravity/typpingchallenge/dataconnect\": could not find dataconnect.yaml in `/home/user/antigravity/typpingchallenge/dataconnect`\n"}}
[debug] [2026-02-03T07:14:34.312Z] E0203 12:44:34.312474    4101 watch.go:40] Failed to load config from "/home/user/antigravity/typpingchallenge/dataconnect": could not find dataconnect.yaml in `/home/user/antigravity/typpingchallenge/dataconnect`
E0203 12:44:34.312327    4101 watch.go:116] watchAllDir unable to walk dir `/home/user/antigravity/typpingchallenge/dataconnect`: lstat /home/user/antigravity/typpingchallenge/dataconnect: no such file or directory
 {"metadata":{"emulator":{"name":"dataconnect"},"message":"E0203 12:44:34.312474    4101 watch.go:40] Failed to load config from \"/home/user/antigravity/typpingchallenge/dataconnect\": could not find dataconnect.yaml in `/home/user/antigravity/typpingchallenge/dataconnect`\nE0203 12:44:34.312327    4101 watch.go:116] watchAllDir unable to walk dir `/home/user/antigravity/typpingchallenge/dataconnect`: lstat /home/user/antigravity/typpingchallenge/dataconnect: no such file or directory\n"}}
[debug] [2026-02-03T07:14:44.312Z] E0203 12:44:44.311910    4101 watch.go:40] Failed to load config from "/home/user/antigravity/typpingchallenge/dataconnect": could not find dataconnect.yaml in `/home/user/antigravity/typpingchallenge/dataconnect`
 {"metadata":{"emulator":{"name":"dataconnect"},"message":"E0203 12:44:44.311910    4101 watch.go:40] Failed to load config from \"/home/user/antigravity/typpingchallenge/dataconnect\": could not find dataconnect.yaml in `/home/user/antigravity/typpingchallenge/dataconnect`\n"}}
[debug] [2026-02-03T07:14:54.320Z] E0203 12:44:54.320765    4101 watch.go:40] Failed to load config from "/home/user/antigravity/typpingchallenge/dataconnect": could not find dataconnect.yaml in `/home/user/antigravity/typpingchallenge/dataconnect`
 {"metadata":{"emulator":{"name":"dataconnect"},"message":"E0203 12:44:54.320765    4101 watch.go:40] Failed to load config from \"/home/user/antigravity/typpingchallenge/dataconnect\": could not find dataconnect.yaml in `/home/user/antigravity/typpingchallenge/dataconnect`\n"}}
[debug] [2026-02-03T07:15:04.312Z] E0203 12:45:04.312228    4101 watch.go:40] Failed to load config from "/home/user/antigravity/typpingchallenge/dataconnect": could not find dataconnect.yaml in `/home/user/antigravity/typpingchallenge/dataconnect`
 {"metadata":{"emulator":{"name":"dataconnect"},"message":"E0203 12:45:04.312228    4101 watch.go:40] Failed to load config from \"/home/user/antigravity/typpingchallenge/dataconnect\": could not find dataconnect.yaml in `/home/user/antigravity/typpingchallenge/dataconnect`\n"}}
[debug] [2026-02-03T07:15:14.321Z] E0203 12:45:14.321394    4101 watch.go:40] Failed to load config from "/home/user/antigravity/typpingchallenge/dataconnect": could not find dataconnect.yaml in `/home/user/antigravity/typpingchallenge/dataconnect`
 {"metadata":{"emulator":{"name":"dataconnect"},"message":"E0203 12:45:14.321394    4101 watch.go:40] Failed to load config from \"/home/user/antigravity/typpingchallenge/dataconnect\": could not find dataconnect.yaml in `/home/user/antigravity/typpingchallenge/dataconnect`\n"}}
[debug] [2026-02-03T07:15:24.320Z] E0203 12:45:24.320696    4101 watch.go:40] Failed to load config from "/home/user/antigravity/typpingchallenge/dataconnect": could not find dataconnect.yaml in `/home/user/antigravity/typpingchallenge/dataconnect`
 {"metadata":{"emulator":{"name":"dataconnect"},"message":"E0203 12:45:24.320696    4101 watch.go:40] Failed to load config from \"/home/user/antigravity/typpingchallenge/dataconnect\": could not find dataconnect.yaml in `/home/user/antigravity/typpingchallenge/dataconnect`\n"}}
[debug] [2026-02-03T07:15:34.312Z] E0203 12:45:34.311980    4101 watch.go:116] watchAllDir unable to walk dir `/home/user/antigravity/typpingchallenge/dataconnect`: lstat /home/user/antigravity/typpingchallenge/dataconnect: no such file or directory
E0203 12:45:34.312070    4101 watch.go:40] Failed to load config from "/home/user/antigravity/typpingchallenge/dataconnect": could not find dataconnect.yaml in `/home/user/antigravity/typpingchallenge/dataconnect`
 {"metadata":{"emulator":{"name":"dataconnect"},"message":"E0203 12:45:34.311980    4101 watch.go:116] watchAllDir unable to walk dir `/home/user/antigravity/typpingchallenge/dataconnect`: lstat /home/user/antigravity/typpingchallenge/dataconnect: no such file or directory\nE0203 12:45:34.312070    4101 watch.go:40] Failed to load config from \"/home/user/antigravity/typpingchallenge/dataconnect\": could not find dataconnect.yaml in `/home/user/antigravity/typpingchallenge/dataconnect`\n"}}
[debug] [2026-02-03T07:15:44.321Z] E0203 12:45:44.321052    4101 watch.go:40] Failed to load config from "/home/user/antigravity/typpingchallenge/dataconnect": could not find dataconnect.yaml in `/home/user/antigravity/typpingchallenge/dataconnect`
 {"metadata":{"emulator":{"name":"dataconnect"},"message":"E0203 12:45:44.321052    4101 watch.go:40] Failed to load config from \"/home/user/antigravity/typpingchallenge/dataconnect\": could not find dataconnect.yaml in `/home/user/antigravity/typpingchallenge/dataconnect`\n"}}
[debug] [2026-02-03T07:15:54.322Z] E0203 12:45:54.322471    4101 watch.go:40] Failed to load config from "/home/user/antigravity/typpingchallenge/dataconnect": could not find dataconnect.yaml in `/home/user/antigravity/typpingchallenge/dataconnect`
 {"metadata":{"emulator":{"name":"dataconnect"},"message":"E0203 12:45:54.322471    4101 watch.go:40] Failed to load config from \"/home/user/antigravity/typpingchallenge/dataconnect\": could not find dataconnect.yaml in `/home/user/antigravity/typpingchallenge/dataconnect`\n"}}
[debug] [2026-02-03T07:16:04.312Z] E0203 12:46:04.311989    4101 watch.go:40] Failed to load config from "/home/user/antigravity/typpingchallenge/dataconnect": could not find dataconnect.yaml in `/home/user/antigravity/typpingchallenge/dataconnect`
 {"metadata":{"emulator":{"name":"dataconnect"},"message":"E0203 12:46:04.311989    4101 watch.go:40] Failed to load config from \"/home/user/antigravity/typpingchallenge/dataconnect\": could not find dataconnect.yaml in `/home/user/antigravity/typpingchallenge/dataconnect`\n"}}
[debug] [2026-02-03T07:16:14.320Z] E0203 12:46:14.320723    4101 watch.go:40] Failed to load config from "/home/user/antigravity/typpingchallenge/dataconnect": could not find dataconnect.yaml in `/home/user/antigravity/typpingchallenge/dataconnect`
 {"metadata":{"emulator":{"name":"dataconnect"},"message":"E0203 12:46:14.320723    4101 watch.go:40] Failed to load config from \"/home/user/antigravity/typpingchallenge/dataconnect\": could not find dataconnect.yaml in `/home/user/antigravity/typpingchallenge/dataconnect`\n"}}
[debug] [2026-02-03T07:16:24.321Z] E0203 12:46:24.320782    4101 watch.go:40] Failed to load config from "/home/user/antigravity/typpingchallenge/dataconnect": could not find dataconnect.yaml in `/home/user/antigravity/typpingchallenge/dataconnect`
 {"metadata":{"emulator":{"name":"dataconnect"},"message":"E0203 12:46:24.320782    4101 watch.go:40] Failed to load config from \"/home/user/antigravity/typpingchallenge/dataconnect\": could not find dataconnect.yaml in `/home/user/antigravity/typpingchallenge/dataconnect`\n"}}
[debug] [2026-02-03T07:16:34.313Z] E0203 12:46:34.312441    4101 watch.go:116] watchAllDir unable to walk dir `/home/user/antigravity/typpingchallenge/dataconnect`: lstat /home/user/antigravity/typpingchallenge/dataconnect: no such file or directory
E0203 12:46:34.312495    4101 watch.go:40] Failed to load config from "/home/user/antigravity/typpingchallenge/dataconnect": could not find dataconnect.yaml in `/home/user/antigravity/typpingchallenge/dataconnect`
 {"metadata":{"emulator":{"name":"dataconnect"},"message":"E0203 12:46:34.312441    4101 watch.go:116] watchAllDir unable to walk dir `/home/user/antigravity/typpingchallenge/dataconnect`: lstat /home/user/antigravity/typpingchallenge/dataconnect: no such file or directory\nE0203 12:46:34.312495    4101 watch.go:40] Failed to load config from \"/home/user/antigravity/typpingchallenge/dataconnect\": could not find dataconnect.yaml in `/home/user/antigravity/typpingchallenge/dataconnect`\n"}}
[debug] [2026-02-03T07:16:44.312Z] E0203 12:46:44.312341    4101 watch.go:40] Failed to load config from "/home/user/antigravity/typpingchallenge/dataconnect": could not find dataconnect.yaml in `/home/user/antigravity/typpingchallenge/dataconnect`
 {"metadata":{"emulator":{"name":"dataconnect"},"message":"E0203 12:46:44.312341    4101 watch.go:40] Failed to load config from \"/home/user/antigravity/typpingchallenge/dataconnect\": could not find dataconnect.yaml in `/home/user/antigravity/typpingchallenge/dataconnect`\n"}}
[debug] [2026-02-03T07:16:54.312Z] E0203 12:46:54.311804    4101 watch.go:40] Failed to load config from "/home/user/antigravity/typpingchallenge/dataconnect": could not find dataconnect.yaml in `/home/user/antigravity/typpingchallenge/dataconnect`
 {"metadata":{"emulator":{"name":"dataconnect"},"message":"E0203 12:46:54.311804    4101 watch.go:40] Failed to load config from \"/home/user/antigravity/typpingchallenge/dataconnect\": could not find dataconnect.yaml in `/home/user/antigravity/typpingchallenge/dataconnect`\n"}}
[debug] [2026-02-03T07:17:04.312Z] E0203 12:47:04.311891    4101 watch.go:40] Failed to load config from "/home/user/antigravity/typpingchallenge/dataconnect": could not find dataconnect.yaml in `/home/user/antigravity/typpingchallenge/dataconnect`
 {"metadata":{"emulator":{"name":"dataconnect"},"message":"E0203 12:47:04.311891    4101 watch.go:40] Failed to load config from \"/home/user/antigravity/typpingchallenge/dataconnect\": could not find dataconnect.yaml in `/home/user/antigravity/typpingchallenge/dataconnect`\n"}}
[debug] [2026-02-03T07:17:14.321Z] E0203 12:47:14.320811    4101 watch.go:40] Failed to load config from "/home/user/antigravity/typpingchallenge/dataconnect": could not find dataconnect.yaml in `/home/user/antigravity/typpingchallenge/dataconnect`
 {"metadata":{"emulator":{"name":"dataconnect"},"message":"E0203 12:47:14.320811    4101 watch.go:40] Failed to load config from \"/home/user/antigravity/typpingchallenge/dataconnect\": could not find dataconnect.yaml in `/home/user/antigravity/typpingchallenge/dataconnect`\n"}}
[debug] [2026-02-03T07:17:24.321Z] E0203 12:47:24.320813    4101 watch.go:40] Failed to load config from "/home/user/antigravity/typpingchallenge/dataconnect": could not find dataconnect.yaml in `/home/user/antigravity/typpingchallenge/dataconnect`
 {"metadata":{"emulator":{"name":"dataconnect"},"message":"E0203 12:47:24.320813    4101 watch.go:40] Failed to load config from \"/home/user/antigravity/typpingchallenge/dataconnect\": could not find dataconnect.yaml in `/home/user/antigravity/typpingchallenge/dataconnect`\n"}}
[debug] [2026-02-03T07:17:34.312Z] E0203 12:47:34.311948    4101 watch.go:116] watchAllDir unable to walk dir `/home/user/antigravity/typpingchallenge/dataconnect`: lstat /home/user/antigravity/typpingchallenge/dataconnect: no such file or directory
E0203 12:47:34.312049    4101 watch.go:40] Failed to load config from "/home/user/antigravity/typpingchallenge/dataconnect": could not find dataconnect.yaml in `/home/user/antigravity/typpingchallenge/dataconnect`
 {"metadata":{"emulator":{"name":"dataconnect"},"message":"E0203 12:47:34.311948    4101 watch.go:116] watchAllDir unable to walk dir `/home/user/antigravity/typpingchallenge/dataconnect`: lstat /home/user/antigravity/typpingchallenge/dataconnect: no such file or directory\nE0203 12:47:34.312049    4101 watch.go:40] Failed to load config from \"/home/user/antigravity/typpingchallenge/dataconnect\": could not find dataconnect.yaml in `/home/user/antigravity/typpingchallenge/dataconnect`\n"}}
[debug] [2026-02-03T07:17:44.321Z] E0203 12:47:44.320763    4101 watch.go:40] Failed to load config from "/home/user/antigravity/typpingchallenge/dataconnect": could not find dataconnect.yaml in `/home/user/antigravity/typpingchallenge/dataconnect`
 {"metadata":{"emulator":{"name":"dataconnect"},"message":"E0203 12:47:44.320763    4101 watch.go:40] Failed to load config from \"/home/user/antigravity/typpingchallenge/dataconnect\": could not find dataconnect.yaml in `/home/user/antigravity/typpingchallenge/dataconnect`\n"}}
[debug] [2026-02-03T07:17:54.321Z] E0203 12:47:54.320770    4101 watch.go:40] Failed to load config from "/home/user/antigravity/typpingchallenge/dataconnect": could not find dataconnect.yaml in `/home/user/antigravity/typpingchallenge/dataconnect`
 {"metadata":{"emulator":{"name":"dataconnect"},"message":"E0203 12:47:54.320770    4101 watch.go:40] Failed to load config from \"/home/user/antigravity/typpingchallenge/dataconnect\": could not find dataconnect.yaml in `/home/user/antigravity/typpingchallenge/dataconnect`\n"}}
[debug] [2026-02-03T07:18:04.312Z] E0203 12:48:04.312028    4101 watch.go:40] Failed to load config from "/home/user/antigravity/typpingchallenge/dataconnect": could not find dataconnect.yaml in `/home/user/antigravity/typpingchallenge/dataconnect`
 {"metadata":{"emulator":{"name":"dataconnect"},"message":"E0203 12:48:04.312028    4101 watch.go:40] Failed to load config from \"/home/user/antigravity/typpingchallenge/dataconnect\": could not find dataconnect.yaml in `/home/user/antigravity/typpingchallenge/dataconnect`\n"}}
[debug] [2026-02-03T07:18:14.320Z] E0203 12:48:14.320702    4101 watch.go:40] Failed to load config from "/home/user/antigravity/typpingchallenge/dataconnect": could not find dataconnect.yaml in `/home/user/antigravity/typpingchallenge/dataconnect`
 {"metadata":{"emulator":{"name":"dataconnect"},"message":"E0203 12:48:14.320702    4101 watch.go:40] Failed to load config from \"/home/user/antigravity/typpingchallenge/dataconnect\": could not find dataconnect.yaml in `/home/user/antigravity/typpingchallenge/dataconnect`\n"}}
[debug] [2026-02-03T07:18:24.320Z] E0203 12:48:24.320722    4101 watch.go:40] Failed to load config from "/home/user/antigravity/typpingchallenge/dataconnect": could not find dataconnect.yaml in `/home/user/antigravity/typpingchallenge/dataconnect`
 {"metadata":{"emulator":{"name":"dataconnect"},"message":"E0203 12:48:24.320722    4101 watch.go:40] Failed to load config from \"/home/user/antigravity/typpingchallenge/dataconnect\": could not find dataconnect.yaml in `/home/user/antigravity/typpingchallenge/dataconnect`\n"}}
[debug] [2026-02-03T07:18:34.313Z] E0203 12:48:34.312132    4101 watch.go:116] watchAllDir unable to walk dir `/home/user/antigravity/typpingchallenge/dataconnect`: lstat /home/user/antigravity/typpingchallenge/dataconnect: no such file or directory
E0203 12:48:34.312291    4101 watch.go:40] Failed to load config from "/home/user/antigravity/typpingchallenge/dataconnect": could not find dataconnect.yaml in `/home/user/antigravity/typpingchallenge/dataconnect`
 {"metadata":{"emulator":{"name":"dataconnect"},"message":"E0203 12:48:34.312132    4101 watch.go:116] watchAllDir unable to walk dir `/home/user/antigravity/typpingchallenge/dataconnect`: lstat /home/user/antigravity/typpingchallenge/dataconnect: no such file or directory\nE0203 12:48:34.312291    4101 watch.go:40] Failed to load config from \"/home/user/antigravity/typpingchallenge/dataconnect\": could not find dataconnect.yaml in `/home/user/antigravity/typpingchallenge/dataconnect`\n"}}
[debug] [2026-02-03T07:18:44.320Z] E0203 12:48:44.320764    4101 watch.go:40] Failed to load config from "/home/user/antigravity/typpingchallenge/dataconnect": could not find dataconnect.yaml in `/home/user/antigravity/typpingchallenge/dataconnect`
 {"metadata":{"emulator":{"name":"dataconnect"},"message":"E0203 12:48:44.320764    4101 watch.go:40] Failed to load config from \"/home/user/antigravity/typpingchallenge/dataconnect\": could not find dataconnect.yaml in `/home/user/antigravity/typpingchallenge/dataconnect`\n"}}
[debug] [2026-02-03T07:18:54.312Z] E0203 12:48:54.312421    4101 watch.go:40] Failed to load config from "/home/user/antigravity/typpingchallenge/dataconnect": could not find dataconnect.yaml in `/home/user/antigravity/typpingchallenge/dataconnect`
 {"metadata":{"emulator":{"name":"dataconnect"},"message":"E0203 12:48:54.312421    4101 watch.go:40] Failed to load config from \"/home/user/antigravity/typpingchallenge/dataconnect\": could not find dataconnect.yaml in `/home/user/antigravity/typpingchallenge/dataconnect`\n"}}
[debug] [2026-02-03T07:19:04.312Z] E0203 12:49:04.311955    4101 watch.go:40] Failed to load config from "/home/user/antigravity/typpingchallenge/dataconnect": could not find dataconnect.yaml in `/home/user/antigravity/typpingchallenge/dataconnect`
 {"metadata":{"emulator":{"name":"dataconnect"},"message":"E0203 12:49:04.311955    4101 watch.go:40] Failed to load config from \"/home/user/antigravity/typpingchallenge/dataconnect\": could not find dataconnect.yaml in `/home/user/antigravity/typpingchallenge/dataconnect`\n"}}
[debug] [2026-02-03T07:19:14.320Z] E0203 12:49:14.320739    4101 watch.go:40] Failed to load config from "/home/user/antigravity/typpingchallenge/dataconnect": could not find dataconnect.yaml in `/home/user/antigravity/typpingchallenge/dataconnect`
 {"metadata":{"emulator":{"name":"dataconnect"},"message":"E0203 12:49:14.320739    4101 watch.go:40] Failed to load config from \"/home/user/antigravity/typpingchallenge/dataconnect\": could not find dataconnect.yaml in `/home/user/antigravity/typpingchallenge/dataconnect`\n"}}
[debug] [2026-02-03T07:19:24.320Z] E0203 12:49:24.320749    4101 watch.go:40] Failed to load config from "/home/user/antigravity/typpingchallenge/dataconnect": could not find dataconnect.yaml in `/home/user/antigravity/typpingchallenge/dataconnect`
 {"metadata":{"emulator":{"name":"dataconnect"},"message":"E0203 12:49:24.320749    4101 watch.go:40] Failed to load config from \"/home/user/antigravity/typpingchallenge/dataconnect\": could not find dataconnect.yaml in `/home/user/antigravity/typpingchallenge/dataconnect`\n"}}
[debug] [2026-02-03T07:19:34.312Z] E0203 12:49:34.311992    4101 watch.go:116] watchAllDir unable to walk dir `/home/user/antigravity/typpingchallenge/dataconnect`: lstat /home/user/antigravity/typpingchallenge/dataconnect: no such file or directory
E0203 12:49:34.312096    4101 watch.go:40] Failed to load config from "/home/user/antigravity/typpingchallenge/dataconnect": could not find dataconnect.yaml in `/home/user/antigravity/typpingchallenge/dataconnect`
 {"metadata":{"emulator":{"name":"dataconnect"},"message":"E0203 12:49:34.311992    4101 watch.go:116] watchAllDir unable to walk dir `/home/user/antigravity/typpingchallenge/dataconnect`: lstat /home/user/antigravity/typpingchallenge/dataconnect: no such file or directory\nE0203 12:49:34.312096    4101 watch.go:40] Failed to load config from \"/home/user/antigravity/typpingchallenge/dataconnect\": could not find dataconnect.yaml in `/home/user/antigravity/typpingchallenge/dataconnect`\n"}}
[debug] [2026-02-03T07:19:44.320Z] E0203 12:49:44.320778    4101 watch.go:40] Failed to load config from "/home/user/antigravity/typpingchallenge/dataconnect": could not find dataconnect.yaml in `/home/user/antigravity/typpingchallenge/dataconnect`
 {"metadata":{"emulator":{"name":"dataconnect"},"message":"E0203 12:49:44.320778    4101 watch.go:40] Failed to load config from \"/home/user/antigravity/typpingchallenge/dataconnect\": could not find dataconnect.yaml in `/home/user/antigravity/typpingchallenge/dataconnect`\n"}}
[debug] [2026-02-03T07:19:54.321Z] E0203 12:49:54.320804    4101 watch.go:40] Failed to load config from "/home/user/antigravity/typpingchallenge/dataconnect": could not find dataconnect.yaml in `/home/user/antigravity/typpingchallenge/dataconnect`
 {"metadata":{"emulator":{"name":"dataconnect"},"message":"E0203 12:49:54.320804    4101 watch.go:40] Failed to load config from \"/home/user/antigravity/typpingchallenge/dataconnect\": could not find dataconnect.yaml in `/home/user/antigravity/typpingchallenge/dataconnect`\n"}}
[debug] [2026-02-03T07:20:04.312Z] E0203 12:50:04.311914    4101 watch.go:40] Failed to load config from "/home/user/antigravity/typpingchallenge/dataconnect": could not find dataconnect.yaml in `/home/user/antigravity/typpingchallenge/dataconnect`
 {"metadata":{"emulator":{"name":"dataconnect"},"message":"E0203 12:50:04.311914    4101 watch.go:40] Failed to load config from \"/home/user/antigravity/typpingchallenge/dataconnect\": could not find dataconnect.yaml in `/home/user/antigravity/typpingchallenge/dataconnect`\n"}}
[debug] [2026-02-03T07:20:14.321Z] E0203 12:50:14.320789    4101 watch.go:40] Failed to load config from "/home/user/antigravity/typpingchallenge/dataconnect": could not find dataconnect.yaml in `/home/user/antigravity/typpingchallenge/dataconnect`
 {"metadata":{"emulator":{"name":"dataconnect"},"message":"E0203 12:50:14.320789    4101 watch.go:40] Failed to load config from \"/home/user/antigravity/typpingchallenge/dataconnect\": could not find dataconnect.yaml in `/home/user/antigravity/typpingchallenge/dataconnect`\n"}}
[debug] [2026-02-03T07:20:24.321Z] E0203 12:50:24.320861    4101 watch.go:40] Failed to load config from "/home/user/antigravity/typpingchallenge/dataconnect": could not find dataconnect.yaml in `/home/user/antigravity/typpingchallenge/dataconnect`
 {"metadata":{"emulator":{"name":"dataconnect"},"message":"E0203 12:50:24.320861    4101 watch.go:40] Failed to load config from \"/home/user/antigravity/typpingchallenge/dataconnect\": could not find dataconnect.yaml in `/home/user/antigravity/typpingchallenge/dataconnect`\n"}}
[debug] [2026-02-03T07:20:34.312Z] E0203 12:50:34.312023    4101 watch.go:116] watchAllDir unable to walk dir `/home/user/antigravity/typpingchallenge/dataconnect`: lstat /home/user/antigravity/typpingchallenge/dataconnect: no such file or directory
E0203 12:50:34.312140    4101 watch.go:40] Failed to load config from "/home/user/antigravity/typpingchallenge/dataconnect": could not find dataconnect.yaml in `/home/user/antigravity/typpingchallenge/dataconnect`
 {"metadata":{"emulator":{"name":"dataconnect"},"message":"E0203 12:50:34.312023    4101 watch.go:116] watchAllDir unable to walk dir `/home/user/antigravity/typpingchallenge/dataconnect`: lstat /home/user/antigravity/typpingchallenge/dataconnect: no such file or directory\nE0203 12:50:34.312140    4101 watch.go:40] Failed to load config from \"/home/user/antigravity/typpingchallenge/dataconnect\": could not find dataconnect.yaml in `/home/user/antigravity/typpingchallenge/dataconnect`\n"}}
[debug] [2026-02-03T07:20:44.321Z] E0203 12:50:44.321218    4101 watch.go:40] Failed to load config from "/home/user/antigravity/typpingchallenge/dataconnect": could not find dataconnect.yaml in `/home/user/antigravity/typpingchallenge/dataconnect`
 {"metadata":{"emulator":{"name":"dataconnect"},"message":"E0203 12:50:44.321218    4101 watch.go:40] Failed to load config from \"/home/user/antigravity/typpingchallenge/dataconnect\": could not find dataconnect.yaml in `/home/user/antigravity/typpingchallenge/dataconnect`\n"}}
[debug] [2026-02-03T07:20:54.321Z] E0203 12:50:54.320827    4101 watch.go:40] Failed to load config from "/home/user/antigravity/typpingchallenge/dataconnect": could not find dataconnect.yaml in `/home/user/antigravity/typpingchallenge/dataconnect`
 {"metadata":{"emulator":{"name":"dataconnect"},"message":"E0203 12:50:54.320827    4101 watch.go:40] Failed to load config from \"/home/user/antigravity/typpingchallenge/dataconnect\": could not find dataconnect.yaml in `/home/user/antigravity/typpingchallenge/dataconnect`\n"}}
[debug] [2026-02-03T07:21:04.312Z] E0203 12:51:04.311757    4101 watch.go:40] Failed to load config from "/home/user/antigravity/typpingchallenge/dataconnect": could not find dataconnect.yaml in `/home/user/antigravity/typpingchallenge/dataconnect`
 {"metadata":{"emulator":{"name":"dataconnect"},"message":"E0203 12:51:04.311757    4101 watch.go:40] Failed to load config from \"/home/user/antigravity/typpingchallenge/dataconnect\": could not find dataconnect.yaml in `/home/user/antigravity/typpingchallenge/dataconnect`\n"}}
[debug] [2026-02-03T07:21:14.321Z] E0203 12:51:14.320903    4101 watch.go:40] Failed to load config from "/home/user/antigravity/typpingchallenge/dataconnect": could not find dataconnect.yaml in `/home/user/antigravity/typpingchallenge/dataconnect`
 {"metadata":{"emulator":{"name":"dataconnect"},"message":"E0203 12:51:14.320903    4101 watch.go:40] Failed to load config from \"/home/user/antigravity/typpingchallenge/dataconnect\": could not find dataconnect.yaml in `/home/user/antigravity/typpingchallenge/dataconnect`\n"}}
[debug] [2026-02-03T07:21:24.317Z] E0203 12:51:24.317028    4101 watch.go:40] Failed to load config from "/home/user/antigravity/typpingchallenge/dataconnect": could not find dataconnect.yaml in `/home/user/antigravity/typpingchallenge/dataconnect`
 {"metadata":{"emulator":{"name":"dataconnect"},"message":"E0203 12:51:24.317028    4101 watch.go:40] Failed to load config from \"/home/user/antigravity/typpingchallenge/dataconnect\": could not find dataconnect.yaml in `/home/user/antigravity/typpingchallenge/dataconnect`\n"}}
[debug] [2026-02-03T07:21:34.312Z] E0203 12:51:34.311862    4101 watch.go:116] watchAllDir unable to walk dir `/home/user/antigravity/typpingchallenge/dataconnect`: lstat /home/user/antigravity/typpingchallenge/dataconnect: no such file or directory
E0203 12:51:34.311944    4101 watch.go:40] Failed to load config from "/home/user/antigravity/typpingchallenge/dataconnect": could not find dataconnect.yaml in `/home/user/antigravity/typpingchallenge/dataconnect`
 {"metadata":{"emulator":{"name":"dataconnect"},"message":"E0203 12:51:34.311862    4101 watch.go:116] watchAllDir unable to walk dir `/home/user/antigravity/typpingchallenge/dataconnect`: lstat /home/user/antigravity/typpingchallenge/dataconnect: no such file or directory\nE0203 12:51:34.311944    4101 watch.go:40] Failed to load config from \"/home/user/antigravity/typpingchallenge/dataconnect\": could not find dataconnect.yaml in `/home/user/antigravity/typpingchallenge/dataconnect`\n"}}
[debug] [2026-02-03T07:21:44.321Z] E0203 12:51:44.320836    4101 watch.go:40] Failed to load config from "/home/user/antigravity/typpingchallenge/dataconnect": could not find dataconnect.yaml in `/home/user/antigravity/typpingchallenge/dataconnect`
 {"metadata":{"emulator":{"name":"dataconnect"},"message":"E0203 12:51:44.320836    4101 watch.go:40] Failed to load config from \"/home/user/antigravity/typpingchallenge/dataconnect\": could not find dataconnect.yaml in `/home/user/antigravity/typpingchallenge/dataconnect`\n"}}
[debug] [2026-02-03T07:21:54.321Z] E0203 12:51:54.320930    4101 watch.go:40] Failed to load config from "/home/user/antigravity/typpingchallenge/dataconnect": could not find dataconnect.yaml in `/home/user/antigravity/typpingchallenge/dataconnect`
 {"metadata":{"emulator":{"name":"dataconnect"},"message":"E0203 12:51:54.320930    4101 watch.go:40] Failed to load config from \"/home/user/antigravity/typpingchallenge/dataconnect\": could not find dataconnect.yaml in `/home/user/antigravity/typpingchallenge/dataconnect`\n"}}
[debug] [2026-02-03T07:22:04.312Z] E0203 12:52:04.312029    4101 watch.go:40] Failed to load config from "/home/user/antigravity/typpingchallenge/dataconnect": could not find dataconnect.yaml in `/home/user/antigravity/typpingchallenge/dataconnect`
 {"metadata":{"emulator":{"name":"dataconnect"},"message":"E0203 12:52:04.312029    4101 watch.go:40] Failed to load config from \"/home/user/antigravity/typpingchallenge/dataconnect\": could not find dataconnect.yaml in `/home/user/antigravity/typpingchallenge/dataconnect`\n"}}
[debug] [2026-02-03T07:22:14.321Z] E0203 12:52:14.320798    4101 watch.go:40] Failed to load config from "/home/user/antigravity/typpingchallenge/dataconnect": could not find dataconnect.yaml in `/home/user/antigravity/typpingchallenge/dataconnect`
 {"metadata":{"emulator":{"name":"dataconnect"},"message":"E0203 12:52:14.320798    4101 watch.go:40] Failed to load config from \"/home/user/antigravity/typpingchallenge/dataconnect\": could not find dataconnect.yaml in `/home/user/antigravity/typpingchallenge/dataconnect`\n"}}
[debug] [2026-02-03T07:22:24.321Z] E0203 12:52:24.320794    4101 watch.go:40] Failed to load config from "/home/user/antigravity/typpingchallenge/dataconnect": could not find dataconnect.yaml in `/home/user/antigravity/typpingchallenge/dataconnect`
 {"metadata":{"emulator":{"name":"dataconnect"},"message":"E0203 12:52:24.320794    4101 watch.go:40] Failed to load config from \"/home/user/antigravity/typpingchallenge/dataconnect\": could not find dataconnect.yaml in `/home/user/antigravity/typpingchallenge/dataconnect`\n"}}
[debug] [2026-02-03T07:22:34.312Z] E0203 12:52:34.311811    4101 watch.go:116] watchAllDir unable to walk dir `/home/user/antigravity/typpingchallenge/dataconnect`: lstat /home/user/antigravity/typpingchallenge/dataconnect: no such file or directory
E0203 12:52:34.311875    4101 watch.go:40] Failed to load config from "/home/user/antigravity/typpingchallenge/dataconnect": could not find dataconnect.yaml in `/home/user/antigravity/typpingchallenge/dataconnect`
 {"metadata":{"emulator":{"name":"dataconnect"},"message":"E0203 12:52:34.311811    4101 watch.go:116] watchAllDir unable to walk dir `/home/user/antigravity/typpingchallenge/dataconnect`: lstat /home/user/antigravity/typpingchallenge/dataconnect: no such file or directory\nE0203 12:52:34.311875    4101 watch.go:40] Failed to load config from \"/home/user/antigravity/typpingchallenge/dataconnect\": could not find dataconnect.yaml in `/home/user/antigravity/typpingchallenge/dataconnect`\n"}}
[debug] [2026-02-03T07:22:44.321Z] E0203 12:52:44.320822    4101 watch.go:40] Failed to load config from "/home/user/antigravity/typpingchallenge/dataconnect": could not find dataconnect.yaml in `/home/user/antigravity/typpingchallenge/dataconnect`
 {"metadata":{"emulator":{"name":"dataconnect"},"message":"E0203 12:52:44.320822    4101 watch.go:40] Failed to load config from \"/home/user/antigravity/typpingchallenge/dataconnect\": could not find dataconnect.yaml in `/home/user/antigravity/typpingchallenge/dataconnect`\n"}}
[debug] [2026-02-03T07:22:54.321Z] E0203 12:52:54.320841    4101 watch.go:40] Failed to load config from "/home/user/antigravity/typpingchallenge/dataconnect": could not find dataconnect.yaml in `/home/user/antigravity/typpingchallenge/dataconnect`
 {"metadata":{"emulator":{"name":"dataconnect"},"message":"E0203 12:52:54.320841    4101 watch.go:40] Failed to load config from \"/home/user/antigravity/typpingchallenge/dataconnect\": could not find dataconnect.yaml in `/home/user/antigravity/typpingchallenge/dataconnect`\n"}}
[debug] [2026-02-03T07:23:04.312Z] E0203 12:53:04.312221    4101 watch.go:40] Failed to load config from "/home/user/antigravity/typpingchallenge/dataconnect": could not find dataconnect.yaml in `/home/user/antigravity/typpingchallenge/dataconnect`
 {"metadata":{"emulator":{"name":"dataconnect"},"message":"E0203 12:53:04.312221    4101 watch.go:40] Failed to load config from \"/home/user/antigravity/typpingchallenge/dataconnect\": could not find dataconnect.yaml in `/home/user/antigravity/typpingchallenge/dataconnect`\n"}}
[debug] [2026-02-03T07:23:14.312Z] E0203 12:53:14.311784    4101 watch.go:40] Failed to load config from "/home/user/antigravity/typpingchallenge/dataconnect": could not find dataconnect.yaml in `/home/user/antigravity/typpingchallenge/dataconnect`
 {"metadata":{"emulator":{"name":"dataconnect"},"message":"E0203 12:53:14.311784    4101 watch.go:40] Failed to load config from \"/home/user/antigravity/typpingchallenge/dataconnect\": could not find dataconnect.yaml in `/home/user/antigravity/typpingchallenge/dataconnect`\n"}}
[debug] [2026-02-03T07:23:24.321Z] E0203 12:53:24.320826    4101 watch.go:40] Failed to load config from "/home/user/antigravity/typpingchallenge/dataconnect": could not find dataconnect.yaml in `/home/user/antigravity/typpingchallenge/dataconnect`
 {"metadata":{"emulator":{"name":"dataconnect"},"message":"E0203 12:53:24.320826    4101 watch.go:40] Failed to load config from \"/home/user/antigravity/typpingchallenge/dataconnect\": could not find dataconnect.yaml in `/home/user/antigravity/typpingchallenge/dataconnect`\n"}}
[debug] [2026-02-03T07:23:34.311Z] E0203 12:53:34.311789    4101 watch.go:116] watchAllDir unable to walk dir `/home/user/antigravity/typpingchallenge/dataconnect`: lstat /home/user/antigravity/typpingchallenge/dataconnect: no such file or directory
E0203 12:53:34.311840    4101 watch.go:40] Failed to load config from "/home/user/antigravity/typpingchallenge/dataconnect": could not find dataconnect.yaml in `/home/user/antigravity/typpingchallenge/dataconnect`
 {"metadata":{"emulator":{"name":"dataconnect"},"message":"E0203 12:53:34.311789    4101 watch.go:116] watchAllDir unable to walk dir `/home/user/antigravity/typpingchallenge/dataconnect`: lstat /home/user/antigravity/typpingchallenge/dataconnect: no such file or directory\nE0203 12:53:34.311840    4101 watch.go:40] Failed to load config from \"/home/user/antigravity/typpingchallenge/dataconnect\": could not find dataconnect.yaml in `/home/user/antigravity/typpingchallenge/dataconnect`\n"}}
[debug] [2026-02-03T07:23:44.321Z] E0203 12:53:44.320783    4101 watch.go:40] Failed to load config from "/home/user/antigravity/typpingchallenge/dataconnect": could not find dataconnect.yaml in `/home/user/antigravity/typpingchallenge/dataconnect`
 {"metadata":{"emulator":{"name":"dataconnect"},"message":"E0203 12:53:44.320783    4101 watch.go:40] Failed to load config from \"/home/user/antigravity/typpingchallenge/dataconnect\": could not find dataconnect.yaml in `/home/user/antigravity/typpingchallenge/dataconnect`\n"}}
[debug] [2026-02-03T07:23:54.320Z] E0203 12:53:54.320683    4101 watch.go:40] Failed to load config from "/home/user/antigravity/typpingchallenge/dataconnect": could not find dataconnect.yaml in `/home/user/antigravity/typpingchallenge/dataconnect`
 {"metadata":{"emulator":{"name":"dataconnect"},"message":"E0203 12:53:54.320683    4101 watch.go:40] Failed to load config from \"/home/user/antigravity/typpingchallenge/dataconnect\": could not find dataconnect.yaml in `/home/user/antigravity/typpingchallenge/dataconnect`\n"}}
[debug] [2026-02-03T07:24:04.312Z] E0203 12:54:04.311995    4101 watch.go:40] Failed to load config from "/home/user/antigravity/typpingchallenge/dataconnect": could not find dataconnect.yaml in `/home/user/antigravity/typpingchallenge/dataconnect`
 {"metadata":{"emulator":{"name":"dataconnect"},"message":"E0203 12:54:04.311995    4101 watch.go:40] Failed to load config from \"/home/user/antigravity/typpingchallenge/dataconnect\": could not find dataconnect.yaml in `/home/user/antigravity/typpingchallenge/dataconnect`\n"}}
[debug] [2026-02-03T07:24:14.321Z] E0203 12:54:14.321037    4101 watch.go:40] Failed to load config from "/home/user/antigravity/typpingchallenge/dataconnect": could not find dataconnect.yaml in `/home/user/antigravity/typpingchallenge/dataconnect`
 {"metadata":{"emulator":{"name":"dataconnect"},"message":"E0203 12:54:14.321037    4101 watch.go:40] Failed to load config from \"/home/user/antigravity/typpingchallenge/dataconnect\": could not find dataconnect.yaml in `/home/user/antigravity/typpingchallenge/dataconnect`\n"}}
[debug] [2026-02-03T07:24:24.321Z] E0203 12:54:24.321105    4101 watch.go:40] Failed to load config from "/home/user/antigravity/typpingchallenge/dataconnect": could not find dataconnect.yaml in `/home/user/antigravity/typpingchallenge/dataconnect`
 {"metadata":{"emulator":{"name":"dataconnect"},"message":"E0203 12:54:24.321105    4101 watch.go:40] Failed to load config from \"/home/user/antigravity/typpingchallenge/dataconnect\": could not find dataconnect.yaml in `/home/user/antigravity/typpingchallenge/dataconnect`\n"}}
[debug] [2026-02-03T07:24:34.312Z] E0203 12:54:34.312291    4101 watch.go:116] watchAllDir unable to walk dir `/home/user/antigravity/typpingchallenge/dataconnect`: lstat /home/user/antigravity/typpingchallenge/dataconnect: no such file or directory
E0203 12:54:34.312417    4101 watch.go:40] Failed to load config from "/home/user/antigravity/typpingchallenge/dataconnect": could not find dataconnect.yaml in `/home/user/antigravity/typpingchallenge/dataconnect`
 {"metadata":{"emulator":{"name":"dataconnect"},"message":"E0203 12:54:34.312291    4101 watch.go:116] watchAllDir unable to walk dir `/home/user/antigravity/typpingchallenge/dataconnect`: lstat /home/user/antigravity/typpingchallenge/dataconnect: no such file or directory\nE0203 12:54:34.312417    4101 watch.go:40] Failed to load config from \"/home/user/antigravity/typpingchallenge/dataconnect\": could not find dataconnect.yaml in `/home/user/antigravity/typpingchallenge/dataconnect`\n"}}
[debug] [2026-02-03T07:24:44.320Z] E0203 12:54:44.320737    4101 watch.go:40] Failed to load config from "/home/user/antigravity/typpingchallenge/dataconnect": could not find dataconnect.yaml in `/home/user/antigravity/typpingchallenge/dataconnect`
 {"metadata":{"emulator":{"name":"dataconnect"},"message":"E0203 12:54:44.320737    4101 watch.go:40] Failed to load config from \"/home/user/antigravity/typpingchallenge/dataconnect\": could not find dataconnect.yaml in `/home/user/antigravity/typpingchallenge/dataconnect`\n"}}
[debug] [2026-02-03T07:24:54.312Z] E0203 12:54:54.311889    4101 watch.go:40] Failed to load config from "/home/user/antigravity/typpingchallenge/dataconnect": could not find dataconnect.yaml in `/home/user/antigravity/typpingchallenge/dataconnect`
 {"metadata":{"emulator":{"name":"dataconnect"},"message":"E0203 12:54:54.311889    4101 watch.go:40] Failed to load config from \"/home/user/antigravity/typpingchallenge/dataconnect\": could not find dataconnect.yaml in `/home/user/antigravity/typpingchallenge/dataconnect`\n"}}
[debug] [2026-02-03T07:25:04.312Z] E0203 12:55:04.311897    4101 watch.go:40] Failed to load config from "/home/user/antigravity/typpingchallenge/dataconnect": could not find dataconnect.yaml in `/home/user/antigravity/typpingchallenge/dataconnect`
 {"metadata":{"emulator":{"name":"dataconnect"},"message":"E0203 12:55:04.311897    4101 watch.go:40] Failed to load config from \"/home/user/antigravity/typpingchallenge/dataconnect\": could not find dataconnect.yaml in `/home/user/antigravity/typpingchallenge/dataconnect`\n"}}
[debug] [2026-02-03T07:25:14.312Z] E0203 12:55:14.311993    4101 watch.go:40] Failed to load config from "/home/user/antigravity/typpingchallenge/dataconnect": could not find dataconnect.yaml in `/home/user/antigravity/typpingchallenge/dataconnect`
 {"metadata":{"emulator":{"name":"dataconnect"},"message":"E0203 12:55:14.311993    4101 watch.go:40] Failed to load config from \"/home/user/antigravity/typpingchallenge/dataconnect\": could not find dataconnect.yaml in `/home/user/antigravity/typpingchallenge/dataconnect`\n"}}
[debug] [2026-02-03T07:25:24.311Z] E0203 12:55:24.311738    4101 watch.go:40] Failed to load config from "/home/user/antigravity/typpingchallenge/dataconnect": could not find dataconnect.yaml in `/home/user/antigravity/typpingchallenge/dataconnect`
 {"metadata":{"emulator":{"name":"dataconnect"},"message":"E0203 12:55:24.311738    4101 watch.go:40] Failed to load config from \"/home/user/antigravity/typpingchallenge/dataconnect\": could not find dataconnect.yaml in `/home/user/antigravity/typpingchallenge/dataconnect`\n"}}
[debug] [2026-02-03T07:25:34.312Z] E0203 12:55:34.311850    4101 watch.go:116] watchAllDir unable to walk dir `/home/user/antigravity/typpingchallenge/dataconnect`: lstat /home/user/antigravity/typpingchallenge/dataconnect: no such file or directory
E0203 12:55:34.311939    4101 watch.go:40] Failed to load config from "/home/user/antigravity/typpingchallenge/dataconnect": could not find dataconnect.yaml in `/home/user/antigravity/typpingchallenge/dataconnect`
 {"metadata":{"emulator":{"name":"dataconnect"},"message":"E0203 12:55:34.311850    4101 watch.go:116] watchAllDir unable to walk dir `/home/user/antigravity/typpingchallenge/dataconnect`: lstat /home/user/antigravity/typpingchallenge/dataconnect: no such file or directory\nE0203 12:55:34.311939    4101 watch.go:40] Failed to load config from \"/home/user/antigravity/typpingchallenge/dataconnect\": could not find dataconnect.yaml in `/home/user/antigravity/typpingchallenge/dataconnect`\n"}}
[debug] [2026-02-03T07:25:44.323Z] E0203 12:55:44.320741    4101 watch.go:40] Failed to load config from "/home/user/antigravity/typpingchallenge/dataconnect": could not find dataconnect.yaml in `/home/user/antigravity/typpingchallenge/dataconnect`
 {"metadata":{"emulator":{"name":"dataconnect"},"message":"E0203 12:55:44.320741    4101 watch.go:40] Failed to load config from \"/home/user/antigravity/typpingchallenge/dataconnect\": could not find dataconnect.yaml in `/home/user/antigravity/typpingchallenge/dataconnect`\n"}}
[debug] [2026-02-03T07:25:54.311Z] E0203 12:55:54.311723    4101 watch.go:40] Failed to load config from "/home/user/antigravity/typpingchallenge/dataconnect": could not find dataconnect.yaml in `/home/user/antigravity/typpingchallenge/dataconnect`
 {"metadata":{"emulator":{"name":"dataconnect"},"message":"E0203 12:55:54.311723    4101 watch.go:40] Failed to load config from \"/home/user/antigravity/typpingchallenge/dataconnect\": could not find dataconnect.yaml in `/home/user/antigravity/typpingchallenge/dataconnect`\n"}}
[debug] [2026-02-03T07:26:04.312Z] E0203 12:56:04.312132    4101 watch.go:40] Failed to load config from "/home/user/antigravity/typpingchallenge/dataconnect": could not find dataconnect.yaml in `/home/user/antigravity/typpingchallenge/dataconnect`
 {"metadata":{"emulator":{"name":"dataconnect"},"message":"E0203 12:56:04.312132    4101 watch.go:40] Failed to load config from \"/home/user/antigravity/typpingchallenge/dataconnect\": could not find dataconnect.yaml in `/home/user/antigravity/typpingchallenge/dataconnect`\n"}}
[debug] [2026-02-03T07:26:14.315Z] E0203 12:56:14.315766    4101 watch.go:40] Failed to load config from "/home/user/antigravity/typpingchallenge/dataconnect": could not find dataconnect.yaml in `/home/user/antigravity/typpingchallenge/dataconnect`
 {"metadata":{"emulator":{"name":"dataconnect"},"message":"E0203 12:56:14.315766    4101 watch.go:40] Failed to load config from \"/home/user/antigravity/typpingchallenge/dataconnect\": could not find dataconnect.yaml in `/home/user/antigravity/typpingchallenge/dataconnect`\n"}}
[debug] [2026-02-03T07:26:24.321Z] E0203 12:56:24.320846    4101 watch.go:40] Failed to load config from "/home/user/antigravity/typpingchallenge/dataconnect": could not find dataconnect.yaml in `/home/user/antigravity/typpingchallenge/dataconnect`
 {"metadata":{"emulator":{"name":"dataconnect"},"message":"E0203 12:56:24.320846    4101 watch.go:40] Failed to load config from \"/home/user/antigravity/typpingchallenge/dataconnect\": could not find dataconnect.yaml in `/home/user/antigravity/typpingchallenge/dataconnect`\n"}}
[debug] [2026-02-03T07:26:34.312Z] E0203 12:56:34.311974    4101 watch.go:116] watchAllDir unable to walk dir `/home/user/antigravity/typpingchallenge/dataconnect`: lstat /home/user/antigravity/typpingchallenge/dataconnect: no such file or directory
E0203 12:56:34.312047    4101 watch.go:40] Failed to load config from "/home/user/antigravity/typpingchallenge/dataconnect": could not find dataconnect.yaml in `/home/user/antigravity/typpingchallenge/dataconnect`
 {"metadata":{"emulator":{"name":"dataconnect"},"message":"E0203 12:56:34.311974    4101 watch.go:116] watchAllDir unable to walk dir `/home/user/antigravity/typpingchallenge/dataconnect`: lstat /home/user/antigravity/typpingchallenge/dataconnect: no such file or directory\nE0203 12:56:34.312047    4101 watch.go:40] Failed to load config from \"/home/user/antigravity/typpingchallenge/dataconnect\": could not find dataconnect.yaml in `/home/user/antigravity/typpingchallenge/dataconnect`\n"}}
[debug] [2026-02-03T07:26:44.321Z] E0203 12:56:44.321136    4101 watch.go:40] Failed to load config from "/home/user/antigravity/typpingchallenge/dataconnect": could not find dataconnect.yaml in `/home/user/antigravity/typpingchallenge/dataconnect`
 {"metadata":{"emulator":{"name":"dataconnect"},"message":"E0203 12:56:44.321136    4101 watch.go:40] Failed to load config from \"/home/user/antigravity/typpingchallenge/dataconnect\": could not find dataconnect.yaml in `/home/user/antigravity/typpingchallenge/dataconnect`\n"}}
[debug] [2026-02-03T07:26:54.319Z] E0203 12:56:54.318881    4101 watch.go:40] Failed to load config from "/home/user/antigravity/typpingchallenge/dataconnect": could not find dataconnect.yaml in `/home/user/antigravity/typpingchallenge/dataconnect`
 {"metadata":{"emulator":{"name":"dataconnect"},"message":"E0203 12:56:54.318881    4101 watch.go:40] Failed to load config from \"/home/user/antigravity/typpingchallenge/dataconnect\": could not find dataconnect.yaml in `/home/user/antigravity/typpingchallenge/dataconnect`\n"}}
[debug] [2026-02-03T07:27:04.312Z] E0203 12:57:04.311893    4101 watch.go:40] Failed to load config from "/home/user/antigravity/typpingchallenge/dataconnect": could not find dataconnect.yaml in `/home/user/antigravity/typpingchallenge/dataconnect`
 {"metadata":{"emulator":{"name":"dataconnect"},"message":"E0203 12:57:04.311893    4101 watch.go:40] Failed to load config from \"/home/user/antigravity/typpingchallenge/dataconnect\": could not find dataconnect.yaml in `/home/user/antigravity/typpingchallenge/dataconnect`\n"}}
[debug] [2026-02-03T07:27:14.320Z] E0203 12:57:14.320753    4101 watch.go:40] Failed to load config from "/home/user/antigravity/typpingchallenge/dataconnect": could not find dataconnect.yaml in `/home/user/antigravity/typpingchallenge/dataconnect`
 {"metadata":{"emulator":{"name":"dataconnect"},"message":"E0203 12:57:14.320753    4101 watch.go:40] Failed to load config from \"/home/user/antigravity/typpingchallenge/dataconnect\": could not find dataconnect.yaml in `/home/user/antigravity/typpingchallenge/dataconnect`\n"}}
[debug] [2026-02-03T07:27:24.314Z] E0203 12:57:24.313801    4101 watch.go:40] Failed to load config from "/home/user/antigravity/typpingchallenge/dataconnect": could not find dataconnect.yaml in `/home/user/antigravity/typpingchallenge/dataconnect`
 {"metadata":{"emulator":{"name":"dataconnect"},"message":"E0203 12:57:24.313801    4101 watch.go:40] Failed to load config from \"/home/user/antigravity/typpingchallenge/dataconnect\": could not find dataconnect.yaml in `/home/user/antigravity/typpingchallenge/dataconnect`\n"}}
[debug] [2026-02-03T07:27:34.312Z] E0203 12:57:34.312528    4101 watch.go:40] Failed to load config from "/home/user/antigravity/typpingchallenge/dataconnect": could not find dataconnect.yaml in `/home/user/antigravity/typpingchallenge/dataconnect`
E0203 12:57:34.312485    4101 watch.go:116] watchAllDir unable to walk dir `/home/user/antigravity/typpingchallenge/dataconnect`: lstat /home/user/antigravity/typpingchallenge/dataconnect: no such file or directory
 {"metadata":{"emulator":{"name":"dataconnect"},"message":"E0203 12:57:34.312528    4101 watch.go:40] Failed to load config from \"/home/user/antigravity/typpingchallenge/dataconnect\": could not find dataconnect.yaml in `/home/user/antigravity/typpingchallenge/dataconnect`\nE0203 12:57:34.312485    4101 watch.go:116] watchAllDir unable to walk dir `/home/user/antigravity/typpingchallenge/dataconnect`: lstat /home/user/antigravity/typpingchallenge/dataconnect: no such file or directory\n"}}
[debug] [2026-02-03T07:27:44.313Z] E0203 12:57:44.313752    4101 watch.go:40] Failed to load config from "/home/user/antigravity/typpingchallenge/dataconnect": could not find dataconnect.yaml in `/home/user/antigravity/typpingchallenge/dataconnect`
 {"metadata":{"emulator":{"name":"dataconnect"},"message":"E0203 12:57:44.313752    4101 watch.go:40] Failed to load config from \"/home/user/antigravity/typpingchallenge/dataconnect\": could not find dataconnect.yaml in `/home/user/antigravity/typpingchallenge/dataconnect`\n"}}
[debug] [2026-02-03T07:27:54.313Z] E0203 12:57:54.313441    4101 watch.go:40] Failed to load config from "/home/user/antigravity/typpingchallenge/dataconnect": could not find dataconnect.yaml in `/home/user/antigravity/typpingchallenge/dataconnect`
 {"metadata":{"emulator":{"name":"dataconnect"},"message":"E0203 12:57:54.313441    4101 watch.go:40] Failed to load config from \"/home/user/antigravity/typpingchallenge/dataconnect\": could not find dataconnect.yaml in `/home/user/antigravity/typpingchallenge/dataconnect`\n"}}
[debug] [2026-02-03T07:28:04.311Z] E0203 12:58:04.311689    4101 watch.go:40] Failed to load config from "/home/user/antigravity/typpingchallenge/dataconnect": could not find dataconnect.yaml in `/home/user/antigravity/typpingchallenge/dataconnect`
 {"metadata":{"emulator":{"name":"dataconnect"},"message":"E0203 12:58:04.311689    4101 watch.go:40] Failed to load config from \"/home/user/antigravity/typpingchallenge/dataconnect\": could not find dataconnect.yaml in `/home/user/antigravity/typpingchallenge/dataconnect`\n"}}
[debug] [2026-02-03T07:28:14.321Z] E0203 12:58:14.319745    4101 watch.go:40] Failed to load config from "/home/user/antigravity/typpingchallenge/dataconnect": could not find dataconnect.yaml in `/home/user/antigravity/typpingchallenge/dataconnect`
 {"metadata":{"emulator":{"name":"dataconnect"},"message":"E0203 12:58:14.319745    4101 watch.go:40] Failed to load config from \"/home/user/antigravity/typpingchallenge/dataconnect\": could not find dataconnect.yaml in `/home/user/antigravity/typpingchallenge/dataconnect`\n"}}
[debug] [2026-02-03T07:28:24.321Z] E0203 12:58:24.320748    4101 watch.go:40] Failed to load config from "/home/user/antigravity/typpingchallenge/dataconnect": could not find dataconnect.yaml in `/home/user/antigravity/typpingchallenge/dataconnect`
 {"metadata":{"emulator":{"name":"dataconnect"},"message":"E0203 12:58:24.320748    4101 watch.go:40] Failed to load config from \"/home/user/antigravity/typpingchallenge/dataconnect\": could not find dataconnect.yaml in `/home/user/antigravity/typpingchallenge/dataconnect`\n"}}
[debug] [2026-02-03T07:28:34.312Z] E0203 12:58:34.311902    4101 watch.go:116] watchAllDir unable to walk dir `/home/user/antigravity/typpingchallenge/dataconnect`: lstat /home/user/antigravity/typpingchallenge/dataconnect: no such file or directory
E0203 12:58:34.311984    4101 watch.go:40] Failed to load config from "/home/user/antigravity/typpingchallenge/dataconnect": could not find dataconnect.yaml in `/home/user/antigravity/typpingchallenge/dataconnect`
 {"metadata":{"emulator":{"name":"dataconnect"},"message":"E0203 12:58:34.311902    4101 watch.go:116] watchAllDir unable to walk dir `/home/user/antigravity/typpingchallenge/dataconnect`: lstat /home/user/antigravity/typpingchallenge/dataconnect: no such file or directory\nE0203 12:58:34.311984    4101 watch.go:40] Failed to load config from \"/home/user/antigravity/typpingchallenge/dataconnect\": could not find dataconnect.yaml in `/home/user/antigravity/typpingchallenge/dataconnect`\n"}}
[debug] [2026-02-03T07:28:44.321Z] E0203 12:58:44.320733    4101 watch.go:40] Failed to load config from "/home/user/antigravity/typpingchallenge/dataconnect": could not find dataconnect.yaml in `/home/user/antigravity/typpingchallenge/dataconnect`
 {"metadata":{"emulator":{"name":"dataconnect"},"message":"E0203 12:58:44.320733    4101 watch.go:40] Failed to load config from \"/home/user/antigravity/typpingchallenge/dataconnect\": could not find dataconnect.yaml in `/home/user/antigravity/typpingchallenge/dataconnect`\n"}}
[debug] [2026-02-03T07:28:54.311Z] E0203 12:58:54.311719    4101 watch.go:40] Failed to load config from "/home/user/antigravity/typpingchallenge/dataconnect": could not find dataconnect.yaml in `/home/user/antigravity/typpingchallenge/dataconnect`
 {"metadata":{"emulator":{"name":"dataconnect"},"message":"E0203 12:58:54.311719    4101 watch.go:40] Failed to load config from \"/home/user/antigravity/typpingchallenge/dataconnect\": could not find dataconnect.yaml in `/home/user/antigravity/typpingchallenge/dataconnect`\n"}}
[debug] [2026-02-03T07:29:04.312Z] E0203 12:59:04.311946    4101 watch.go:40] Failed to load config from "/home/user/antigravity/typpingchallenge/dataconnect": could not find dataconnect.yaml in `/home/user/antigravity/typpingchallenge/dataconnect`
 {"metadata":{"emulator":{"name":"dataconnect"},"message":"E0203 12:59:04.311946    4101 watch.go:40] Failed to load config from \"/home/user/antigravity/typpingchallenge/dataconnect\": could not find dataconnect.yaml in `/home/user/antigravity/typpingchallenge/dataconnect`\n"}}
[debug] [2026-02-03T07:29:14.320Z] E0203 12:59:14.320773    4101 watch.go:40] Failed to load config from "/home/user/antigravity/typpingchallenge/dataconnect": could not find dataconnect.yaml in `/home/user/antigravity/typpingchallenge/dataconnect`
 {"metadata":{"emulator":{"name":"dataconnect"},"message":"E0203 12:59:14.320773    4101 watch.go:40] Failed to load config from \"/home/user/antigravity/typpingchallenge/dataconnect\": could not find dataconnect.yaml in `/home/user/antigravity/typpingchallenge/dataconnect`\n"}}
[debug] [2026-02-03T07:29:24.320Z] E0203 12:59:24.320705    4101 watch.go:40] Failed to load config from "/home/user/antigravity/typpingchallenge/dataconnect": could not find dataconnect.yaml in `/home/user/antigravity/typpingchallenge/dataconnect`
 {"metadata":{"emulator":{"name":"dataconnect"},"message":"E0203 12:59:24.320705    4101 watch.go:40] Failed to load config from \"/home/user/antigravity/typpingchallenge/dataconnect\": could not find dataconnect.yaml in `/home/user/antigravity/typpingchallenge/dataconnect`\n"}}
[debug] [2026-02-03T07:29:34.311Z] E0203 12:59:34.311676    4101 watch.go:116] watchAllDir unable to walk dir `/home/user/antigravity/typpingchallenge/dataconnect`: lstat /home/user/antigravity/typpingchallenge/dataconnect: no such file or directory
E0203 12:59:34.311742    4101 watch.go:40] Failed to load config from "/home/user/antigravity/typpingchallenge/dataconnect": could not find dataconnect.yaml in `/home/user/antigravity/typpingchallenge/dataconnect`
 {"metadata":{"emulator":{"name":"dataconnect"},"message":"E0203 12:59:34.311676    4101 watch.go:116] watchAllDir unable to walk dir `/home/user/antigravity/typpingchallenge/dataconnect`: lstat /home/user/antigravity/typpingchallenge/dataconnect: no such file or directory\nE0203 12:59:34.311742    4101 watch.go:40] Failed to load config from \"/home/user/antigravity/typpingchallenge/dataconnect\": could not find dataconnect.yaml in `/home/user/antigravity/typpingchallenge/dataconnect`\n"}}
[debug] [2026-02-03T07:29:44.320Z] E0203 12:59:44.320757    4101 watch.go:40] Failed to load config from "/home/user/antigravity/typpingchallenge/dataconnect": could not find dataconnect.yaml in `/home/user/antigravity/typpingchallenge/dataconnect`
 {"metadata":{"emulator":{"name":"dataconnect"},"message":"E0203 12:59:44.320757    4101 watch.go:40] Failed to load config from \"/home/user/antigravity/typpingchallenge/dataconnect\": could not find dataconnect.yaml in `/home/user/antigravity/typpingchallenge/dataconnect`\n"}}
[debug] [2026-02-03T07:29:54.320Z] E0203 12:59:54.320741    4101 watch.go:40] Failed to load config from "/home/user/antigravity/typpingchallenge/dataconnect": could not find dataconnect.yaml in `/home/user/antigravity/typpingchallenge/dataconnect`
 {"metadata":{"emulator":{"name":"dataconnect"},"message":"E0203 12:59:54.320741    4101 watch.go:40] Failed to load config from \"/home/user/antigravity/typpingchallenge/dataconnect\": could not find dataconnect.yaml in `/home/user/antigravity/typpingchallenge/dataconnect`\n"}}
[debug] [2026-02-03T07:30:04.312Z] E0203 13:00:04.312180    4101 watch.go:40] Failed to load config from "/home/user/antigravity/typpingchallenge/dataconnect": could not find dataconnect.yaml in `/home/user/antigravity/typpingchallenge/dataconnect`
 {"metadata":{"emulator":{"name":"dataconnect"},"message":"E0203 13:00:04.312180    4101 watch.go:40] Failed to load config from \"/home/user/antigravity/typpingchallenge/dataconnect\": could not find dataconnect.yaml in `/home/user/antigravity/typpingchallenge/dataconnect`\n"}}
[debug] [2026-02-03T07:30:14.320Z] E0203 13:00:14.320734    4101 watch.go:40] Failed to load config from "/home/user/antigravity/typpingchallenge/dataconnect": could not find dataconnect.yaml in `/home/user/antigravity/typpingchallenge/dataconnect`
 {"metadata":{"emulator":{"name":"dataconnect"},"message":"E0203 13:00:14.320734    4101 watch.go:40] Failed to load config from \"/home/user/antigravity/typpingchallenge/dataconnect\": could not find dataconnect.yaml in `/home/user/antigravity/typpingchallenge/dataconnect`\n"}}
[debug] [2026-02-03T07:30:24.320Z] E0203 13:00:24.320727    4101 watch.go:40] Failed to load config from "/home/user/antigravity/typpingchallenge/dataconnect": could not find dataconnect.yaml in `/home/user/antigravity/typpingchallenge/dataconnect`
 {"metadata":{"emulator":{"name":"dataconnect"},"message":"E0203 13:00:24.320727    4101 watch.go:40] Failed to load config from \"/home/user/antigravity/typpingchallenge/dataconnect\": could not find dataconnect.yaml in `/home/user/antigravity/typpingchallenge/dataconnect`\n"}}
[debug] [2026-02-03T07:30:34.312Z] E0203 13:00:34.311905    4101 watch.go:116] watchAllDir unable to walk dir `/home/user/antigravity/typpingchallenge/dataconnect`: lstat /home/user/antigravity/typpingchallenge/dataconnect: no such file or directory
E0203 13:00:34.311964    4101 watch.go:40] Failed to load config from "/home/user/antigravity/typpingchallenge/dataconnect": could not find dataconnect.yaml in `/home/user/antigravity/typpingchallenge/dataconnect`
 {"metadata":{"emulator":{"name":"dataconnect"},"message":"E0203 13:00:34.311905    4101 watch.go:116] watchAllDir unable to walk dir `/home/user/antigravity/typpingchallenge/dataconnect`: lstat /home/user/antigravity/typpingchallenge/dataconnect: no such file or directory\nE0203 13:00:34.311964    4101 watch.go:40] Failed to load config from \"/home/user/antigravity/typpingchallenge/dataconnect\": could not find dataconnect.yaml in `/home/user/antigravity/typpingchallenge/dataconnect`\n"}}
[debug] [2026-02-03T07:30:44.320Z] E0203 13:00:44.320693    4101 watch.go:40] Failed to load config from "/home/user/antigravity/typpingchallenge/dataconnect": could not find dataconnect.yaml in `/home/user/antigravity/typpingchallenge/dataconnect`
 {"metadata":{"emulator":{"name":"dataconnect"},"message":"E0203 13:00:44.320693    4101 watch.go:40] Failed to load config from \"/home/user/antigravity/typpingchallenge/dataconnect\": could not find dataconnect.yaml in `/home/user/antigravity/typpingchallenge/dataconnect`\n"}}
[debug] [2026-02-03T07:30:54.320Z] E0203 13:00:54.320788    4101 watch.go:40] Failed to load config from "/home/user/antigravity/typpingchallenge/dataconnect": could not find dataconnect.yaml in `/home/user/antigravity/typpingchallenge/dataconnect`
 {"metadata":{"emulator":{"name":"dataconnect"},"message":"E0203 13:00:54.320788    4101 watch.go:40] Failed to load config from \"/home/user/antigravity/typpingchallenge/dataconnect\": could not find dataconnect.yaml in `/home/user/antigravity/typpingchallenge/dataconnect`\n"}}
[debug] [2026-02-03T07:31:04.312Z] E0203 13:01:04.311942    4101 watch.go:40] Failed to load config from "/home/user/antigravity/typpingchallenge/dataconnect": could not find dataconnect.yaml in `/home/user/antigravity/typpingchallenge/dataconnect`
 {"metadata":{"emulator":{"name":"dataconnect"},"message":"E0203 13:01:04.311942    4101 watch.go:40] Failed to load config from \"/home/user/antigravity/typpingchallenge/dataconnect\": could not find dataconnect.yaml in `/home/user/antigravity/typpingchallenge/dataconnect`\n"}}
[debug] [2026-02-03T07:31:14.312Z] E0203 13:01:14.312689    4101 watch.go:40] Failed to load config from "/home/user/antigravity/typpingchallenge/dataconnect": could not find dataconnect.yaml in `/home/user/antigravity/typpingchallenge/dataconnect`
 {"metadata":{"emulator":{"name":"dataconnect"},"message":"E0203 13:01:14.312689    4101 watch.go:40] Failed to load config from \"/home/user/antigravity/typpingchallenge/dataconnect\": could not find dataconnect.yaml in `/home/user/antigravity/typpingchallenge/dataconnect`\n"}}
[debug] [2026-02-03T07:31:24.320Z] E0203 13:01:24.319751    4101 watch.go:40] Failed to load config from "/home/user/antigravity/typpingchallenge/dataconnect": could not find dataconnect.yaml in `/home/user/antigravity/typpingchallenge/dataconnect`
 {"metadata":{"emulator":{"name":"dataconnect"},"message":"E0203 13:01:24.319751    4101 watch.go:40] Failed to load config from \"/home/user/antigravity/typpingchallenge/dataconnect\": could not find dataconnect.yaml in `/home/user/antigravity/typpingchallenge/dataconnect`\n"}}
[debug] [2026-02-03T07:31:34.312Z] E0203 13:01:34.312166    4101 watch.go:40] Failed to load config from "/home/user/antigravity/typpingchallenge/dataconnect": could not find dataconnect.yaml in `/home/user/antigravity/typpingchallenge/dataconnect`
E0203 13:01:34.312035    4101 watch.go:116] watchAllDir unable to walk dir `/home/user/antigravity/typpingchallenge/dataconnect`: lstat /home/user/antigravity/typpingchallenge/dataconnect: no such file or directory
 {"metadata":{"emulator":{"name":"dataconnect"},"message":"E0203 13:01:34.312166    4101 watch.go:40] Failed to load config from \"/home/user/antigravity/typpingchallenge/dataconnect\": could not find dataconnect.yaml in `/home/user/antigravity/typpingchallenge/dataconnect`\nE0203 13:01:34.312035    4101 watch.go:116] watchAllDir unable to walk dir `/home/user/antigravity/typpingchallenge/dataconnect`: lstat /home/user/antigravity/typpingchallenge/dataconnect: no such file or directory\n"}}
[debug] [2026-02-03T07:31:44.312Z] E0203 13:01:44.311815    4101 watch.go:40] Failed to load config from "/home/user/antigravity/typpingchallenge/dataconnect": could not find dataconnect.yaml in `/home/user/antigravity/typpingchallenge/dataconnect`
 {"metadata":{"emulator":{"name":"dataconnect"},"message":"E0203 13:01:44.311815    4101 watch.go:40] Failed to load config from \"/home/user/antigravity/typpingchallenge/dataconnect\": could not find dataconnect.yaml in `/home/user/antigravity/typpingchallenge/dataconnect`\n"}}
[debug] [2026-02-03T07:31:54.320Z] E0203 13:01:54.320740    4101 watch.go:40] Failed to load config from "/home/user/antigravity/typpingchallenge/dataconnect": could not find dataconnect.yaml in `/home/user/antigravity/typpingchallenge/dataconnect`
 {"metadata":{"emulator":{"name":"dataconnect"},"message":"E0203 13:01:54.320740    4101 watch.go:40] Failed to load config from \"/home/user/antigravity/typpingchallenge/dataconnect\": could not find dataconnect.yaml in `/home/user/antigravity/typpingchallenge/dataconnect`\n"}}
[debug] [2026-02-03T07:32:04.312Z] E0203 13:02:04.311886    4101 watch.go:40] Failed to load config from "/home/user/antigravity/typpingchallenge/dataconnect": could not find dataconnect.yaml in `/home/user/antigravity/typpingchallenge/dataconnect`
 {"metadata":{"emulator":{"name":"dataconnect"},"message":"E0203 13:02:04.311886    4101 watch.go:40] Failed to load config from \"/home/user/antigravity/typpingchallenge/dataconnect\": could not find dataconnect.yaml in `/home/user/antigravity/typpingchallenge/dataconnect`\n"}}
[debug] [2026-02-03T07:32:14.321Z] E0203 13:02:14.320934    4101 watch.go:40] Failed to load config from "/home/user/antigravity/typpingchallenge/dataconnect": could not find dataconnect.yaml in `/home/user/antigravity/typpingchallenge/dataconnect`
 {"metadata":{"emulator":{"name":"dataconnect"},"message":"E0203 13:02:14.320934    4101 watch.go:40] Failed to load config from \"/home/user/antigravity/typpingchallenge/dataconnect\": could not find dataconnect.yaml in `/home/user/antigravity/typpingchallenge/dataconnect`\n"}}
[debug] [2026-02-03T07:32:24.321Z] E0203 13:02:24.320746    4101 watch.go:40] Failed to load config from "/home/user/antigravity/typpingchallenge/dataconnect": could not find dataconnect.yaml in `/home/user/antigravity/typpingchallenge/dataconnect`
 {"metadata":{"emulator":{"name":"dataconnect"},"message":"E0203 13:02:24.320746    4101 watch.go:40] Failed to load config from \"/home/user/antigravity/typpingchallenge/dataconnect\": could not find dataconnect.yaml in `/home/user/antigravity/typpingchallenge/dataconnect`\n"}}
[debug] [2026-02-03T07:32:34.312Z] E0203 13:02:34.311855    4101 watch.go:116] watchAllDir unable to walk dir `/home/user/antigravity/typpingchallenge/dataconnect`: lstat /home/user/antigravity/typpingchallenge/dataconnect: no such file or directory
E0203 13:02:34.311931    4101 watch.go:40] Failed to load config from "/home/user/antigravity/typpingchallenge/dataconnect": could not find dataconnect.yaml in `/home/user/antigravity/typpingchallenge/dataconnect`
 {"metadata":{"emulator":{"name":"dataconnect"},"message":"E0203 13:02:34.311855    4101 watch.go:116] watchAllDir unable to walk dir `/home/user/antigravity/typpingchallenge/dataconnect`: lstat /home/user/antigravity/typpingchallenge/dataconnect: no such file or directory\nE0203 13:02:34.311931    4101 watch.go:40] Failed to load config from \"/home/user/antigravity/typpingchallenge/dataconnect\": could not find dataconnect.yaml in `/home/user/antigravity/typpingchallenge/dataconnect`\n"}}
[debug] [2026-02-03T07:32:44.320Z] E0203 13:02:44.320699    4101 watch.go:40] Failed to load config from "/home/user/antigravity/typpingchallenge/dataconnect": could not find dataconnect.yaml in `/home/user/antigravity/typpingchallenge/dataconnect`
 {"metadata":{"emulator":{"name":"dataconnect"},"message":"E0203 13:02:44.320699    4101 watch.go:40] Failed to load config from \"/home/user/antigravity/typpingchallenge/dataconnect\": could not find dataconnect.yaml in `/home/user/antigravity/typpingchallenge/dataconnect`\n"}}
[debug] [2026-02-03T07:32:54.313Z] E0203 13:02:54.313120    4101 watch.go:40] Failed to load config from "/home/user/antigravity/typpingchallenge/dataconnect": could not find dataconnect.yaml in `/home/user/antigravity/typpingchallenge/dataconnect`
 {"metadata":{"emulator":{"name":"dataconnect"},"message":"E0203 13:02:54.313120    4101 watch.go:40] Failed to load config from \"/home/user/antigravity/typpingchallenge/dataconnect\": could not find dataconnect.yaml in `/home/user/antigravity/typpingchallenge/dataconnect`\n"}}
[debug] [2026-02-03T07:33:04.312Z] E0203 13:03:04.311958    4101 watch.go:40] Failed to load config from "/home/user/antigravity/typpingchallenge/dataconnect": could not find dataconnect.yaml in `/home/user/antigravity/typpingchallenge/dataconnect`
 {"metadata":{"emulator":{"name":"dataconnect"},"message":"E0203 13:03:04.311958    4101 watch.go:40] Failed to load config from \"/home/user/antigravity/typpingchallenge/dataconnect\": could not find dataconnect.yaml in `/home/user/antigravity/typpingchallenge/dataconnect`\n"}}
[debug] [2026-02-03T07:33:14.321Z] E0203 13:03:14.320789    4101 watch.go:40] Failed to load config from "/home/user/antigravity/typpingchallenge/dataconnect": could not find dataconnect.yaml in `/home/user/antigravity/typpingchallenge/dataconnect`
 {"metadata":{"emulator":{"name":"dataconnect"},"message":"E0203 13:03:14.320789    4101 watch.go:40] Failed to load config from \"/home/user/antigravity/typpingchallenge/dataconnect\": could not find dataconnect.yaml in `/home/user/antigravity/typpingchallenge/dataconnect`\n"}}
[debug] [2026-02-03T07:33:24.321Z] E0203 13:03:24.320781    4101 watch.go:40] Failed to load config from "/home/user/antigravity/typpingchallenge/dataconnect": could not find dataconnect.yaml in `/home/user/antigravity/typpingchallenge/dataconnect`
 {"metadata":{"emulator":{"name":"dataconnect"},"message":"E0203 13:03:24.320781    4101 watch.go:40] Failed to load config from \"/home/user/antigravity/typpingchallenge/dataconnect\": could not find dataconnect.yaml in `/home/user/antigravity/typpingchallenge/dataconnect`\n"}}
[debug] [2026-02-03T07:33:34.312Z] E0203 13:03:34.311920    4101 watch.go:116] watchAllDir unable to walk dir `/home/user/antigravity/typpingchallenge/dataconnect`: lstat /home/user/antigravity/typpingchallenge/dataconnect: no such file or directory
 {"metadata":{"emulator":{"name":"dataconnect"},"message":"E0203 13:03:34.311920    4101 watch.go:116] watchAllDir unable to walk dir `/home/user/antigravity/typpingchallenge/dataconnect`: lstat /home/user/antigravity/typpingchallenge/dataconnect: no such file or directory\n"}}
[debug] [2026-02-03T07:33:34.312Z] E0203 13:03:34.312028    4101 watch.go:40] Failed to load config from "/home/user/antigravity/typpingchallenge/dataconnect": could not find dataconnect.yaml in `/home/user/antigravity/typpingchallenge/dataconnect`
 {"metadata":{"emulator":{"name":"dataconnect"},"message":"E0203 13:03:34.312028    4101 watch.go:40] Failed to load config from \"/home/user/antigravity/typpingchallenge/dataconnect\": could not find dataconnect.yaml in `/home/user/antigravity/typpingchallenge/dataconnect`\n"}}
[debug] [2026-02-03T07:33:44.312Z] E0203 13:03:44.312169    4101 watch.go:40] Failed to load config from "/home/user/antigravity/typpingchallenge/dataconnect": could not find dataconnect.yaml in `/home/user/antigravity/typpingchallenge/dataconnect`
 {"metadata":{"emulator":{"name":"dataconnect"},"message":"E0203 13:03:44.312169    4101 watch.go:40] Failed to load config from \"/home/user/antigravity/typpingchallenge/dataconnect\": could not find dataconnect.yaml in `/home/user/antigravity/typpingchallenge/dataconnect`\n"}}
[debug] [2026-02-03T07:33:54.311Z] E0203 13:03:54.311770    4101 watch.go:40] Failed to load config from "/home/user/antigravity/typpingchallenge/dataconnect": could not find dataconnect.yaml in `/home/user/antigravity/typpingchallenge/dataconnect`
 {"metadata":{"emulator":{"name":"dataconnect"},"message":"E0203 13:03:54.311770    4101 watch.go:40] Failed to load config from \"/home/user/antigravity/typpingchallenge/dataconnect\": could not find dataconnect.yaml in `/home/user/antigravity/typpingchallenge/dataconnect`\n"}}
[debug] [2026-02-03T07:34:04.312Z] E0203 13:04:04.311979    4101 watch.go:40] Failed to load config from "/home/user/antigravity/typpingchallenge/dataconnect": could not find dataconnect.yaml in `/home/user/antigravity/typpingchallenge/dataconnect`
 {"metadata":{"emulator":{"name":"dataconnect"},"message":"E0203 13:04:04.311979    4101 watch.go:40] Failed to load config from \"/home/user/antigravity/typpingchallenge/dataconnect\": could not find dataconnect.yaml in `/home/user/antigravity/typpingchallenge/dataconnect`\n"}}
[debug] [2026-02-03T07:34:14.313Z] E0203 13:04:14.313117    4101 watch.go:40] Failed to load config from "/home/user/antigravity/typpingchallenge/dataconnect": could not find dataconnect.yaml in `/home/user/antigravity/typpingchallenge/dataconnect`
 {"metadata":{"emulator":{"name":"dataconnect"},"message":"E0203 13:04:14.313117    4101 watch.go:40] Failed to load config from \"/home/user/antigravity/typpingchallenge/dataconnect\": could not find dataconnect.yaml in `/home/user/antigravity/typpingchallenge/dataconnect`\n"}}
[debug] [2026-02-03T07:34:24.320Z] E0203 13:04:24.320730    4101 watch.go:40] Failed to load config from "/home/user/antigravity/typpingchallenge/dataconnect": could not find dataconnect.yaml in `/home/user/antigravity/typpingchallenge/dataconnect`
 {"metadata":{"emulator":{"name":"dataconnect"},"message":"E0203 13:04:24.320730    4101 watch.go:40] Failed to load config from \"/home/user/antigravity/typpingchallenge/dataconnect\": could not find dataconnect.yaml in `/home/user/antigravity/typpingchallenge/dataconnect`\n"}}
[debug] [2026-02-03T07:34:34.311Z] E0203 13:04:34.311805    4101 watch.go:116] watchAllDir unable to walk dir `/home/user/antigravity/typpingchallenge/dataconnect`: lstat /home/user/antigravity/typpingchallenge/dataconnect: no such file or directory
E0203 13:04:34.311836    4101 watch.go:40] Failed to load config from "/home/user/antigravity/typpingchallenge/dataconnect": could not find dataconnect.yaml in `/home/user/antigravity/typpingchallenge/dataconnect`
 {"metadata":{"emulator":{"name":"dataconnect"},"message":"E0203 13:04:34.311805    4101 watch.go:116] watchAllDir unable to walk dir `/home/user/antigravity/typpingchallenge/dataconnect`: lstat /home/user/antigravity/typpingchallenge/dataconnect: no such file or directory\nE0203 13:04:34.311836    4101 watch.go:40] Failed to load config from \"/home/user/antigravity/typpingchallenge/dataconnect\": could not find dataconnect.yaml in `/home/user/antigravity/typpingchallenge/dataconnect`\n"}}
[debug] [2026-02-03T07:34:44.321Z] E0203 13:04:44.321036    4101 watch.go:40] Failed to load config from "/home/user/antigravity/typpingchallenge/dataconnect": could not find dataconnect.yaml in `/home/user/antigravity/typpingchallenge/dataconnect`
 {"metadata":{"emulator":{"name":"dataconnect"},"message":"E0203 13:04:44.321036    4101 watch.go:40] Failed to load config from \"/home/user/antigravity/typpingchallenge/dataconnect\": could not find dataconnect.yaml in `/home/user/antigravity/typpingchallenge/dataconnect`\n"}}
[debug] [2026-02-03T07:34:54.320Z] E0203 13:04:54.320709    4101 watch.go:40] Failed to load config from "/home/user/antigravity/typpingchallenge/dataconnect": could not find dataconnect.yaml in `/home/user/antigravity/typpingchallenge/dataconnect`
 {"metadata":{"emulator":{"name":"dataconnect"},"message":"E0203 13:04:54.320709    4101 watch.go:40] Failed to load config from \"/home/user/antigravity/typpingchallenge/dataconnect\": could not find dataconnect.yaml in `/home/user/antigravity/typpingchallenge/dataconnect`\n"}}
[debug] [2026-02-03T07:35:04.312Z] E0203 13:05:04.311907    4101 watch.go:40] Failed to load config from "/home/user/antigravity/typpingchallenge/dataconnect": could not find dataconnect.yaml in `/home/user/antigravity/typpingchallenge/dataconnect`
 {"metadata":{"emulator":{"name":"dataconnect"},"message":"E0203 13:05:04.311907    4101 watch.go:40] Failed to load config from \"/home/user/antigravity/typpingchallenge/dataconnect\": could not find dataconnect.yaml in `/home/user/antigravity/typpingchallenge/dataconnect`\n"}}
[debug] [2026-02-03T07:35:14.321Z] E0203 13:05:14.320948    4101 watch.go:40] Failed to load config from "/home/user/antigravity/typpingchallenge/dataconnect": could not find dataconnect.yaml in `/home/user/antigravity/typpingchallenge/dataconnect`
 {"metadata":{"emulator":{"name":"dataconnect"},"message":"E0203 13:05:14.320948    4101 watch.go:40] Failed to load config from \"/home/user/antigravity/typpingchallenge/dataconnect\": could not find dataconnect.yaml in `/home/user/antigravity/typpingchallenge/dataconnect`\n"}}
[debug] [2026-02-03T07:35:24.320Z] E0203 13:05:24.320707    4101 watch.go:40] Failed to load config from "/home/user/antigravity/typpingchallenge/dataconnect": could not find dataconnect.yaml in `/home/user/antigravity/typpingchallenge/dataconnect`
 {"metadata":{"emulator":{"name":"dataconnect"},"message":"E0203 13:05:24.320707    4101 watch.go:40] Failed to load config from \"/home/user/antigravity/typpingchallenge/dataconnect\": could not find dataconnect.yaml in `/home/user/antigravity/typpingchallenge/dataconnect`\n"}}
[debug] [2026-02-03T07:35:34.311Z] E0203 13:05:34.311813    4101 watch.go:116] watchAllDir unable to walk dir `/home/user/antigravity/typpingchallenge/dataconnect`: lstat /home/user/antigravity/typpingchallenge/dataconnect: no such file or directory
E0203 13:05:34.311846    4101 watch.go:40] Failed to load config from "/home/user/antigravity/typpingchallenge/dataconnect": could not find dataconnect.yaml in `/home/user/antigravity/typpingchallenge/dataconnect`
 {"metadata":{"emulator":{"name":"dataconnect"},"message":"E0203 13:05:34.311813    4101 watch.go:116] watchAllDir unable to walk dir `/home/user/antigravity/typpingchallenge/dataconnect`: lstat /home/user/antigravity/typpingchallenge/dataconnect: no such file or directory\nE0203 13:05:34.311846    4101 watch.go:40] Failed to load config from \"/home/user/antigravity/typpingchallenge/dataconnect\": could not find dataconnect.yaml in `/home/user/antigravity/typpingchallenge/dataconnect`\n"}}
[debug] [2026-02-03T07:35:44.311Z] E0203 13:05:44.311725    4101 watch.go:40] Failed to load config from "/home/user/antigravity/typpingchallenge/dataconnect": could not find dataconnect.yaml in `/home/user/antigravity/typpingchallenge/dataconnect`
 {"metadata":{"emulator":{"name":"dataconnect"},"message":"E0203 13:05:44.311725    4101 watch.go:40] Failed to load config from \"/home/user/antigravity/typpingchallenge/dataconnect\": could not find dataconnect.yaml in `/home/user/antigravity/typpingchallenge/dataconnect`\n"}}
[debug] [2026-02-03T07:35:54.312Z] E0203 13:05:54.311969    4101 watch.go:40] Failed to load config from "/home/user/antigravity/typpingchallenge/dataconnect": could not find dataconnect.yaml in `/home/user/antigravity/typpingchallenge/dataconnect`
 {"metadata":{"emulator":{"name":"dataconnect"},"message":"E0203 13:05:54.311969    4101 watch.go:40] Failed to load config from \"/home/user/antigravity/typpingchallenge/dataconnect\": could not find dataconnect.yaml in `/home/user/antigravity/typpingchallenge/dataconnect`\n"}}
[debug] [2026-02-03T07:36:04.311Z] E0203 13:06:04.311819    4101 watch.go:40] Failed to load config from "/home/user/antigravity/typpingchallenge/dataconnect": could not find dataconnect.yaml in `/home/user/antigravity/typpingchallenge/dataconnect`
 {"metadata":{"emulator":{"name":"dataconnect"},"message":"E0203 13:06:04.311819    4101 watch.go:40] Failed to load config from \"/home/user/antigravity/typpingchallenge/dataconnect\": could not find dataconnect.yaml in `/home/user/antigravity/typpingchallenge/dataconnect`\n"}}
[debug] [2026-02-03T07:36:14.320Z] E0203 13:06:14.320750    4101 watch.go:40] Failed to load config from "/home/user/antigravity/typpingchallenge/dataconnect": could not find dataconnect.yaml in `/home/user/antigravity/typpingchallenge/dataconnect`
 {"metadata":{"emulator":{"name":"dataconnect"},"message":"E0203 13:06:14.320750    4101 watch.go:40] Failed to load config from \"/home/user/antigravity/typpingchallenge/dataconnect\": could not find dataconnect.yaml in `/home/user/antigravity/typpingchallenge/dataconnect`\n"}}
[debug] [2026-02-03T07:36:24.321Z] E0203 13:06:24.320767    4101 watch.go:40] Failed to load config from "/home/user/antigravity/typpingchallenge/dataconnect": could not find dataconnect.yaml in `/home/user/antigravity/typpingchallenge/dataconnect`
 {"metadata":{"emulator":{"name":"dataconnect"},"message":"E0203 13:06:24.320767    4101 watch.go:40] Failed to load config from \"/home/user/antigravity/typpingchallenge/dataconnect\": could not find dataconnect.yaml in `/home/user/antigravity/typpingchallenge/dataconnect`\n"}}
[debug] [2026-02-03T07:36:34.312Z] E0203 13:06:34.311855    4101 watch.go:116] watchAllDir unable to walk dir `/home/user/antigravity/typpingchallenge/dataconnect`: lstat /home/user/antigravity/typpingchallenge/dataconnect: no such file or directory
E0203 13:06:34.311925    4101 watch.go:40] Failed to load config from "/home/user/antigravity/typpingchallenge/dataconnect": could not find dataconnect.yaml in `/home/user/antigravity/typpingchallenge/dataconnect`
 {"metadata":{"emulator":{"name":"dataconnect"},"message":"E0203 13:06:34.311855    4101 watch.go:116] watchAllDir unable to walk dir `/home/user/antigravity/typpingchallenge/dataconnect`: lstat /home/user/antigravity/typpingchallenge/dataconnect: no such file or directory\nE0203 13:06:34.311925    4101 watch.go:40] Failed to load config from \"/home/user/antigravity/typpingchallenge/dataconnect\": could not find dataconnect.yaml in `/home/user/antigravity/typpingchallenge/dataconnect`\n"}}
[debug] [2026-02-03T07:36:44.314Z] E0203 13:06:44.313934    4101 watch.go:40] Failed to load config from "/home/user/antigravity/typpingchallenge/dataconnect": could not find dataconnect.yaml in `/home/user/antigravity/typpingchallenge/dataconnect`
 {"metadata":{"emulator":{"name":"dataconnect"},"message":"E0203 13:06:44.313934    4101 watch.go:40] Failed to load config from \"/home/user/antigravity/typpingchallenge/dataconnect\": could not find dataconnect.yaml in `/home/user/antigravity/typpingchallenge/dataconnect`\n"}}
[debug] [2026-02-03T07:36:54.321Z] E0203 13:06:54.321095    4101 watch.go:40] Failed to load config from "/home/user/antigravity/typpingchallenge/dataconnect": could not find dataconnect.yaml in `/home/user/antigravity/typpingchallenge/dataconnect`
 {"metadata":{"emulator":{"name":"dataconnect"},"message":"E0203 13:06:54.321095    4101 watch.go:40] Failed to load config from \"/home/user/antigravity/typpingchallenge/dataconnect\": could not find dataconnect.yaml in `/home/user/antigravity/typpingchallenge/dataconnect`\n"}}
[debug] [2026-02-03T07:37:04.312Z] E0203 13:07:04.311900    4101 watch.go:40] Failed to load config from "/home/user/antigravity/typpingchallenge/dataconnect": could not find dataconnect.yaml in `/home/user/antigravity/typpingchallenge/dataconnect`
 {"metadata":{"emulator":{"name":"dataconnect"},"message":"E0203 13:07:04.311900    4101 watch.go:40] Failed to load config from \"/home/user/antigravity/typpingchallenge/dataconnect\": could not find dataconnect.yaml in `/home/user/antigravity/typpingchallenge/dataconnect`\n"}}
[debug] [2026-02-03T07:37:14.320Z] E0203 13:07:14.320725    4101 watch.go:40] Failed to load config from "/home/user/antigravity/typpingchallenge/dataconnect": could not find dataconnect.yaml in `/home/user/antigravity/typpingchallenge/dataconnect`
 {"metadata":{"emulator":{"name":"dataconnect"},"message":"E0203 13:07:14.320725    4101 watch.go:40] Failed to load config from \"/home/user/antigravity/typpingchallenge/dataconnect\": could not find dataconnect.yaml in `/home/user/antigravity/typpingchallenge/dataconnect`\n"}}
[debug] [2026-02-03T07:37:24.320Z] E0203 13:07:24.320771    4101 watch.go:40] Failed to load config from "/home/user/antigravity/typpingchallenge/dataconnect": could not find dataconnect.yaml in `/home/user/antigravity/typpingchallenge/dataconnect`
 {"metadata":{"emulator":{"name":"dataconnect"},"message":"E0203 13:07:24.320771    4101 watch.go:40] Failed to load config from \"/home/user/antigravity/typpingchallenge/dataconnect\": could not find dataconnect.yaml in `/home/user/antigravity/typpingchallenge/dataconnect`\n"}}
[debug] [2026-02-03T07:37:34.311Z] E0203 13:07:34.311623    4101 watch.go:116] watchAllDir unable to walk dir `/home/user/antigravity/typpingchallenge/dataconnect`: lstat /home/user/antigravity/typpingchallenge/dataconnect: no such file or directory
E0203 13:07:34.311668    4101 watch.go:40] Failed to load config from "/home/user/antigravity/typpingchallenge/dataconnect": could not find dataconnect.yaml in `/home/user/antigravity/typpingchallenge/dataconnect`
 {"metadata":{"emulator":{"name":"dataconnect"},"message":"E0203 13:07:34.311623    4101 watch.go:116] watchAllDir unable to walk dir `/home/user/antigravity/typpingchallenge/dataconnect`: lstat /home/user/antigravity/typpingchallenge/dataconnect: no such file or directory\nE0203 13:07:34.311668    4101 watch.go:40] Failed to load config from \"/home/user/antigravity/typpingchallenge/dataconnect\": could not find dataconnect.yaml in `/home/user/antigravity/typpingchallenge/dataconnect`\n"}}
[debug] [2026-02-03T07:37:44.320Z] E0203 13:07:44.320770    4101 watch.go:40] Failed to load config from "/home/user/antigravity/typpingchallenge/dataconnect": could not find dataconnect.yaml in `/home/user/antigravity/typpingchallenge/dataconnect`
 {"metadata":{"emulator":{"name":"dataconnect"},"message":"E0203 13:07:44.320770    4101 watch.go:40] Failed to load config from \"/home/user/antigravity/typpingchallenge/dataconnect\": could not find dataconnect.yaml in `/home/user/antigravity/typpingchallenge/dataconnect`\n"}}
[debug] [2026-02-03T07:37:54.321Z] E0203 13:07:54.320823    4101 watch.go:40] Failed to load config from "/home/user/antigravity/typpingchallenge/dataconnect": could not find dataconnect.yaml in `/home/user/antigravity/typpingchallenge/dataconnect`
 {"metadata":{"emulator":{"name":"dataconnect"},"message":"E0203 13:07:54.320823    4101 watch.go:40] Failed to load config from \"/home/user/antigravity/typpingchallenge/dataconnect\": could not find dataconnect.yaml in `/home/user/antigravity/typpingchallenge/dataconnect`\n"}}
[debug] [2026-02-03T07:38:04.311Z] E0203 13:08:04.311744    4101 watch.go:40] Failed to load config from "/home/user/antigravity/typpingchallenge/dataconnect": could not find dataconnect.yaml in `/home/user/antigravity/typpingchallenge/dataconnect`
 {"metadata":{"emulator":{"name":"dataconnect"},"message":"E0203 13:08:04.311744    4101 watch.go:40] Failed to load config from \"/home/user/antigravity/typpingchallenge/dataconnect\": could not find dataconnect.yaml in `/home/user/antigravity/typpingchallenge/dataconnect`\n"}}
[debug] [2026-02-03T07:38:14.318Z] E0203 13:08:14.317890    4101 watch.go:40] Failed to load config from "/home/user/antigravity/typpingchallenge/dataconnect": could not find dataconnect.yaml in `/home/user/antigravity/typpingchallenge/dataconnect`
 {"metadata":{"emulator":{"name":"dataconnect"},"message":"E0203 13:08:14.317890    4101 watch.go:40] Failed to load config from \"/home/user/antigravity/typpingchallenge/dataconnect\": could not find dataconnect.yaml in `/home/user/antigravity/typpingchallenge/dataconnect`\n"}}
[debug] [2026-02-03T07:38:24.320Z] E0203 13:08:24.320753    4101 watch.go:40] Failed to load config from "/home/user/antigravity/typpingchallenge/dataconnect": could not find dataconnect.yaml in `/home/user/antigravity/typpingchallenge/dataconnect`
 {"metadata":{"emulator":{"name":"dataconnect"},"message":"E0203 13:08:24.320753    4101 watch.go:40] Failed to load config from \"/home/user/antigravity/typpingchallenge/dataconnect\": could not find dataconnect.yaml in `/home/user/antigravity/typpingchallenge/dataconnect`\n"}}
[debug] [2026-02-03T07:38:34.312Z] E0203 13:08:34.311988    4101 watch.go:116] watchAllDir unable to walk dir `/home/user/antigravity/typpingchallenge/dataconnect`: lstat /home/user/antigravity/typpingchallenge/dataconnect: no such file or directory
E0203 13:08:34.312053    4101 watch.go:40] Failed to load config from "/home/user/antigravity/typpingchallenge/dataconnect": could not find dataconnect.yaml in `/home/user/antigravity/typpingchallenge/dataconnect`
 {"metadata":{"emulator":{"name":"dataconnect"},"message":"E0203 13:08:34.311988    4101 watch.go:116] watchAllDir unable to walk dir `/home/user/antigravity/typpingchallenge/dataconnect`: lstat /home/user/antigravity/typpingchallenge/dataconnect: no such file or directory\nE0203 13:08:34.312053    4101 watch.go:40] Failed to load config from \"/home/user/antigravity/typpingchallenge/dataconnect\": could not find dataconnect.yaml in `/home/user/antigravity/typpingchallenge/dataconnect`\n"}}
[debug] [2026-02-03T07:38:44.321Z] E0203 13:08:44.321047    4101 watch.go:40] Failed to load config from "/home/user/antigravity/typpingchallenge/dataconnect": could not find dataconnect.yaml in `/home/user/antigravity/typpingchallenge/dataconnect`
 {"metadata":{"emulator":{"name":"dataconnect"},"message":"E0203 13:08:44.321047    4101 watch.go:40] Failed to load config from \"/home/user/antigravity/typpingchallenge/dataconnect\": could not find dataconnect.yaml in `/home/user/antigravity/typpingchallenge/dataconnect`\n"}}
[debug] [2026-02-03T07:38:54.321Z] E0203 13:08:54.321059    4101 watch.go:40] Failed to load config from "/home/user/antigravity/typpingchallenge/dataconnect": could not find dataconnect.yaml in `/home/user/antigravity/typpingchallenge/dataconnect`
 {"metadata":{"emulator":{"name":"dataconnect"},"message":"E0203 13:08:54.321059    4101 watch.go:40] Failed to load config from \"/home/user/antigravity/typpingchallenge/dataconnect\": could not find dataconnect.yaml in `/home/user/antigravity/typpingchallenge/dataconnect`\n"}}
[debug] [2026-02-03T07:39:04.312Z] E0203 13:09:04.311953    4101 watch.go:40] Failed to load config from "/home/user/antigravity/typpingchallenge/dataconnect": could not find dataconnect.yaml in `/home/user/antigravity/typpingchallenge/dataconnect`
 {"metadata":{"emulator":{"name":"dataconnect"},"message":"E0203 13:09:04.311953    4101 watch.go:40] Failed to load config from \"/home/user/antigravity/typpingchallenge/dataconnect\": could not find dataconnect.yaml in `/home/user/antigravity/typpingchallenge/dataconnect`\n"}}
[debug] [2026-02-03T07:39:14.327Z] E0203 13:09:14.322828    4101 watch.go:40] Failed to load config from "/home/user/antigravity/typpingchallenge/dataconnect": could not find dataconnect.yaml in `/home/user/antigravity/typpingchallenge/dataconnect`
 {"metadata":{"emulator":{"name":"dataconnect"},"message":"E0203 13:09:14.322828    4101 watch.go:40] Failed to load config from \"/home/user/antigravity/typpingchallenge/dataconnect\": could not find dataconnect.yaml in `/home/user/antigravity/typpingchallenge/dataconnect`\n"}}
[debug] [2026-02-03T07:39:24.321Z] E0203 13:09:24.320867    4101 watch.go:40] Failed to load config from "/home/user/antigravity/typpingchallenge/dataconnect": could not find dataconnect.yaml in `/home/user/antigravity/typpingchallenge/dataconnect`
 {"metadata":{"emulator":{"name":"dataconnect"},"message":"E0203 13:09:24.320867    4101 watch.go:40] Failed to load config from \"/home/user/antigravity/typpingchallenge/dataconnect\": could not find dataconnect.yaml in `/home/user/antigravity/typpingchallenge/dataconnect`\n"}}
[debug] [2026-02-03T07:39:34.312Z] E0203 13:09:34.311886    4101 watch.go:116] watchAllDir unable to walk dir `/home/user/antigravity/typpingchallenge/dataconnect`: lstat /home/user/antigravity/typpingchallenge/dataconnect: no such file or directory
E0203 13:09:34.311982    4101 watch.go:40] Failed to load config from "/home/user/antigravity/typpingchallenge/dataconnect": could not find dataconnect.yaml in `/home/user/antigravity/typpingchallenge/dataconnect`
 {"metadata":{"emulator":{"name":"dataconnect"},"message":"E0203 13:09:34.311886    4101 watch.go:116] watchAllDir unable to walk dir `/home/user/antigravity/typpingchallenge/dataconnect`: lstat /home/user/antigravity/typpingchallenge/dataconnect: no such file or directory\nE0203 13:09:34.311982    4101 watch.go:40] Failed to load config from \"/home/user/antigravity/typpingchallenge/dataconnect\": could not find dataconnect.yaml in `/home/user/antigravity/typpingchallenge/dataconnect`\n"}}
[debug] [2026-02-03T07:39:44.322Z] E0203 13:09:44.320863    4101 watch.go:40] Failed to load config from "/home/user/antigravity/typpingchallenge/dataconnect": could not find dataconnect.yaml in `/home/user/antigravity/typpingchallenge/dataconnect`
 {"metadata":{"emulator":{"name":"dataconnect"},"message":"E0203 13:09:44.320863    4101 watch.go:40] Failed to load config from \"/home/user/antigravity/typpingchallenge/dataconnect\": could not find dataconnect.yaml in `/home/user/antigravity/typpingchallenge/dataconnect`\n"}}
[debug] [2026-02-03T07:39:54.320Z] E0203 13:09:54.320745    4101 watch.go:40] Failed to load config from "/home/user/antigravity/typpingchallenge/dataconnect": could not find dataconnect.yaml in `/home/user/antigravity/typpingchallenge/dataconnect`
 {"metadata":{"emulator":{"name":"dataconnect"},"message":"E0203 13:09:54.320745    4101 watch.go:40] Failed to load config from \"/home/user/antigravity/typpingchallenge/dataconnect\": could not find dataconnect.yaml in `/home/user/antigravity/typpingchallenge/dataconnect`\n"}}
[debug] [2026-02-03T07:40:04.313Z] E0203 13:10:04.312684    4101 watch.go:40] Failed to load config from "/home/user/antigravity/typpingchallenge/dataconnect": could not find dataconnect.yaml in `/home/user/antigravity/typpingchallenge/dataconnect`
 {"metadata":{"emulator":{"name":"dataconnect"},"message":"E0203 13:10:04.312684    4101 watch.go:40] Failed to load config from \"/home/user/antigravity/typpingchallenge/dataconnect\": could not find dataconnect.yaml in `/home/user/antigravity/typpingchallenge/dataconnect`\n"}}
[debug] [2026-02-03T07:40:14.312Z] E0203 13:10:14.311759    4101 watch.go:40] Failed to load config from "/home/user/antigravity/typpingchallenge/dataconnect": could not find dataconnect.yaml in `/home/user/antigravity/typpingchallenge/dataconnect`
 {"metadata":{"emulator":{"name":"dataconnect"},"message":"E0203 13:10:14.311759    4101 watch.go:40] Failed to load config from \"/home/user/antigravity/typpingchallenge/dataconnect\": could not find dataconnect.yaml in `/home/user/antigravity/typpingchallenge/dataconnect`\n"}}
[debug] [2026-02-03T07:40:24.321Z] E0203 13:10:24.320765    4101 watch.go:40] Failed to load config from "/home/user/antigravity/typpingchallenge/dataconnect": could not find dataconnect.yaml in `/home/user/antigravity/typpingchallenge/dataconnect`
 {"metadata":{"emulator":{"name":"dataconnect"},"message":"E0203 13:10:24.320765    4101 watch.go:40] Failed to load config from \"/home/user/antigravity/typpingchallenge/dataconnect\": could not find dataconnect.yaml in `/home/user/antigravity/typpingchallenge/dataconnect`\n"}}
[debug] [2026-02-03T07:40:34.312Z] E0203 13:10:34.311961    4101 watch.go:116] watchAllDir unable to walk dir `/home/user/antigravity/typpingchallenge/dataconnect`: lstat /home/user/antigravity/typpingchallenge/dataconnect: no such file or directory
 {"metadata":{"emulator":{"name":"dataconnect"},"message":"E0203 13:10:34.311961    4101 watch.go:116] watchAllDir unable to walk dir `/home/user/antigravity/typpingchallenge/dataconnect`: lstat /home/user/antigravity/typpingchallenge/dataconnect: no such file or directory\n"}}
[debug] [2026-02-03T07:40:34.313Z] E0203 13:10:34.312772    4101 watch.go:40] Failed to load config from "/home/user/antigravity/typpingchallenge/dataconnect": could not find dataconnect.yaml in `/home/user/antigravity/typpingchallenge/dataconnect`
 {"metadata":{"emulator":{"name":"dataconnect"},"message":"E0203 13:10:34.312772    4101 watch.go:40] Failed to load config from \"/home/user/antigravity/typpingchallenge/dataconnect\": could not find dataconnect.yaml in `/home/user/antigravity/typpingchallenge/dataconnect`\n"}}
[debug] [2026-02-03T07:40:44.320Z] E0203 13:10:44.320701    4101 watch.go:40] Failed to load config from "/home/user/antigravity/typpingchallenge/dataconnect": could not find dataconnect.yaml in `/home/user/antigravity/typpingchallenge/dataconnect`
 {"metadata":{"emulator":{"name":"dataconnect"},"message":"E0203 13:10:44.320701    4101 watch.go:40] Failed to load config from \"/home/user/antigravity/typpingchallenge/dataconnect\": could not find dataconnect.yaml in `/home/user/antigravity/typpingchallenge/dataconnect`\n"}}
[debug] [2026-02-03T07:40:54.321Z] E0203 13:10:54.321045    4101 watch.go:40] Failed to load config from "/home/user/antigravity/typpingchallenge/dataconnect": could not find dataconnect.yaml in `/home/user/antigravity/typpingchallenge/dataconnect`
 {"metadata":{"emulator":{"name":"dataconnect"},"message":"E0203 13:10:54.321045    4101 watch.go:40] Failed to load config from \"/home/user/antigravity/typpingchallenge/dataconnect\": could not find dataconnect.yaml in `/home/user/antigravity/typpingchallenge/dataconnect`\n"}}
[debug] [2026-02-03T07:41:04.312Z] E0203 13:11:04.312066    4101 watch.go:40] Failed to load config from "/home/user/antigravity/typpingchallenge/dataconnect": could not find dataconnect.yaml in `/home/user/antigravity/typpingchallenge/dataconnect`
 {"metadata":{"emulator":{"name":"dataconnect"},"message":"E0203 13:11:04.312066    4101 watch.go:40] Failed to load config from \"/home/user/antigravity/typpingchallenge/dataconnect\": could not find dataconnect.yaml in `/home/user/antigravity/typpingchallenge/dataconnect`\n"}}
[debug] [2026-02-03T07:41:14.320Z] E0203 13:11:14.320732    4101 watch.go:40] Failed to load config from "/home/user/antigravity/typpingchallenge/dataconnect": could not find dataconnect.yaml in `/home/user/antigravity/typpingchallenge/dataconnect`
 {"metadata":{"emulator":{"name":"dataconnect"},"message":"E0203 13:11:14.320732    4101 watch.go:40] Failed to load config from \"/home/user/antigravity/typpingchallenge/dataconnect\": could not find dataconnect.yaml in `/home/user/antigravity/typpingchallenge/dataconnect`\n"}}
[debug] [2026-02-03T07:41:24.320Z] E0203 13:11:24.320724    4101 watch.go:40] Failed to load config from "/home/user/antigravity/typpingchallenge/dataconnect": could not find dataconnect.yaml in `/home/user/antigravity/typpingchallenge/dataconnect`
 {"metadata":{"emulator":{"name":"dataconnect"},"message":"E0203 13:11:24.320724    4101 watch.go:40] Failed to load config from \"/home/user/antigravity/typpingchallenge/dataconnect\": could not find dataconnect.yaml in `/home/user/antigravity/typpingchallenge/dataconnect`\n"}}
[debug] [2026-02-03T07:41:34.312Z] E0203 13:11:34.311827    4101 watch.go:116] watchAllDir unable to walk dir `/home/user/antigravity/typpingchallenge/dataconnect`: lstat /home/user/antigravity/typpingchallenge/dataconnect: no such file or directory
E0203 13:11:34.311892    4101 watch.go:40] Failed to load config from "/home/user/antigravity/typpingchallenge/dataconnect": could not find dataconnect.yaml in `/home/user/antigravity/typpingchallenge/dataconnect`
 {"metadata":{"emulator":{"name":"dataconnect"},"message":"E0203 13:11:34.311827    4101 watch.go:116] watchAllDir unable to walk dir `/home/user/antigravity/typpingchallenge/dataconnect`: lstat /home/user/antigravity/typpingchallenge/dataconnect: no such file or directory\nE0203 13:11:34.311892    4101 watch.go:40] Failed to load config from \"/home/user/antigravity/typpingchallenge/dataconnect\": could not find dataconnect.yaml in `/home/user/antigravity/typpingchallenge/dataconnect`\n"}}
[debug] [2026-02-03T07:41:44.320Z] E0203 13:11:44.320737    4101 watch.go:40] Failed to load config from "/home/user/antigravity/typpingchallenge/dataconnect": could not find dataconnect.yaml in `/home/user/antigravity/typpingchallenge/dataconnect`
 {"metadata":{"emulator":{"name":"dataconnect"},"message":"E0203 13:11:44.320737    4101 watch.go:40] Failed to load config from \"/home/user/antigravity/typpingchallenge/dataconnect\": could not find dataconnect.yaml in `/home/user/antigravity/typpingchallenge/dataconnect`\n"}}
[debug] [2026-02-03T07:41:54.321Z] E0203 13:11:54.320829    4101 watch.go:40] Failed to load config from "/home/user/antigravity/typpingchallenge/dataconnect": could not find dataconnect.yaml in `/home/user/antigravity/typpingchallenge/dataconnect`
 {"metadata":{"emulator":{"name":"dataconnect"},"message":"E0203 13:11:54.320829    4101 watch.go:40] Failed to load config from \"/home/user/antigravity/typpingchallenge/dataconnect\": could not find dataconnect.yaml in `/home/user/antigravity/typpingchallenge/dataconnect`\n"}}
[debug] [2026-02-03T07:42:04.312Z] E0203 13:12:04.311991    4101 watch.go:40] Failed to load config from "/home/user/antigravity/typpingchallenge/dataconnect": could not find dataconnect.yaml in `/home/user/antigravity/typpingchallenge/dataconnect`
 {"metadata":{"emulator":{"name":"dataconnect"},"message":"E0203 13:12:04.311991    4101 watch.go:40] Failed to load config from \"/home/user/antigravity/typpingchallenge/dataconnect\": could not find dataconnect.yaml in `/home/user/antigravity/typpingchallenge/dataconnect`\n"}}
[debug] [2026-02-03T07:42:14.312Z] E0203 13:12:14.312034    4101 watch.go:40] Failed to load config from "/home/user/antigravity/typpingchallenge/dataconnect": could not find dataconnect.yaml in `/home/user/antigravity/typpingchallenge/dataconnect`
 {"metadata":{"emulator":{"name":"dataconnect"},"message":"E0203 13:12:14.312034    4101 watch.go:40] Failed to load config from \"/home/user/antigravity/typpingchallenge/dataconnect\": could not find dataconnect.yaml in `/home/user/antigravity/typpingchallenge/dataconnect`\n"}}
[debug] [2026-02-03T07:42:24.312Z] E0203 13:12:24.311739    4101 watch.go:40] Failed to load config from "/home/user/antigravity/typpingchallenge/dataconnect": could not find dataconnect.yaml in `/home/user/antigravity/typpingchallenge/dataconnect`
 {"metadata":{"emulator":{"name":"dataconnect"},"message":"E0203 13:12:24.311739    4101 watch.go:40] Failed to load config from \"/home/user/antigravity/typpingchallenge/dataconnect\": could not find dataconnect.yaml in `/home/user/antigravity/typpingchallenge/dataconnect`\n"}}
[debug] [2026-02-03T07:42:34.311Z] E0203 13:12:34.311821    4101 watch.go:116] watchAllDir unable to walk dir `/home/user/antigravity/typpingchallenge/dataconnect`: lstat /home/user/antigravity/typpingchallenge/dataconnect: no such file or directory
E0203 13:12:34.311876    4101 watch.go:40] Failed to load config from "/home/user/antigravity/typpingchallenge/dataconnect": could not find dataconnect.yaml in `/home/user/antigravity/typpingchallenge/dataconnect`
 {"metadata":{"emulator":{"name":"dataconnect"},"message":"E0203 13:12:34.311821    4101 watch.go:116] watchAllDir unable to walk dir `/home/user/antigravity/typpingchallenge/dataconnect`: lstat /home/user/antigravity/typpingchallenge/dataconnect: no such file or directory\nE0203 13:12:34.311876    4101 watch.go:40] Failed to load config from \"/home/user/antigravity/typpingchallenge/dataconnect\": could not find dataconnect.yaml in `/home/user/antigravity/typpingchallenge/dataconnect`\n"}}
[debug] [2026-02-03T07:42:44.320Z] E0203 13:12:44.320682    4101 watch.go:40] Failed to load config from "/home/user/antigravity/typpingchallenge/dataconnect": could not find dataconnect.yaml in `/home/user/antigravity/typpingchallenge/dataconnect`
 {"metadata":{"emulator":{"name":"dataconnect"},"message":"E0203 13:12:44.320682    4101 watch.go:40] Failed to load config from \"/home/user/antigravity/typpingchallenge/dataconnect\": could not find dataconnect.yaml in `/home/user/antigravity/typpingchallenge/dataconnect`\n"}}
[debug] [2026-02-03T07:42:54.320Z] E0203 13:12:54.320718    4101 watch.go:40] Failed to load config from "/home/user/antigravity/typpingchallenge/dataconnect": could not find dataconnect.yaml in `/home/user/antigravity/typpingchallenge/dataconnect`
 {"metadata":{"emulator":{"name":"dataconnect"},"message":"E0203 13:12:54.320718    4101 watch.go:40] Failed to load config from \"/home/user/antigravity/typpingchallenge/dataconnect\": could not find dataconnect.yaml in `/home/user/antigravity/typpingchallenge/dataconnect`\n"}}
[debug] [2026-02-03T07:43:04.311Z] E0203 13:13:04.311856    4101 watch.go:40] Failed to load config from "/home/user/antigravity/typpingchallenge/dataconnect": could not find dataconnect.yaml in `/home/user/antigravity/typpingchallenge/dataconnect`
 {"metadata":{"emulator":{"name":"dataconnect"},"message":"E0203 13:13:04.311856    4101 watch.go:40] Failed to load config from \"/home/user/antigravity/typpingchallenge/dataconnect\": could not find dataconnect.yaml in `/home/user/antigravity/typpingchallenge/dataconnect`\n"}}
[debug] [2026-02-03T07:43:14.320Z] E0203 13:13:14.320711    4101 watch.go:40] Failed to load config from "/home/user/antigravity/typpingchallenge/dataconnect": could not find dataconnect.yaml in `/home/user/antigravity/typpingchallenge/dataconnect`
 {"metadata":{"emulator":{"name":"dataconnect"},"message":"E0203 13:13:14.320711    4101 watch.go:40] Failed to load config from \"/home/user/antigravity/typpingchallenge/dataconnect\": could not find dataconnect.yaml in `/home/user/antigravity/typpingchallenge/dataconnect`\n"}}
[debug] [2026-02-03T07:43:24.320Z] E0203 13:13:24.320707    4101 watch.go:40] Failed to load config from "/home/user/antigravity/typpingchallenge/dataconnect": could not find dataconnect.yaml in `/home/user/antigravity/typpingchallenge/dataconnect`
 {"metadata":{"emulator":{"name":"dataconnect"},"message":"E0203 13:13:24.320707    4101 watch.go:40] Failed to load config from \"/home/user/antigravity/typpingchallenge/dataconnect\": could not find dataconnect.yaml in `/home/user/antigravity/typpingchallenge/dataconnect`\n"}}
[debug] [2026-02-03T07:43:34.312Z] E0203 13:13:34.312603    4101 watch.go:116] watchAllDir unable to walk dir `/home/user/antigravity/typpingchallenge/dataconnect`: lstat /home/user/antigravity/typpingchallenge/dataconnect: no such file or directory
E0203 13:13:34.312643    4101 watch.go:40] Failed to load config from "/home/user/antigravity/typpingchallenge/dataconnect": could not find dataconnect.yaml in `/home/user/antigravity/typpingchallenge/dataconnect`
 {"metadata":{"emulator":{"name":"dataconnect"},"message":"E0203 13:13:34.312603    4101 watch.go:116] watchAllDir unable to walk dir `/home/user/antigravity/typpingchallenge/dataconnect`: lstat /home/user/antigravity/typpingchallenge/dataconnect: no such file or directory\nE0203 13:13:34.312643    4101 watch.go:40] Failed to load config from \"/home/user/antigravity/typpingchallenge/dataconnect\": could not find dataconnect.yaml in `/home/user/antigravity/typpingchallenge/dataconnect`\n"}}
[debug] [2026-02-03T07:43:44.320Z] E0203 13:13:44.320737    4101 watch.go:40] Failed to load config from "/home/user/antigravity/typpingchallenge/dataconnect": could not find dataconnect.yaml in `/home/user/antigravity/typpingchallenge/dataconnect`
 {"metadata":{"emulator":{"name":"dataconnect"},"message":"E0203 13:13:44.320737    4101 watch.go:40] Failed to load config from \"/home/user/antigravity/typpingchallenge/dataconnect\": could not find dataconnect.yaml in `/home/user/antigravity/typpingchallenge/dataconnect`\n"}}
[debug] [2026-02-03T07:43:54.320Z] E0203 13:13:54.320709    4101 watch.go:40] Failed to load config from "/home/user/antigravity/typpingchallenge/dataconnect": could not find dataconnect.yaml in `/home/user/antigravity/typpingchallenge/dataconnect`
 {"metadata":{"emulator":{"name":"dataconnect"},"message":"E0203 13:13:54.320709    4101 watch.go:40] Failed to load config from \"/home/user/antigravity/typpingchallenge/dataconnect\": could not find dataconnect.yaml in `/home/user/antigravity/typpingchallenge/dataconnect`\n"}}
[debug] [2026-02-03T07:44:04.311Z] E0203 13:14:04.311848    4101 watch.go:40] Failed to load config from "/home/user/antigravity/typpingchallenge/dataconnect": could not find dataconnect.yaml in `/home/user/antigravity/typpingchallenge/dataconnect`
 {"metadata":{"emulator":{"name":"dataconnect"},"message":"E0203 13:14:04.311848    4101 watch.go:40] Failed to load config from \"/home/user/antigravity/typpingchallenge/dataconnect\": could not find dataconnect.yaml in `/home/user/antigravity/typpingchallenge/dataconnect`\n"}}
[debug] [2026-02-03T07:44:14.312Z] E0203 13:14:14.312110    4101 watch.go:40] Failed to load config from "/home/user/antigravity/typpingchallenge/dataconnect": could not find dataconnect.yaml in `/home/user/antigravity/typpingchallenge/dataconnect`
 {"metadata":{"emulator":{"name":"dataconnect"},"message":"E0203 13:14:14.312110    4101 watch.go:40] Failed to load config from \"/home/user/antigravity/typpingchallenge/dataconnect\": could not find dataconnect.yaml in `/home/user/antigravity/typpingchallenge/dataconnect`\n"}}
[debug] [2026-02-03T07:44:24.311Z] E0203 13:14:24.311826    4101 watch.go:40] Failed to load config from "/home/user/antigravity/typpingchallenge/dataconnect": could not find dataconnect.yaml in `/home/user/antigravity/typpingchallenge/dataconnect`
 {"metadata":{"emulator":{"name":"dataconnect"},"message":"E0203 13:14:24.311826    4101 watch.go:40] Failed to load config from \"/home/user/antigravity/typpingchallenge/dataconnect\": could not find dataconnect.yaml in `/home/user/antigravity/typpingchallenge/dataconnect`\n"}}
[debug] [2026-02-03T07:44:34.311Z] E0203 13:14:34.311789    4101 watch.go:116] watchAllDir unable to walk dir `/home/user/antigravity/typpingchallenge/dataconnect`: lstat /home/user/antigravity/typpingchallenge/dataconnect: no such file or directory
E0203 13:14:34.311837    4101 watch.go:40] Failed to load config from "/home/user/antigravity/typpingchallenge/dataconnect": could not find dataconnect.yaml in `/home/user/antigravity/typpingchallenge/dataconnect`
 {"metadata":{"emulator":{"name":"dataconnect"},"message":"E0203 13:14:34.311789    4101 watch.go:116] watchAllDir unable to walk dir `/home/user/antigravity/typpingchallenge/dataconnect`: lstat /home/user/antigravity/typpingchallenge/dataconnect: no such file or directory\nE0203 13:14:34.311837    4101 watch.go:40] Failed to load config from \"/home/user/antigravity/typpingchallenge/dataconnect\": could not find dataconnect.yaml in `/home/user/antigravity/typpingchallenge/dataconnect`\n"}}
[debug] [2026-02-03T07:44:44.321Z] E0203 13:14:44.320842    4101 watch.go:40] Failed to load config from "/home/user/antigravity/typpingchallenge/dataconnect": could not find dataconnect.yaml in `/home/user/antigravity/typpingchallenge/dataconnect`
 {"metadata":{"emulator":{"name":"dataconnect"},"message":"E0203 13:14:44.320842    4101 watch.go:40] Failed to load config from \"/home/user/antigravity/typpingchallenge/dataconnect\": could not find dataconnect.yaml in `/home/user/antigravity/typpingchallenge/dataconnect`\n"}}
[debug] [2026-02-03T07:44:54.320Z] E0203 13:14:54.320796    4101 watch.go:40] Failed to load config from "/home/user/antigravity/typpingchallenge/dataconnect": could not find dataconnect.yaml in `/home/user/antigravity/typpingchallenge/dataconnect`
 {"metadata":{"emulator":{"name":"dataconnect"},"message":"E0203 13:14:54.320796    4101 watch.go:40] Failed to load config from \"/home/user/antigravity/typpingchallenge/dataconnect\": could not find dataconnect.yaml in `/home/user/antigravity/typpingchallenge/dataconnect`\n"}}
[debug] [2026-02-03T07:45:04.311Z] E0203 13:15:04.311824    4101 watch.go:40] Failed to load config from "/home/user/antigravity/typpingchallenge/dataconnect": could not find dataconnect.yaml in `/home/user/antigravity/typpingchallenge/dataconnect`
 {"metadata":{"emulator":{"name":"dataconnect"},"message":"E0203 13:15:04.311824    4101 watch.go:40] Failed to load config from \"/home/user/antigravity/typpingchallenge/dataconnect\": could not find dataconnect.yaml in `/home/user/antigravity/typpingchallenge/dataconnect`\n"}}
[debug] [2026-02-03T07:45:14.320Z] E0203 13:15:14.320694    4101 watch.go:40] Failed to load config from "/home/user/antigravity/typpingchallenge/dataconnect": could not find dataconnect.yaml in `/home/user/antigravity/typpingchallenge/dataconnect`
 {"metadata":{"emulator":{"name":"dataconnect"},"message":"E0203 13:15:14.320694    4101 watch.go:40] Failed to load config from \"/home/user/antigravity/typpingchallenge/dataconnect\": could not find dataconnect.yaml in `/home/user/antigravity/typpingchallenge/dataconnect`\n"}}
[debug] [2026-02-03T07:45:24.320Z] E0203 13:15:24.320701    4101 watch.go:40] Failed to load config from "/home/user/antigravity/typpingchallenge/dataconnect": could not find dataconnect.yaml in `/home/user/antigravity/typpingchallenge/dataconnect`
 {"metadata":{"emulator":{"name":"dataconnect"},"message":"E0203 13:15:24.320701    4101 watch.go:40] Failed to load config from \"/home/user/antigravity/typpingchallenge/dataconnect\": could not find dataconnect.yaml in `/home/user/antigravity/typpingchallenge/dataconnect`\n"}}
[debug] [2026-02-03T07:45:34.312Z] E0203 13:15:34.311822    4101 watch.go:116] watchAllDir unable to walk dir `/home/user/antigravity/typpingchallenge/dataconnect`: lstat /home/user/antigravity/typpingchallenge/dataconnect: no such file or directory
E0203 13:15:34.311862    4101 watch.go:40] Failed to load config from "/home/user/antigravity/typpingchallenge/dataconnect": could not find dataconnect.yaml in `/home/user/antigravity/typpingchallenge/dataconnect`
 {"metadata":{"emulator":{"name":"dataconnect"},"message":"E0203 13:15:34.311822    4101 watch.go:116] watchAllDir unable to walk dir `/home/user/antigravity/typpingchallenge/dataconnect`: lstat /home/user/antigravity/typpingchallenge/dataconnect: no such file or directory\nE0203 13:15:34.311862    4101 watch.go:40] Failed to load config from \"/home/user/antigravity/typpingchallenge/dataconnect\": could not find dataconnect.yaml in `/home/user/antigravity/typpingchallenge/dataconnect`\n"}}
[debug] [2026-02-03T07:45:44.320Z] E0203 13:15:44.320702    4101 watch.go:40] Failed to load config from "/home/user/antigravity/typpingchallenge/dataconnect": could not find dataconnect.yaml in `/home/user/antigravity/typpingchallenge/dataconnect`
 {"metadata":{"emulator":{"name":"dataconnect"},"message":"E0203 13:15:44.320702    4101 watch.go:40] Failed to load config from \"/home/user/antigravity/typpingchallenge/dataconnect\": could not find dataconnect.yaml in `/home/user/antigravity/typpingchallenge/dataconnect`\n"}}
[debug] [2026-02-03T07:45:54.320Z] E0203 13:15:54.320729    4101 watch.go:40] Failed to load config from "/home/user/antigravity/typpingchallenge/dataconnect": could not find dataconnect.yaml in `/home/user/antigravity/typpingchallenge/dataconnect`
 {"metadata":{"emulator":{"name":"dataconnect"},"message":"E0203 13:15:54.320729    4101 watch.go:40] Failed to load config from \"/home/user/antigravity/typpingchallenge/dataconnect\": could not find dataconnect.yaml in `/home/user/antigravity/typpingchallenge/dataconnect`\n"}}
[debug] [2026-02-03T07:46:04.312Z] E0203 13:16:04.311930    4101 watch.go:40] Failed to load config from "/home/user/antigravity/typpingchallenge/dataconnect": could not find dataconnect.yaml in `/home/user/antigravity/typpingchallenge/dataconnect`
 {"metadata":{"emulator":{"name":"dataconnect"},"message":"E0203 13:16:04.311930    4101 watch.go:40] Failed to load config from \"/home/user/antigravity/typpingchallenge/dataconnect\": could not find dataconnect.yaml in `/home/user/antigravity/typpingchallenge/dataconnect`\n"}}
[debug] [2026-02-03T07:46:14.321Z] E0203 13:16:14.320970    4101 watch.go:40] Failed to load config from "/home/user/antigravity/typpingchallenge/dataconnect": could not find dataconnect.yaml in `/home/user/antigravity/typpingchallenge/dataconnect`
 {"metadata":{"emulator":{"name":"dataconnect"},"message":"E0203 13:16:14.320970    4101 watch.go:40] Failed to load config from \"/home/user/antigravity/typpingchallenge/dataconnect\": could not find dataconnect.yaml in `/home/user/antigravity/typpingchallenge/dataconnect`\n"}}
[debug] [2026-02-03T07:46:24.321Z] E0203 13:16:24.320741    4101 watch.go:40] Failed to load config from "/home/user/antigravity/typpingchallenge/dataconnect": could not find dataconnect.yaml in `/home/user/antigravity/typpingchallenge/dataconnect`
 {"metadata":{"emulator":{"name":"dataconnect"},"message":"E0203 13:16:24.320741    4101 watch.go:40] Failed to load config from \"/home/user/antigravity/typpingchallenge/dataconnect\": could not find dataconnect.yaml in `/home/user/antigravity/typpingchallenge/dataconnect`\n"}}
[debug] [2026-02-03T07:46:34.311Z] E0203 13:16:34.311668    4101 watch.go:40] Failed to load config from "/home/user/antigravity/typpingchallenge/dataconnect": could not find dataconnect.yaml in `/home/user/antigravity/typpingchallenge/dataconnect`
E0203 13:16:34.311644    4101 watch.go:116] watchAllDir unable to walk dir `/home/user/antigravity/typpingchallenge/dataconnect`: lstat /home/user/antigravity/typpingchallenge/dataconnect: no such file or directory
 {"metadata":{"emulator":{"name":"dataconnect"},"message":"E0203 13:16:34.311668    4101 watch.go:40] Failed to load config from \"/home/user/antigravity/typpingchallenge/dataconnect\": could not find dataconnect.yaml in `/home/user/antigravity/typpingchallenge/dataconnect`\nE0203 13:16:34.311644    4101 watch.go:116] watchAllDir unable to walk dir `/home/user/antigravity/typpingchallenge/dataconnect`: lstat /home/user/antigravity/typpingchallenge/dataconnect: no such file or directory\n"}}
[debug] [2026-02-03T07:46:44.320Z] E0203 13:16:44.320712    4101 watch.go:40] Failed to load config from "/home/user/antigravity/typpingchallenge/dataconnect": could not find dataconnect.yaml in `/home/user/antigravity/typpingchallenge/dataconnect`
 {"metadata":{"emulator":{"name":"dataconnect"},"message":"E0203 13:16:44.320712    4101 watch.go:40] Failed to load config from \"/home/user/antigravity/typpingchallenge/dataconnect\": could not find dataconnect.yaml in `/home/user/antigravity/typpingchallenge/dataconnect`\n"}}
[debug] [2026-02-03T07:46:54.320Z] E0203 13:16:54.320842    4101 watch.go:40] Failed to load config from "/home/user/antigravity/typpingchallenge/dataconnect": could not find dataconnect.yaml in `/home/user/antigravity/typpingchallenge/dataconnect`
 {"metadata":{"emulator":{"name":"dataconnect"},"message":"E0203 13:16:54.320842    4101 watch.go:40] Failed to load config from \"/home/user/antigravity/typpingchallenge/dataconnect\": could not find dataconnect.yaml in `/home/user/antigravity/typpingchallenge/dataconnect`\n"}}
[debug] [2026-02-03T07:47:04.312Z] E0203 13:17:04.311949    4101 watch.go:40] Failed to load config from "/home/user/antigravity/typpingchallenge/dataconnect": could not find dataconnect.yaml in `/home/user/antigravity/typpingchallenge/dataconnect`
 {"metadata":{"emulator":{"name":"dataconnect"},"message":"E0203 13:17:04.311949    4101 watch.go:40] Failed to load config from \"/home/user/antigravity/typpingchallenge/dataconnect\": could not find dataconnect.yaml in `/home/user/antigravity/typpingchallenge/dataconnect`\n"}}
[debug] [2026-02-03T07:47:14.320Z] E0203 13:17:14.320715    4101 watch.go:40] Failed to load config from "/home/user/antigravity/typpingchallenge/dataconnect": could not find dataconnect.yaml in `/home/user/antigravity/typpingchallenge/dataconnect`
 {"metadata":{"emulator":{"name":"dataconnect"},"message":"E0203 13:17:14.320715    4101 watch.go:40] Failed to load config from \"/home/user/antigravity/typpingchallenge/dataconnect\": could not find dataconnect.yaml in `/home/user/antigravity/typpingchallenge/dataconnect`\n"}}
[debug] [2026-02-03T07:47:24.339Z] E0203 13:17:24.338765    4101 watch.go:40] Failed to load config from "/home/user/antigravity/typpingchallenge/dataconnect": could not find dataconnect.yaml in `/home/user/antigravity/typpingchallenge/dataconnect`
 {"metadata":{"emulator":{"name":"dataconnect"},"message":"E0203 13:17:24.338765    4101 watch.go:40] Failed to load config from \"/home/user/antigravity/typpingchallenge/dataconnect\": could not find dataconnect.yaml in `/home/user/antigravity/typpingchallenge/dataconnect`\n"}}
[debug] [2026-02-03T07:47:34.312Z] E0203 13:17:34.311928    4101 watch.go:116] watchAllDir unable to walk dir `/home/user/antigravity/typpingchallenge/dataconnect`: lstat /home/user/antigravity/typpingchallenge/dataconnect: no such file or directory
E0203 13:17:34.312055    4101 watch.go:40] Failed to load config from "/home/user/antigravity/typpingchallenge/dataconnect": could not find dataconnect.yaml in `/home/user/antigravity/typpingchallenge/dataconnect`
 {"metadata":{"emulator":{"name":"dataconnect"},"message":"E0203 13:17:34.311928    4101 watch.go:116] watchAllDir unable to walk dir `/home/user/antigravity/typpingchallenge/dataconnect`: lstat /home/user/antigravity/typpingchallenge/dataconnect: no such file or directory\nE0203 13:17:34.312055    4101 watch.go:40] Failed to load config from \"/home/user/antigravity/typpingchallenge/dataconnect\": could not find dataconnect.yaml in `/home/user/antigravity/typpingchallenge/dataconnect`\n"}}
[debug] [2026-02-03T07:47:44.331Z] E0203 13:17:44.327477    4101 watch.go:40] Failed to load config from "/home/user/antigravity/typpingchallenge/dataconnect": could not find dataconnect.yaml in `/home/user/antigravity/typpingchallenge/dataconnect`
 {"metadata":{"emulator":{"name":"dataconnect"},"message":"E0203 13:17:44.327477    4101 watch.go:40] Failed to load config from \"/home/user/antigravity/typpingchallenge/dataconnect\": could not find dataconnect.yaml in `/home/user/antigravity/typpingchallenge/dataconnect`\n"}}
[debug] [2026-02-03T07:47:54.321Z] E0203 13:17:54.320853    4101 watch.go:40] Failed to load config from "/home/user/antigravity/typpingchallenge/dataconnect": could not find dataconnect.yaml in `/home/user/antigravity/typpingchallenge/dataconnect`
 {"metadata":{"emulator":{"name":"dataconnect"},"message":"E0203 13:17:54.320853    4101 watch.go:40] Failed to load config from \"/home/user/antigravity/typpingchallenge/dataconnect\": could not find dataconnect.yaml in `/home/user/antigravity/typpingchallenge/dataconnect`\n"}}
[debug] [2026-02-03T07:48:04.312Z] E0203 13:18:04.311947    4101 watch.go:40] Failed to load config from "/home/user/antigravity/typpingchallenge/dataconnect": could not find dataconnect.yaml in `/home/user/antigravity/typpingchallenge/dataconnect`
 {"metadata":{"emulator":{"name":"dataconnect"},"message":"E0203 13:18:04.311947    4101 watch.go:40] Failed to load config from \"/home/user/antigravity/typpingchallenge/dataconnect\": could not find dataconnect.yaml in `/home/user/antigravity/typpingchallenge/dataconnect`\n"}}
[debug] [2026-02-03T07:48:14.321Z] E0203 13:18:14.320769    4101 watch.go:40] Failed to load config from "/home/user/antigravity/typpingchallenge/dataconnect": could not find dataconnect.yaml in `/home/user/antigravity/typpingchallenge/dataconnect`
 {"metadata":{"emulator":{"name":"dataconnect"},"message":"E0203 13:18:14.320769    4101 watch.go:40] Failed to load config from \"/home/user/antigravity/typpingchallenge/dataconnect\": could not find dataconnect.yaml in `/home/user/antigravity/typpingchallenge/dataconnect`\n"}}
[debug] [2026-02-03T07:48:24.320Z] E0203 13:18:24.320724    4101 watch.go:40] Failed to load config from "/home/user/antigravity/typpingchallenge/dataconnect": could not find dataconnect.yaml in `/home/user/antigravity/typpingchallenge/dataconnect`
 {"metadata":{"emulator":{"name":"dataconnect"},"message":"E0203 13:18:24.320724    4101 watch.go:40] Failed to load config from \"/home/user/antigravity/typpingchallenge/dataconnect\": could not find dataconnect.yaml in `/home/user/antigravity/typpingchallenge/dataconnect`\n"}}
[debug] [2026-02-03T07:48:34.314Z] E0203 13:18:34.311912    4101 watch.go:116] watchAllDir unable to walk dir `/home/user/antigravity/typpingchallenge/dataconnect`: lstat /home/user/antigravity/typpingchallenge/dataconnect: no such file or directory
 {"metadata":{"emulator":{"name":"dataconnect"},"message":"E0203 13:18:34.311912    4101 watch.go:116] watchAllDir unable to walk dir `/home/user/antigravity/typpingchallenge/dataconnect`: lstat /home/user/antigravity/typpingchallenge/dataconnect: no such file or directory\n"}}
[debug] [2026-02-03T07:48:34.315Z] E0203 13:18:34.313678    4101 watch.go:40] Failed to load config from "/home/user/antigravity/typpingchallenge/dataconnect": could not find dataconnect.yaml in `/home/user/antigravity/typpingchallenge/dataconnect`
 {"metadata":{"emulator":{"name":"dataconnect"},"message":"E0203 13:18:34.313678    4101 watch.go:40] Failed to load config from \"/home/user/antigravity/typpingchallenge/dataconnect\": could not find dataconnect.yaml in `/home/user/antigravity/typpingchallenge/dataconnect`\n"}}
[debug] [2026-02-03T07:48:44.312Z] E0203 13:18:44.311808    4101 watch.go:40] Failed to load config from "/home/user/antigravity/typpingchallenge/dataconnect": could not find dataconnect.yaml in `/home/user/antigravity/typpingchallenge/dataconnect`
 {"metadata":{"emulator":{"name":"dataconnect"},"message":"E0203 13:18:44.311808    4101 watch.go:40] Failed to load config from \"/home/user/antigravity/typpingchallenge/dataconnect\": could not find dataconnect.yaml in `/home/user/antigravity/typpingchallenge/dataconnect`\n"}}
[debug] [2026-02-03T07:48:54.321Z] E0203 13:18:54.320803    4101 watch.go:40] Failed to load config from "/home/user/antigravity/typpingchallenge/dataconnect": could not find dataconnect.yaml in `/home/user/antigravity/typpingchallenge/dataconnect`
 {"metadata":{"emulator":{"name":"dataconnect"},"message":"E0203 13:18:54.320803    4101 watch.go:40] Failed to load config from \"/home/user/antigravity/typpingchallenge/dataconnect\": could not find dataconnect.yaml in `/home/user/antigravity/typpingchallenge/dataconnect`\n"}}
[debug] [2026-02-03T07:49:04.312Z] E0203 13:19:04.311961    4101 watch.go:40] Failed to load config from "/home/user/antigravity/typpingchallenge/dataconnect": could not find dataconnect.yaml in `/home/user/antigravity/typpingchallenge/dataconnect`
 {"metadata":{"emulator":{"name":"dataconnect"},"message":"E0203 13:19:04.311961    4101 watch.go:40] Failed to load config from \"/home/user/antigravity/typpingchallenge/dataconnect\": could not find dataconnect.yaml in `/home/user/antigravity/typpingchallenge/dataconnect`\n"}}
[debug] [2026-02-03T07:49:14.320Z] E0203 13:19:14.320782    4101 watch.go:40] Failed to load config from "/home/user/antigravity/typpingchallenge/dataconnect": could not find dataconnect.yaml in `/home/user/antigravity/typpingchallenge/dataconnect`
 {"metadata":{"emulator":{"name":"dataconnect"},"message":"E0203 13:19:14.320782    4101 watch.go:40] Failed to load config from \"/home/user/antigravity/typpingchallenge/dataconnect\": could not find dataconnect.yaml in `/home/user/antigravity/typpingchallenge/dataconnect`\n"}}
[debug] [2026-02-03T07:49:24.321Z] E0203 13:19:24.320791    4101 watch.go:40] Failed to load config from "/home/user/antigravity/typpingchallenge/dataconnect": could not find dataconnect.yaml in `/home/user/antigravity/typpingchallenge/dataconnect`
 {"metadata":{"emulator":{"name":"dataconnect"},"message":"E0203 13:19:24.320791    4101 watch.go:40] Failed to load config from \"/home/user/antigravity/typpingchallenge/dataconnect\": could not find dataconnect.yaml in `/home/user/antigravity/typpingchallenge/dataconnect`\n"}}
[debug] [2026-02-03T07:49:34.312Z] E0203 13:19:34.312022    4101 watch.go:116] watchAllDir unable to walk dir `/home/user/antigravity/typpingchallenge/dataconnect`: lstat /home/user/antigravity/typpingchallenge/dataconnect: no such file or directory
E0203 13:19:34.312103    4101 watch.go:40] Failed to load config from "/home/user/antigravity/typpingchallenge/dataconnect": could not find dataconnect.yaml in `/home/user/antigravity/typpingchallenge/dataconnect`
 {"metadata":{"emulator":{"name":"dataconnect"},"message":"E0203 13:19:34.312022    4101 watch.go:116] watchAllDir unable to walk dir `/home/user/antigravity/typpingchallenge/dataconnect`: lstat /home/user/antigravity/typpingchallenge/dataconnect: no such file or directory\nE0203 13:19:34.312103    4101 watch.go:40] Failed to load config from \"/home/user/antigravity/typpingchallenge/dataconnect\": could not find dataconnect.yaml in `/home/user/antigravity/typpingchallenge/dataconnect`\n"}}
[debug] [2026-02-03T07:49:44.321Z] E0203 13:19:44.320751    4101 watch.go:40] Failed to load config from "/home/user/antigravity/typpingchallenge/dataconnect": could not find dataconnect.yaml in `/home/user/antigravity/typpingchallenge/dataconnect`
 {"metadata":{"emulator":{"name":"dataconnect"},"message":"E0203 13:19:44.320751    4101 watch.go:40] Failed to load config from \"/home/user/antigravity/typpingchallenge/dataconnect\": could not find dataconnect.yaml in `/home/user/antigravity/typpingchallenge/dataconnect`\n"}}
[debug] [2026-02-03T07:49:54.320Z] E0203 13:19:54.320730    4101 watch.go:40] Failed to load config from "/home/user/antigravity/typpingchallenge/dataconnect": could not find dataconnect.yaml in `/home/user/antigravity/typpingchallenge/dataconnect`
 {"metadata":{"emulator":{"name":"dataconnect"},"message":"E0203 13:19:54.320730    4101 watch.go:40] Failed to load config from \"/home/user/antigravity/typpingchallenge/dataconnect\": could not find dataconnect.yaml in `/home/user/antigravity/typpingchallenge/dataconnect`\n"}}
[debug] [2026-02-03T07:50:04.312Z] E0203 13:20:04.311874    4101 watch.go:40] Failed to load config from "/home/user/antigravity/typpingchallenge/dataconnect": could not find dataconnect.yaml in `/home/user/antigravity/typpingchallenge/dataconnect`
 {"metadata":{"emulator":{"name":"dataconnect"},"message":"E0203 13:20:04.311874    4101 watch.go:40] Failed to load config from \"/home/user/antigravity/typpingchallenge/dataconnect\": could not find dataconnect.yaml in `/home/user/antigravity/typpingchallenge/dataconnect`\n"}}
[debug] [2026-02-03T07:50:14.321Z] E0203 13:20:14.320868    4101 watch.go:40] Failed to load config from "/home/user/antigravity/typpingchallenge/dataconnect": could not find dataconnect.yaml in `/home/user/antigravity/typpingchallenge/dataconnect`
 {"metadata":{"emulator":{"name":"dataconnect"},"message":"E0203 13:20:14.320868    4101 watch.go:40] Failed to load config from \"/home/user/antigravity/typpingchallenge/dataconnect\": could not find dataconnect.yaml in `/home/user/antigravity/typpingchallenge/dataconnect`\n"}}
[debug] [2026-02-03T07:50:24.321Z] E0203 13:20:24.320772    4101 watch.go:40] Failed to load config from "/home/user/antigravity/typpingchallenge/dataconnect": could not find dataconnect.yaml in `/home/user/antigravity/typpingchallenge/dataconnect`
 {"metadata":{"emulator":{"name":"dataconnect"},"message":"E0203 13:20:24.320772    4101 watch.go:40] Failed to load config from \"/home/user/antigravity/typpingchallenge/dataconnect\": could not find dataconnect.yaml in `/home/user/antigravity/typpingchallenge/dataconnect`\n"}}
[debug] [2026-02-03T07:50:34.313Z] E0203 13:20:34.311920    4101 watch.go:116] watchAllDir unable to walk dir `/home/user/antigravity/typpingchallenge/dataconnect`: lstat /home/user/antigravity/typpingchallenge/dataconnect: no such file or directory
E0203 13:20:34.312045    4101 watch.go:40] Failed to load config from "/home/user/antigravity/typpingchallenge/dataconnect": could not find dataconnect.yaml in `/home/user/antigravity/typpingchallenge/dataconnect`
 {"metadata":{"emulator":{"name":"dataconnect"},"message":"E0203 13:20:34.311920    4101 watch.go:116] watchAllDir unable to walk dir `/home/user/antigravity/typpingchallenge/dataconnect`: lstat /home/user/antigravity/typpingchallenge/dataconnect: no such file or directory\nE0203 13:20:34.312045    4101 watch.go:40] Failed to load config from \"/home/user/antigravity/typpingchallenge/dataconnect\": could not find dataconnect.yaml in `/home/user/antigravity/typpingchallenge/dataconnect`\n"}}
[debug] [2026-02-03T07:50:44.312Z] E0203 13:20:44.312443    4101 watch.go:40] Failed to load config from "/home/user/antigravity/typpingchallenge/dataconnect": could not find dataconnect.yaml in `/home/user/antigravity/typpingchallenge/dataconnect`
 {"metadata":{"emulator":{"name":"dataconnect"},"message":"E0203 13:20:44.312443    4101 watch.go:40] Failed to load config from \"/home/user/antigravity/typpingchallenge/dataconnect\": could not find dataconnect.yaml in `/home/user/antigravity/typpingchallenge/dataconnect`\n"}}
[debug] [2026-02-03T07:50:54.311Z] E0203 13:20:54.311695    4101 watch.go:40] Failed to load config from "/home/user/antigravity/typpingchallenge/dataconnect": could not find dataconnect.yaml in `/home/user/antigravity/typpingchallenge/dataconnect`
 {"metadata":{"emulator":{"name":"dataconnect"},"message":"E0203 13:20:54.311695    4101 watch.go:40] Failed to load config from \"/home/user/antigravity/typpingchallenge/dataconnect\": could not find dataconnect.yaml in `/home/user/antigravity/typpingchallenge/dataconnect`\n"}}
[debug] [2026-02-03T07:51:04.312Z] E0203 13:21:04.311905    4101 watch.go:40] Failed to load config from "/home/user/antigravity/typpingchallenge/dataconnect": could not find dataconnect.yaml in `/home/user/antigravity/typpingchallenge/dataconnect`
 {"metadata":{"emulator":{"name":"dataconnect"},"message":"E0203 13:21:04.311905    4101 watch.go:40] Failed to load config from \"/home/user/antigravity/typpingchallenge/dataconnect\": could not find dataconnect.yaml in `/home/user/antigravity/typpingchallenge/dataconnect`\n"}}
[debug] [2026-02-03T07:51:14.320Z] E0203 13:21:14.320690    4101 watch.go:40] Failed to load config from "/home/user/antigravity/typpingchallenge/dataconnect": could not find dataconnect.yaml in `/home/user/antigravity/typpingchallenge/dataconnect`
 {"metadata":{"emulator":{"name":"dataconnect"},"message":"E0203 13:21:14.320690    4101 watch.go:40] Failed to load config from \"/home/user/antigravity/typpingchallenge/dataconnect\": could not find dataconnect.yaml in `/home/user/antigravity/typpingchallenge/dataconnect`\n"}}
[debug] [2026-02-03T07:51:24.319Z] E0203 13:21:24.319710    4101 watch.go:40] Failed to load config from "/home/user/antigravity/typpingchallenge/dataconnect": could not find dataconnect.yaml in `/home/user/antigravity/typpingchallenge/dataconnect`
 {"metadata":{"emulator":{"name":"dataconnect"},"message":"E0203 13:21:24.319710    4101 watch.go:40] Failed to load config from \"/home/user/antigravity/typpingchallenge/dataconnect\": could not find dataconnect.yaml in `/home/user/antigravity/typpingchallenge/dataconnect`\n"}}
[debug] [2026-02-03T07:51:34.311Z] E0203 13:21:34.311848    4101 watch.go:116] watchAllDir unable to walk dir `/home/user/antigravity/typpingchallenge/dataconnect`: lstat /home/user/antigravity/typpingchallenge/dataconnect: no such file or directory
E0203 13:21:34.311882    4101 watch.go:40] Failed to load config from "/home/user/antigravity/typpingchallenge/dataconnect": could not find dataconnect.yaml in `/home/user/antigravity/typpingchallenge/dataconnect`
 {"metadata":{"emulator":{"name":"dataconnect"},"message":"E0203 13:21:34.311848    4101 watch.go:116] watchAllDir unable to walk dir `/home/user/antigravity/typpingchallenge/dataconnect`: lstat /home/user/antigravity/typpingchallenge/dataconnect: no such file or directory\nE0203 13:21:34.311882    4101 watch.go:40] Failed to load config from \"/home/user/antigravity/typpingchallenge/dataconnect\": could not find dataconnect.yaml in `/home/user/antigravity/typpingchallenge/dataconnect`\n"}}
[debug] [2026-02-03T07:51:44.321Z] E0203 13:21:44.320970    4101 watch.go:40] Failed to load config from "/home/user/antigravity/typpingchallenge/dataconnect": could not find dataconnect.yaml in `/home/user/antigravity/typpingchallenge/dataconnect`
 {"metadata":{"emulator":{"name":"dataconnect"},"message":"E0203 13:21:44.320970    4101 watch.go:40] Failed to load config from \"/home/user/antigravity/typpingchallenge/dataconnect\": could not find dataconnect.yaml in `/home/user/antigravity/typpingchallenge/dataconnect`\n"}}
[debug] [2026-02-03T07:51:54.321Z] E0203 13:21:54.321067    4101 watch.go:40] Failed to load config from "/home/user/antigravity/typpingchallenge/dataconnect": could not find dataconnect.yaml in `/home/user/antigravity/typpingchallenge/dataconnect`
 {"metadata":{"emulator":{"name":"dataconnect"},"message":"E0203 13:21:54.321067    4101 watch.go:40] Failed to load config from \"/home/user/antigravity/typpingchallenge/dataconnect\": could not find dataconnect.yaml in `/home/user/antigravity/typpingchallenge/dataconnect`\n"}}
[debug] [2026-02-03T07:52:04.312Z] E0203 13:22:04.311997    4101 watch.go:40] Failed to load config from "/home/user/antigravity/typpingchallenge/dataconnect": could not find dataconnect.yaml in `/home/user/antigravity/typpingchallenge/dataconnect`
 {"metadata":{"emulator":{"name":"dataconnect"},"message":"E0203 13:22:04.311997    4101 watch.go:40] Failed to load config from \"/home/user/antigravity/typpingchallenge/dataconnect\": could not find dataconnect.yaml in `/home/user/antigravity/typpingchallenge/dataconnect`\n"}}
[debug] [2026-02-03T07:52:14.320Z] E0203 13:22:14.320710    4101 watch.go:40] Failed to load config from "/home/user/antigravity/typpingchallenge/dataconnect": could not find dataconnect.yaml in `/home/user/antigravity/typpingchallenge/dataconnect`
 {"metadata":{"emulator":{"name":"dataconnect"},"message":"E0203 13:22:14.320710    4101 watch.go:40] Failed to load config from \"/home/user/antigravity/typpingchallenge/dataconnect\": could not find dataconnect.yaml in `/home/user/antigravity/typpingchallenge/dataconnect`\n"}}
[debug] [2026-02-03T07:52:24.321Z] E0203 13:22:24.320799    4101 watch.go:40] Failed to load config from "/home/user/antigravity/typpingchallenge/dataconnect": could not find dataconnect.yaml in `/home/user/antigravity/typpingchallenge/dataconnect`
 {"metadata":{"emulator":{"name":"dataconnect"},"message":"E0203 13:22:24.320799    4101 watch.go:40] Failed to load config from \"/home/user/antigravity/typpingchallenge/dataconnect\": could not find dataconnect.yaml in `/home/user/antigravity/typpingchallenge/dataconnect`\n"}}
[debug] [2026-02-03T07:52:34.312Z] E0203 13:22:34.311921    4101 watch.go:116] watchAllDir unable to walk dir `/home/user/antigravity/typpingchallenge/dataconnect`: lstat /home/user/antigravity/typpingchallenge/dataconnect: no such file or directory
E0203 13:22:34.311998    4101 watch.go:40] Failed to load config from "/home/user/antigravity/typpingchallenge/dataconnect": could not find dataconnect.yaml in `/home/user/antigravity/typpingchallenge/dataconnect`
 {"metadata":{"emulator":{"name":"dataconnect"},"message":"E0203 13:22:34.311921    4101 watch.go:116] watchAllDir unable to walk dir `/home/user/antigravity/typpingchallenge/dataconnect`: lstat /home/user/antigravity/typpingchallenge/dataconnect: no such file or directory\nE0203 13:22:34.311998    4101 watch.go:40] Failed to load config from \"/home/user/antigravity/typpingchallenge/dataconnect\": could not find dataconnect.yaml in `/home/user/antigravity/typpingchallenge/dataconnect`\n"}}
[debug] [2026-02-03T07:52:44.321Z] E0203 13:22:44.320842    4101 watch.go:40] Failed to load config from "/home/user/antigravity/typpingchallenge/dataconnect": could not find dataconnect.yaml in `/home/user/antigravity/typpingchallenge/dataconnect`
 {"metadata":{"emulator":{"name":"dataconnect"},"message":"E0203 13:22:44.320842    4101 watch.go:40] Failed to load config from \"/home/user/antigravity/typpingchallenge/dataconnect\": could not find dataconnect.yaml in `/home/user/antigravity/typpingchallenge/dataconnect`\n"}}
[debug] [2026-02-03T07:52:54.313Z] E0203 13:22:54.312332    4101 watch.go:40] Failed to load config from "/home/user/antigravity/typpingchallenge/dataconnect": could not find dataconnect.yaml in `/home/user/antigravity/typpingchallenge/dataconnect`
 {"metadata":{"emulator":{"name":"dataconnect"},"message":"E0203 13:22:54.312332    4101 watch.go:40] Failed to load config from \"/home/user/antigravity/typpingchallenge/dataconnect\": could not find dataconnect.yaml in `/home/user/antigravity/typpingchallenge/dataconnect`\n"}}
[debug] [2026-02-03T07:53:04.312Z] E0203 13:23:04.312099    4101 watch.go:40] Failed to load config from "/home/user/antigravity/typpingchallenge/dataconnect": could not find dataconnect.yaml in `/home/user/antigravity/typpingchallenge/dataconnect`
 {"metadata":{"emulator":{"name":"dataconnect"},"message":"E0203 13:23:04.312099    4101 watch.go:40] Failed to load config from \"/home/user/antigravity/typpingchallenge/dataconnect\": could not find dataconnect.yaml in `/home/user/antigravity/typpingchallenge/dataconnect`\n"}}
[debug] [2026-02-03T07:53:14.321Z] E0203 13:23:14.320896    4101 watch.go:40] Failed to load config from "/home/user/antigravity/typpingchallenge/dataconnect": could not find dataconnect.yaml in `/home/user/antigravity/typpingchallenge/dataconnect`
 {"metadata":{"emulator":{"name":"dataconnect"},"message":"E0203 13:23:14.320896    4101 watch.go:40] Failed to load config from \"/home/user/antigravity/typpingchallenge/dataconnect\": could not find dataconnect.yaml in `/home/user/antigravity/typpingchallenge/dataconnect`\n"}}
[debug] [2026-02-03T07:53:24.322Z] E0203 13:23:24.321660    4101 watch.go:40] Failed to load config from "/home/user/antigravity/typpingchallenge/dataconnect": could not find dataconnect.yaml in `/home/user/antigravity/typpingchallenge/dataconnect`
 {"metadata":{"emulator":{"name":"dataconnect"},"message":"E0203 13:23:24.321660    4101 watch.go:40] Failed to load config from \"/home/user/antigravity/typpingchallenge/dataconnect\": could not find dataconnect.yaml in `/home/user/antigravity/typpingchallenge/dataconnect`\n"}}
[debug] [2026-02-03T07:53:34.312Z] E0203 13:23:34.311991    4101 watch.go:40] Failed to load config from "/home/user/antigravity/typpingchallenge/dataconnect": could not find dataconnect.yaml in `/home/user/antigravity/typpingchallenge/dataconnect`
E0203 13:23:34.311926    4101 watch.go:116] watchAllDir unable to walk dir `/home/user/antigravity/typpingchallenge/dataconnect`: lstat /home/user/antigravity/typpingchallenge/dataconnect: no such file or directory
 {"metadata":{"emulator":{"name":"dataconnect"},"message":"E0203 13:23:34.311991    4101 watch.go:40] Failed to load config from \"/home/user/antigravity/typpingchallenge/dataconnect\": could not find dataconnect.yaml in `/home/user/antigravity/typpingchallenge/dataconnect`\nE0203 13:23:34.311926    4101 watch.go:116] watchAllDir unable to walk dir `/home/user/antigravity/typpingchallenge/dataconnect`: lstat /home/user/antigravity/typpingchallenge/dataconnect: no such file or directory\n"}}
[debug] [2026-02-03T07:53:44.321Z] E0203 13:23:44.320793    4101 watch.go:40] Failed to load config from "/home/user/antigravity/typpingchallenge/dataconnect": could not find dataconnect.yaml in `/home/user/antigravity/typpingchallenge/dataconnect`
 {"metadata":{"emulator":{"name":"dataconnect"},"message":"E0203 13:23:44.320793    4101 watch.go:40] Failed to load config from \"/home/user/antigravity/typpingchallenge/dataconnect\": could not find dataconnect.yaml in `/home/user/antigravity/typpingchallenge/dataconnect`\n"}}
[debug] [2026-02-03T07:53:54.320Z] E0203 13:23:54.320821    4101 watch.go:40] Failed to load config from "/home/user/antigravity/typpingchallenge/dataconnect": could not find dataconnect.yaml in `/home/user/antigravity/typpingchallenge/dataconnect`
 {"metadata":{"emulator":{"name":"dataconnect"},"message":"E0203 13:23:54.320821    4101 watch.go:40] Failed to load config from \"/home/user/antigravity/typpingchallenge/dataconnect\": could not find dataconnect.yaml in `/home/user/antigravity/typpingchallenge/dataconnect`\n"}}
[debug] [2026-02-03T07:54:04.312Z] E0203 13:24:04.311891    4101 watch.go:40] Failed to load config from "/home/user/antigravity/typpingchallenge/dataconnect": could not find dataconnect.yaml in `/home/user/antigravity/typpingchallenge/dataconnect`
 {"metadata":{"emulator":{"name":"dataconnect"},"message":"E0203 13:24:04.311891    4101 watch.go:40] Failed to load config from \"/home/user/antigravity/typpingchallenge/dataconnect\": could not find dataconnect.yaml in `/home/user/antigravity/typpingchallenge/dataconnect`\n"}}
[debug] [2026-02-03T07:54:14.321Z] E0203 13:24:14.320961    4101 watch.go:40] Failed to load config from "/home/user/antigravity/typpingchallenge/dataconnect": could not find dataconnect.yaml in `/home/user/antigravity/typpingchallenge/dataconnect`
 {"metadata":{"emulator":{"name":"dataconnect"},"message":"E0203 13:24:14.320961    4101 watch.go:40] Failed to load config from \"/home/user/antigravity/typpingchallenge/dataconnect\": could not find dataconnect.yaml in `/home/user/antigravity/typpingchallenge/dataconnect`\n"}}
[debug] [2026-02-03T07:54:24.320Z] E0203 13:24:24.320709    4101 watch.go:40] Failed to load config from "/home/user/antigravity/typpingchallenge/dataconnect": could not find dataconnect.yaml in `/home/user/antigravity/typpingchallenge/dataconnect`
 {"metadata":{"emulator":{"name":"dataconnect"},"message":"E0203 13:24:24.320709    4101 watch.go:40] Failed to load config from \"/home/user/antigravity/typpingchallenge/dataconnect\": could not find dataconnect.yaml in `/home/user/antigravity/typpingchallenge/dataconnect`\n"}}
[debug] [2026-02-03T07:54:34.311Z] E0203 13:24:34.311812    4101 watch.go:116] watchAllDir unable to walk dir `/home/user/antigravity/typpingchallenge/dataconnect`: lstat /home/user/antigravity/typpingchallenge/dataconnect: no such file or directory
E0203 13:24:34.311846    4101 watch.go:40] Failed to load config from "/home/user/antigravity/typpingchallenge/dataconnect": could not find dataconnect.yaml in `/home/user/antigravity/typpingchallenge/dataconnect`
 {"metadata":{"emulator":{"name":"dataconnect"},"message":"E0203 13:24:34.311812    4101 watch.go:116] watchAllDir unable to walk dir `/home/user/antigravity/typpingchallenge/dataconnect`: lstat /home/user/antigravity/typpingchallenge/dataconnect: no such file or directory\nE0203 13:24:34.311846    4101 watch.go:40] Failed to load config from \"/home/user/antigravity/typpingchallenge/dataconnect\": could not find dataconnect.yaml in `/home/user/antigravity/typpingchallenge/dataconnect`\n"}}
[debug] [2026-02-03T07:54:44.321Z] E0203 13:24:44.320715    4101 watch.go:40] Failed to load config from "/home/user/antigravity/typpingchallenge/dataconnect": could not find dataconnect.yaml in `/home/user/antigravity/typpingchallenge/dataconnect`
 {"metadata":{"emulator":{"name":"dataconnect"},"message":"E0203 13:24:44.320715    4101 watch.go:40] Failed to load config from \"/home/user/antigravity/typpingchallenge/dataconnect\": could not find dataconnect.yaml in `/home/user/antigravity/typpingchallenge/dataconnect`\n"}}
[debug] [2026-02-03T07:54:54.321Z] E0203 13:24:54.320748    4101 watch.go:40] Failed to load config from "/home/user/antigravity/typpingchallenge/dataconnect": could not find dataconnect.yaml in `/home/user/antigravity/typpingchallenge/dataconnect`
 {"metadata":{"emulator":{"name":"dataconnect"},"message":"E0203 13:24:54.320748    4101 watch.go:40] Failed to load config from \"/home/user/antigravity/typpingchallenge/dataconnect\": could not find dataconnect.yaml in `/home/user/antigravity/typpingchallenge/dataconnect`\n"}}
[debug] [2026-02-03T07:55:04.311Z] E0203 13:25:04.311689    4101 watch.go:40] Failed to load config from "/home/user/antigravity/typpingchallenge/dataconnect": could not find dataconnect.yaml in `/home/user/antigravity/typpingchallenge/dataconnect`
 {"metadata":{"emulator":{"name":"dataconnect"},"message":"E0203 13:25:04.311689    4101 watch.go:40] Failed to load config from \"/home/user/antigravity/typpingchallenge/dataconnect\": could not find dataconnect.yaml in `/home/user/antigravity/typpingchallenge/dataconnect`\n"}}
[debug] [2026-02-03T07:55:14.321Z] E0203 13:25:14.321141    4101 watch.go:40] Failed to load config from "/home/user/antigravity/typpingchallenge/dataconnect": could not find dataconnect.yaml in `/home/user/antigravity/typpingchallenge/dataconnect`
 {"metadata":{"emulator":{"name":"dataconnect"},"message":"E0203 13:25:14.321141    4101 watch.go:40] Failed to load config from \"/home/user/antigravity/typpingchallenge/dataconnect\": could not find dataconnect.yaml in `/home/user/antigravity/typpingchallenge/dataconnect`\n"}}
[debug] [2026-02-03T07:55:24.320Z] E0203 13:25:24.320703    4101 watch.go:40] Failed to load config from "/home/user/antigravity/typpingchallenge/dataconnect": could not find dataconnect.yaml in `/home/user/antigravity/typpingchallenge/dataconnect`
 {"metadata":{"emulator":{"name":"dataconnect"},"message":"E0203 13:25:24.320703    4101 watch.go:40] Failed to load config from \"/home/user/antigravity/typpingchallenge/dataconnect\": could not find dataconnect.yaml in `/home/user/antigravity/typpingchallenge/dataconnect`\n"}}
[debug] [2026-02-03T07:55:34.311Z] E0203 13:25:34.311822    4101 watch.go:116] watchAllDir unable to walk dir `/home/user/antigravity/typpingchallenge/dataconnect`: lstat /home/user/antigravity/typpingchallenge/dataconnect: no such file or directory
 {"metadata":{"emulator":{"name":"dataconnect"},"message":"E0203 13:25:34.311822    4101 watch.go:116] watchAllDir unable to walk dir `/home/user/antigravity/typpingchallenge/dataconnect`: lstat /home/user/antigravity/typpingchallenge/dataconnect: no such file or directory\n"}}
[debug] [2026-02-03T07:55:34.312Z] E0203 13:25:34.311881    4101 watch.go:40] Failed to load config from "/home/user/antigravity/typpingchallenge/dataconnect": could not find dataconnect.yaml in `/home/user/antigravity/typpingchallenge/dataconnect`
 {"metadata":{"emulator":{"name":"dataconnect"},"message":"E0203 13:25:34.311881    4101 watch.go:40] Failed to load config from \"/home/user/antigravity/typpingchallenge/dataconnect\": could not find dataconnect.yaml in `/home/user/antigravity/typpingchallenge/dataconnect`\n"}}
[debug] [2026-02-03T07:55:44.320Z] E0203 13:25:44.320738    4101 watch.go:40] Failed to load config from "/home/user/antigravity/typpingchallenge/dataconnect": could not find dataconnect.yaml in `/home/user/antigravity/typpingchallenge/dataconnect`
 {"metadata":{"emulator":{"name":"dataconnect"},"message":"E0203 13:25:44.320738    4101 watch.go:40] Failed to load config from \"/home/user/antigravity/typpingchallenge/dataconnect\": could not find dataconnect.yaml in `/home/user/antigravity/typpingchallenge/dataconnect`\n"}}
[debug] [2026-02-03T07:55:54.313Z] E0203 13:25:54.312669    4101 watch.go:40] Failed to load config from "/home/user/antigravity/typpingchallenge/dataconnect": could not find dataconnect.yaml in `/home/user/antigravity/typpingchallenge/dataconnect`
 {"metadata":{"emulator":{"name":"dataconnect"},"message":"E0203 13:25:54.312669    4101 watch.go:40] Failed to load config from \"/home/user/antigravity/typpingchallenge/dataconnect\": could not find dataconnect.yaml in `/home/user/antigravity/typpingchallenge/dataconnect`\n"}}
[debug] [2026-02-03T07:56:04.311Z] E0203 13:26:04.311800    4101 watch.go:40] Failed to load config from "/home/user/antigravity/typpingchallenge/dataconnect": could not find dataconnect.yaml in `/home/user/antigravity/typpingchallenge/dataconnect`
 {"metadata":{"emulator":{"name":"dataconnect"},"message":"E0203 13:26:04.311800    4101 watch.go:40] Failed to load config from \"/home/user/antigravity/typpingchallenge/dataconnect\": could not find dataconnect.yaml in `/home/user/antigravity/typpingchallenge/dataconnect`\n"}}
[debug] [2026-02-03T07:56:14.321Z] E0203 13:26:14.320803    4101 watch.go:40] Failed to load config from "/home/user/antigravity/typpingchallenge/dataconnect": could not find dataconnect.yaml in `/home/user/antigravity/typpingchallenge/dataconnect`
 {"metadata":{"emulator":{"name":"dataconnect"},"message":"E0203 13:26:14.320803    4101 watch.go:40] Failed to load config from \"/home/user/antigravity/typpingchallenge/dataconnect\": could not find dataconnect.yaml in `/home/user/antigravity/typpingchallenge/dataconnect`\n"}}
[debug] [2026-02-03T07:56:24.320Z] E0203 13:26:24.320709    4101 watch.go:40] Failed to load config from "/home/user/antigravity/typpingchallenge/dataconnect": could not find dataconnect.yaml in `/home/user/antigravity/typpingchallenge/dataconnect`
 {"metadata":{"emulator":{"name":"dataconnect"},"message":"E0203 13:26:24.320709    4101 watch.go:40] Failed to load config from \"/home/user/antigravity/typpingchallenge/dataconnect\": could not find dataconnect.yaml in `/home/user/antigravity/typpingchallenge/dataconnect`\n"}}
[debug] [2026-02-03T07:56:34.312Z] E0203 13:26:34.311912    4101 watch.go:116] watchAllDir unable to walk dir `/home/user/antigravity/typpingchallenge/dataconnect`: lstat /home/user/antigravity/typpingchallenge/dataconnect: no such file or directory
E0203 13:26:34.312037    4101 watch.go:40] Failed to load config from "/home/user/antigravity/typpingchallenge/dataconnect": could not find dataconnect.yaml in `/home/user/antigravity/typpingchallenge/dataconnect`
 {"metadata":{"emulator":{"name":"dataconnect"},"message":"E0203 13:26:34.311912    4101 watch.go:116] watchAllDir unable to walk dir `/home/user/antigravity/typpingchallenge/dataconnect`: lstat /home/user/antigravity/typpingchallenge/dataconnect: no such file or directory\nE0203 13:26:34.312037    4101 watch.go:40] Failed to load config from \"/home/user/antigravity/typpingchallenge/dataconnect\": could not find dataconnect.yaml in `/home/user/antigravity/typpingchallenge/dataconnect`\n"}}
[debug] [2026-02-03T07:56:44.321Z] E0203 13:26:44.320758    4101 watch.go:40] Failed to load config from "/home/user/antigravity/typpingchallenge/dataconnect": could not find dataconnect.yaml in `/home/user/antigravity/typpingchallenge/dataconnect`
 {"metadata":{"emulator":{"name":"dataconnect"},"message":"E0203 13:26:44.320758    4101 watch.go:40] Failed to load config from \"/home/user/antigravity/typpingchallenge/dataconnect\": could not find dataconnect.yaml in `/home/user/antigravity/typpingchallenge/dataconnect`\n"}}
[debug] [2026-02-03T07:56:54.321Z] E0203 13:26:54.320785    4101 watch.go:40] Failed to load config from "/home/user/antigravity/typpingchallenge/dataconnect": could not find dataconnect.yaml in `/home/user/antigravity/typpingchallenge/dataconnect`
 {"metadata":{"emulator":{"name":"dataconnect"},"message":"E0203 13:26:54.320785    4101 watch.go:40] Failed to load config from \"/home/user/antigravity/typpingchallenge/dataconnect\": could not find dataconnect.yaml in `/home/user/antigravity/typpingchallenge/dataconnect`\n"}}
[debug] [2026-02-03T07:57:04.312Z] E0203 13:27:04.312168    4101 watch.go:40] Failed to load config from "/home/user/antigravity/typpingchallenge/dataconnect": could not find dataconnect.yaml in `/home/user/antigravity/typpingchallenge/dataconnect`
 {"metadata":{"emulator":{"name":"dataconnect"},"message":"E0203 13:27:04.312168    4101 watch.go:40] Failed to load config from \"/home/user/antigravity/typpingchallenge/dataconnect\": could not find dataconnect.yaml in `/home/user/antigravity/typpingchallenge/dataconnect`\n"}}
[debug] [2026-02-03T07:57:14.311Z] E0203 13:27:14.311755    4101 watch.go:40] Failed to load config from "/home/user/antigravity/typpingchallenge/dataconnect": could not find dataconnect.yaml in `/home/user/antigravity/typpingchallenge/dataconnect`
 {"metadata":{"emulator":{"name":"dataconnect"},"message":"E0203 13:27:14.311755    4101 watch.go:40] Failed to load config from \"/home/user/antigravity/typpingchallenge/dataconnect\": could not find dataconnect.yaml in `/home/user/antigravity/typpingchallenge/dataconnect`\n"}}
[debug] [2026-02-03T07:57:24.321Z] E0203 13:27:24.320815    4101 watch.go:40] Failed to load config from "/home/user/antigravity/typpingchallenge/dataconnect": could not find dataconnect.yaml in `/home/user/antigravity/typpingchallenge/dataconnect`
 {"metadata":{"emulator":{"name":"dataconnect"},"message":"E0203 13:27:24.320815    4101 watch.go:40] Failed to load config from \"/home/user/antigravity/typpingchallenge/dataconnect\": could not find dataconnect.yaml in `/home/user/antigravity/typpingchallenge/dataconnect`\n"}}
[debug] [2026-02-03T07:57:34.312Z] E0203 13:27:34.311899    4101 watch.go:116] watchAllDir unable to walk dir `/home/user/antigravity/typpingchallenge/dataconnect`: lstat /home/user/antigravity/typpingchallenge/dataconnect: no such file or directory
E0203 13:27:34.312038    4101 watch.go:40] Failed to load config from "/home/user/antigravity/typpingchallenge/dataconnect": could not find dataconnect.yaml in `/home/user/antigravity/typpingchallenge/dataconnect`
 {"metadata":{"emulator":{"name":"dataconnect"},"message":"E0203 13:27:34.311899    4101 watch.go:116] watchAllDir unable to walk dir `/home/user/antigravity/typpingchallenge/dataconnect`: lstat /home/user/antigravity/typpingchallenge/dataconnect: no such file or directory\nE0203 13:27:34.312038    4101 watch.go:40] Failed to load config from \"/home/user/antigravity/typpingchallenge/dataconnect\": could not find dataconnect.yaml in `/home/user/antigravity/typpingchallenge/dataconnect`\n"}}
[debug] [2026-02-03T07:57:44.320Z] E0203 13:27:44.320730    4101 watch.go:40] Failed to load config from "/home/user/antigravity/typpingchallenge/dataconnect": could not find dataconnect.yaml in `/home/user/antigravity/typpingchallenge/dataconnect`
 {"metadata":{"emulator":{"name":"dataconnect"},"message":"E0203 13:27:44.320730    4101 watch.go:40] Failed to load config from \"/home/user/antigravity/typpingchallenge/dataconnect\": could not find dataconnect.yaml in `/home/user/antigravity/typpingchallenge/dataconnect`\n"}}
[debug] [2026-02-03T07:57:54.320Z] E0203 13:27:54.320716    4101 watch.go:40] Failed to load config from "/home/user/antigravity/typpingchallenge/dataconnect": could not find dataconnect.yaml in `/home/user/antigravity/typpingchallenge/dataconnect`
 {"metadata":{"emulator":{"name":"dataconnect"},"message":"E0203 13:27:54.320716    4101 watch.go:40] Failed to load config from \"/home/user/antigravity/typpingchallenge/dataconnect\": could not find dataconnect.yaml in `/home/user/antigravity/typpingchallenge/dataconnect`\n"}}
[debug] [2026-02-03T07:58:04.313Z] E0203 13:28:04.311983    4101 watch.go:40] Failed to load config from "/home/user/antigravity/typpingchallenge/dataconnect": could not find dataconnect.yaml in `/home/user/antigravity/typpingchallenge/dataconnect`
 {"metadata":{"emulator":{"name":"dataconnect"},"message":"E0203 13:28:04.311983    4101 watch.go:40] Failed to load config from \"/home/user/antigravity/typpingchallenge/dataconnect\": could not find dataconnect.yaml in `/home/user/antigravity/typpingchallenge/dataconnect`\n"}}
[debug] [2026-02-03T07:58:14.321Z] E0203 13:28:14.320758    4101 watch.go:40] Failed to load config from "/home/user/antigravity/typpingchallenge/dataconnect": could not find dataconnect.yaml in `/home/user/antigravity/typpingchallenge/dataconnect`
 {"metadata":{"emulator":{"name":"dataconnect"},"message":"E0203 13:28:14.320758    4101 watch.go:40] Failed to load config from \"/home/user/antigravity/typpingchallenge/dataconnect\": could not find dataconnect.yaml in `/home/user/antigravity/typpingchallenge/dataconnect`\n"}}
[debug] [2026-02-03T07:58:24.320Z] E0203 13:28:24.320720    4101 watch.go:40] Failed to load config from "/home/user/antigravity/typpingchallenge/dataconnect": could not find dataconnect.yaml in `/home/user/antigravity/typpingchallenge/dataconnect`
 {"metadata":{"emulator":{"name":"dataconnect"},"message":"E0203 13:28:24.320720    4101 watch.go:40] Failed to load config from \"/home/user/antigravity/typpingchallenge/dataconnect\": could not find dataconnect.yaml in `/home/user/antigravity/typpingchallenge/dataconnect`\n"}}
[debug] [2026-02-03T07:58:34.312Z] E0203 13:28:34.312001    4101 watch.go:116] watchAllDir unable to walk dir `/home/user/antigravity/typpingchallenge/dataconnect`: lstat /home/user/antigravity/typpingchallenge/dataconnect: no such file or directory
E0203 13:28:34.312069    4101 watch.go:40] Failed to load config from "/home/user/antigravity/typpingchallenge/dataconnect": could not find dataconnect.yaml in `/home/user/antigravity/typpingchallenge/dataconnect`
 {"metadata":{"emulator":{"name":"dataconnect"},"message":"E0203 13:28:34.312001    4101 watch.go:116] watchAllDir unable to walk dir `/home/user/antigravity/typpingchallenge/dataconnect`: lstat /home/user/antigravity/typpingchallenge/dataconnect: no such file or directory\nE0203 13:28:34.312069    4101 watch.go:40] Failed to load config from \"/home/user/antigravity/typpingchallenge/dataconnect\": could not find dataconnect.yaml in `/home/user/antigravity/typpingchallenge/dataconnect`\n"}}
[debug] [2026-02-03T07:58:44.321Z] E0203 13:28:44.320783    4101 watch.go:40] Failed to load config from "/home/user/antigravity/typpingchallenge/dataconnect": could not find dataconnect.yaml in `/home/user/antigravity/typpingchallenge/dataconnect`
 {"metadata":{"emulator":{"name":"dataconnect"},"message":"E0203 13:28:44.320783    4101 watch.go:40] Failed to load config from \"/home/user/antigravity/typpingchallenge/dataconnect\": could not find dataconnect.yaml in `/home/user/antigravity/typpingchallenge/dataconnect`\n"}}
[debug] [2026-02-03T07:58:54.321Z] E0203 13:28:54.320884    4101 watch.go:40] Failed to load config from "/home/user/antigravity/typpingchallenge/dataconnect": could not find dataconnect.yaml in `/home/user/antigravity/typpingchallenge/dataconnect`
 {"metadata":{"emulator":{"name":"dataconnect"},"message":"E0203 13:28:54.320884    4101 watch.go:40] Failed to load config from \"/home/user/antigravity/typpingchallenge/dataconnect\": could not find dataconnect.yaml in `/home/user/antigravity/typpingchallenge/dataconnect`\n"}}
[debug] [2026-02-03T07:59:04.312Z] E0203 13:29:04.311943    4101 watch.go:40] Failed to load config from "/home/user/antigravity/typpingchallenge/dataconnect": could not find dataconnect.yaml in `/home/user/antigravity/typpingchallenge/dataconnect`
 {"metadata":{"emulator":{"name":"dataconnect"},"message":"E0203 13:29:04.311943    4101 watch.go:40] Failed to load config from \"/home/user/antigravity/typpingchallenge/dataconnect\": could not find dataconnect.yaml in `/home/user/antigravity/typpingchallenge/dataconnect`\n"}}
[debug] [2026-02-03T07:59:14.312Z] E0203 13:29:14.311988    4101 watch.go:40] Failed to load config from "/home/user/antigravity/typpingchallenge/dataconnect": could not find dataconnect.yaml in `/home/user/antigravity/typpingchallenge/dataconnect`
 {"metadata":{"emulator":{"name":"dataconnect"},"message":"E0203 13:29:14.311988    4101 watch.go:40] Failed to load config from \"/home/user/antigravity/typpingchallenge/dataconnect\": could not find dataconnect.yaml in `/home/user/antigravity/typpingchallenge/dataconnect`\n"}}
[debug] [2026-02-03T07:59:24.312Z] E0203 13:29:24.311804    4101 watch.go:40] Failed to load config from "/home/user/antigravity/typpingchallenge/dataconnect": could not find dataconnect.yaml in `/home/user/antigravity/typpingchallenge/dataconnect`
 {"metadata":{"emulator":{"name":"dataconnect"},"message":"E0203 13:29:24.311804    4101 watch.go:40] Failed to load config from \"/home/user/antigravity/typpingchallenge/dataconnect\": could not find dataconnect.yaml in `/home/user/antigravity/typpingchallenge/dataconnect`\n"}}
[debug] [2026-02-03T07:59:34.312Z] E0203 13:29:34.311840    4101 watch.go:116] watchAllDir unable to walk dir `/home/user/antigravity/typpingchallenge/dataconnect`: lstat /home/user/antigravity/typpingchallenge/dataconnect: no such file or directory
E0203 13:29:34.311915    4101 watch.go:40] Failed to load config from "/home/user/antigravity/typpingchallenge/dataconnect": could not find dataconnect.yaml in `/home/user/antigravity/typpingchallenge/dataconnect`
 {"metadata":{"emulator":{"name":"dataconnect"},"message":"E0203 13:29:34.311840    4101 watch.go:116] watchAllDir unable to walk dir `/home/user/antigravity/typpingchallenge/dataconnect`: lstat /home/user/antigravity/typpingchallenge/dataconnect: no such file or directory\nE0203 13:29:34.311915    4101 watch.go:40] Failed to load config from \"/home/user/antigravity/typpingchallenge/dataconnect\": could not find dataconnect.yaml in `/home/user/antigravity/typpingchallenge/dataconnect`\n"}}
[debug] [2026-02-03T07:59:44.321Z] E0203 13:29:44.320786    4101 watch.go:40] Failed to load config from "/home/user/antigravity/typpingchallenge/dataconnect": could not find dataconnect.yaml in `/home/user/antigravity/typpingchallenge/dataconnect`
 {"metadata":{"emulator":{"name":"dataconnect"},"message":"E0203 13:29:44.320786    4101 watch.go:40] Failed to load config from \"/home/user/antigravity/typpingchallenge/dataconnect\": could not find dataconnect.yaml in `/home/user/antigravity/typpingchallenge/dataconnect`\n"}}
[debug] [2026-02-03T07:59:54.321Z] E0203 13:29:54.320768    4101 watch.go:40] Failed to load config from "/home/user/antigravity/typpingchallenge/dataconnect": could not find dataconnect.yaml in `/home/user/antigravity/typpingchallenge/dataconnect`
 {"metadata":{"emulator":{"name":"dataconnect"},"message":"E0203 13:29:54.320768    4101 watch.go:40] Failed to load config from \"/home/user/antigravity/typpingchallenge/dataconnect\": could not find dataconnect.yaml in `/home/user/antigravity/typpingchallenge/dataconnect`\n"}}
[debug] [2026-02-03T08:00:04.312Z] E0203 13:30:04.311928    4101 watch.go:40] Failed to load config from "/home/user/antigravity/typpingchallenge/dataconnect": could not find dataconnect.yaml in `/home/user/antigravity/typpingchallenge/dataconnect`
 {"metadata":{"emulator":{"name":"dataconnect"},"message":"E0203 13:30:04.311928    4101 watch.go:40] Failed to load config from \"/home/user/antigravity/typpingchallenge/dataconnect\": could not find dataconnect.yaml in `/home/user/antigravity/typpingchallenge/dataconnect`\n"}}
[debug] [2026-02-03T08:00:14.318Z] E0203 13:30:14.317797    4101 watch.go:40] Failed to load config from "/home/user/antigravity/typpingchallenge/dataconnect": could not find dataconnect.yaml in `/home/user/antigravity/typpingchallenge/dataconnect`
 {"metadata":{"emulator":{"name":"dataconnect"},"message":"E0203 13:30:14.317797    4101 watch.go:40] Failed to load config from \"/home/user/antigravity/typpingchallenge/dataconnect\": could not find dataconnect.yaml in `/home/user/antigravity/typpingchallenge/dataconnect`\n"}}
[debug] [2026-02-03T08:00:24.320Z] E0203 13:30:24.320736    4101 watch.go:40] Failed to load config from "/home/user/antigravity/typpingchallenge/dataconnect": could not find dataconnect.yaml in `/home/user/antigravity/typpingchallenge/dataconnect`
 {"metadata":{"emulator":{"name":"dataconnect"},"message":"E0203 13:30:24.320736    4101 watch.go:40] Failed to load config from \"/home/user/antigravity/typpingchallenge/dataconnect\": could not find dataconnect.yaml in `/home/user/antigravity/typpingchallenge/dataconnect`\n"}}
[debug] [2026-02-03T08:00:34.312Z] E0203 13:30:34.311861    4101 watch.go:116] watchAllDir unable to walk dir `/home/user/antigravity/typpingchallenge/dataconnect`: lstat /home/user/antigravity/typpingchallenge/dataconnect: no such file or directory
E0203 13:30:34.311914    4101 watch.go:40] Failed to load config from "/home/user/antigravity/typpingchallenge/dataconnect": could not find dataconnect.yaml in `/home/user/antigravity/typpingchallenge/dataconnect`
 {"metadata":{"emulator":{"name":"dataconnect"},"message":"E0203 13:30:34.311861    4101 watch.go:116] watchAllDir unable to walk dir `/home/user/antigravity/typpingchallenge/dataconnect`: lstat /home/user/antigravity/typpingchallenge/dataconnect: no such file or directory\nE0203 13:30:34.311914    4101 watch.go:40] Failed to load config from \"/home/user/antigravity/typpingchallenge/dataconnect\": could not find dataconnect.yaml in `/home/user/antigravity/typpingchallenge/dataconnect`\n"}}
[debug] [2026-02-03T08:00:44.321Z] E0203 13:30:44.321160    4101 watch.go:40] Failed to load config from "/home/user/antigravity/typpingchallenge/dataconnect": could not find dataconnect.yaml in `/home/user/antigravity/typpingchallenge/dataconnect`
 {"metadata":{"emulator":{"name":"dataconnect"},"message":"E0203 13:30:44.321160    4101 watch.go:40] Failed to load config from \"/home/user/antigravity/typpingchallenge/dataconnect\": could not find dataconnect.yaml in `/home/user/antigravity/typpingchallenge/dataconnect`\n"}}
[debug] [2026-02-03T08:00:54.321Z] E0203 13:30:54.320762    4101 watch.go:40] Failed to load config from "/home/user/antigravity/typpingchallenge/dataconnect": could not find dataconnect.yaml in `/home/user/antigravity/typpingchallenge/dataconnect`
 {"metadata":{"emulator":{"name":"dataconnect"},"message":"E0203 13:30:54.320762    4101 watch.go:40] Failed to load config from \"/home/user/antigravity/typpingchallenge/dataconnect\": could not find dataconnect.yaml in `/home/user/antigravity/typpingchallenge/dataconnect`\n"}}
[debug] [2026-02-03T08:01:04.313Z] E0203 13:31:04.313281    4101 watch.go:40] Failed to load config from "/home/user/antigravity/typpingchallenge/dataconnect": could not find dataconnect.yaml in `/home/user/antigravity/typpingchallenge/dataconnect`
 {"metadata":{"emulator":{"name":"dataconnect"},"message":"E0203 13:31:04.313281    4101 watch.go:40] Failed to load config from \"/home/user/antigravity/typpingchallenge/dataconnect\": could not find dataconnect.yaml in `/home/user/antigravity/typpingchallenge/dataconnect`\n"}}
[debug] [2026-02-03T08:01:14.322Z] E0203 13:31:14.321491    4101 watch.go:40] Failed to load config from "/home/user/antigravity/typpingchallenge/dataconnect": could not find dataconnect.yaml in `/home/user/antigravity/typpingchallenge/dataconnect`
 {"metadata":{"emulator":{"name":"dataconnect"},"message":"E0203 13:31:14.321491    4101 watch.go:40] Failed to load config from \"/home/user/antigravity/typpingchallenge/dataconnect\": could not find dataconnect.yaml in `/home/user/antigravity/typpingchallenge/dataconnect`\n"}}
[debug] [2026-02-03T08:01:24.315Z] E0203 13:31:24.314564    4101 watch.go:40] Failed to load config from "/home/user/antigravity/typpingchallenge/dataconnect": could not find dataconnect.yaml in `/home/user/antigravity/typpingchallenge/dataconnect`
 {"metadata":{"emulator":{"name":"dataconnect"},"message":"E0203 13:31:24.314564    4101 watch.go:40] Failed to load config from \"/home/user/antigravity/typpingchallenge/dataconnect\": could not find dataconnect.yaml in `/home/user/antigravity/typpingchallenge/dataconnect`\n"}}
[debug] [2026-02-03T08:01:34.312Z] E0203 13:31:34.311830    4101 watch.go:116] watchAllDir unable to walk dir `/home/user/antigravity/typpingchallenge/dataconnect`: lstat /home/user/antigravity/typpingchallenge/dataconnect: no such file or directory
E0203 13:31:34.311926    4101 watch.go:40] Failed to load config from "/home/user/antigravity/typpingchallenge/dataconnect": could not find dataconnect.yaml in `/home/user/antigravity/typpingchallenge/dataconnect`
 {"metadata":{"emulator":{"name":"dataconnect"},"message":"E0203 13:31:34.311830    4101 watch.go:116] watchAllDir unable to walk dir `/home/user/antigravity/typpingchallenge/dataconnect`: lstat /home/user/antigravity/typpingchallenge/dataconnect: no such file or directory\nE0203 13:31:34.311926    4101 watch.go:40] Failed to load config from \"/home/user/antigravity/typpingchallenge/dataconnect\": could not find dataconnect.yaml in `/home/user/antigravity/typpingchallenge/dataconnect`\n"}}
[debug] [2026-02-03T08:01:44.320Z] E0203 13:31:44.320730    4101 watch.go:40] Failed to load config from "/home/user/antigravity/typpingchallenge/dataconnect": could not find dataconnect.yaml in `/home/user/antigravity/typpingchallenge/dataconnect`
 {"metadata":{"emulator":{"name":"dataconnect"},"message":"E0203 13:31:44.320730    4101 watch.go:40] Failed to load config from \"/home/user/antigravity/typpingchallenge/dataconnect\": could not find dataconnect.yaml in `/home/user/antigravity/typpingchallenge/dataconnect`\n"}}
[debug] [2026-02-03T08:01:54.320Z] E0203 13:31:54.320708    4101 watch.go:40] Failed to load config from "/home/user/antigravity/typpingchallenge/dataconnect": could not find dataconnect.yaml in `/home/user/antigravity/typpingchallenge/dataconnect`
 {"metadata":{"emulator":{"name":"dataconnect"},"message":"E0203 13:31:54.320708    4101 watch.go:40] Failed to load config from \"/home/user/antigravity/typpingchallenge/dataconnect\": could not find dataconnect.yaml in `/home/user/antigravity/typpingchallenge/dataconnect`\n"}}
[debug] [2026-02-03T08:02:04.312Z] E0203 13:32:04.311870    4101 watch.go:40] Failed to load config from "/home/user/antigravity/typpingchallenge/dataconnect": could not find dataconnect.yaml in `/home/user/antigravity/typpingchallenge/dataconnect`
 {"metadata":{"emulator":{"name":"dataconnect"},"message":"E0203 13:32:04.311870    4101 watch.go:40] Failed to load config from \"/home/user/antigravity/typpingchallenge/dataconnect\": could not find dataconnect.yaml in `/home/user/antigravity/typpingchallenge/dataconnect`\n"}}
[debug] [2026-02-03T08:02:14.321Z] E0203 13:32:14.320963    4101 watch.go:40] Failed to load config from "/home/user/antigravity/typpingchallenge/dataconnect": could not find dataconnect.yaml in `/home/user/antigravity/typpingchallenge/dataconnect`
 {"metadata":{"emulator":{"name":"dataconnect"},"message":"E0203 13:32:14.320963    4101 watch.go:40] Failed to load config from \"/home/user/antigravity/typpingchallenge/dataconnect\": could not find dataconnect.yaml in `/home/user/antigravity/typpingchallenge/dataconnect`\n"}}
[debug] [2026-02-03T08:02:24.320Z] E0203 13:32:24.320751    4101 watch.go:40] Failed to load config from "/home/user/antigravity/typpingchallenge/dataconnect": could not find dataconnect.yaml in `/home/user/antigravity/typpingchallenge/dataconnect`
 {"metadata":{"emulator":{"name":"dataconnect"},"message":"E0203 13:32:24.320751    4101 watch.go:40] Failed to load config from \"/home/user/antigravity/typpingchallenge/dataconnect\": could not find dataconnect.yaml in `/home/user/antigravity/typpingchallenge/dataconnect`\n"}}
[debug] [2026-02-03T08:02:34.312Z] E0203 13:32:34.311851    4101 watch.go:116] watchAllDir unable to walk dir `/home/user/antigravity/typpingchallenge/dataconnect`: lstat /home/user/antigravity/typpingchallenge/dataconnect: no such file or directory
E0203 13:32:34.311944    4101 watch.go:40] Failed to load config from "/home/user/antigravity/typpingchallenge/dataconnect": could not find dataconnect.yaml in `/home/user/antigravity/typpingchallenge/dataconnect`
 {"metadata":{"emulator":{"name":"dataconnect"},"message":"E0203 13:32:34.311851    4101 watch.go:116] watchAllDir unable to walk dir `/home/user/antigravity/typpingchallenge/dataconnect`: lstat /home/user/antigravity/typpingchallenge/dataconnect: no such file or directory\nE0203 13:32:34.311944    4101 watch.go:40] Failed to load config from \"/home/user/antigravity/typpingchallenge/dataconnect\": could not find dataconnect.yaml in `/home/user/antigravity/typpingchallenge/dataconnect`\n"}}
[debug] [2026-02-03T08:02:44.321Z] E0203 13:32:44.320966    4101 watch.go:40] Failed to load config from "/home/user/antigravity/typpingchallenge/dataconnect": could not find dataconnect.yaml in `/home/user/antigravity/typpingchallenge/dataconnect`
 {"metadata":{"emulator":{"name":"dataconnect"},"message":"E0203 13:32:44.320966    4101 watch.go:40] Failed to load config from \"/home/user/antigravity/typpingchallenge/dataconnect\": could not find dataconnect.yaml in `/home/user/antigravity/typpingchallenge/dataconnect`\n"}}
[debug] [2026-02-03T08:02:54.320Z] E0203 13:32:54.320774    4101 watch.go:40] Failed to load config from "/home/user/antigravity/typpingchallenge/dataconnect": could not find dataconnect.yaml in `/home/user/antigravity/typpingchallenge/dataconnect`
 {"metadata":{"emulator":{"name":"dataconnect"},"message":"E0203 13:32:54.320774    4101 watch.go:40] Failed to load config from \"/home/user/antigravity/typpingchallenge/dataconnect\": could not find dataconnect.yaml in `/home/user/antigravity/typpingchallenge/dataconnect`\n"}}
[debug] [2026-02-03T08:03:04.312Z] E0203 13:33:04.311888    4101 watch.go:40] Failed to load config from "/home/user/antigravity/typpingchallenge/dataconnect": could not find dataconnect.yaml in `/home/user/antigravity/typpingchallenge/dataconnect`
 {"metadata":{"emulator":{"name":"dataconnect"},"message":"E0203 13:33:04.311888    4101 watch.go:40] Failed to load config from \"/home/user/antigravity/typpingchallenge/dataconnect\": could not find dataconnect.yaml in `/home/user/antigravity/typpingchallenge/dataconnect`\n"}}
[debug] [2026-02-03T08:03:14.321Z] E0203 13:33:14.320893    4101 watch.go:40] Failed to load config from "/home/user/antigravity/typpingchallenge/dataconnect": could not find dataconnect.yaml in `/home/user/antigravity/typpingchallenge/dataconnect`
 {"metadata":{"emulator":{"name":"dataconnect"},"message":"E0203 13:33:14.320893    4101 watch.go:40] Failed to load config from \"/home/user/antigravity/typpingchallenge/dataconnect\": could not find dataconnect.yaml in `/home/user/antigravity/typpingchallenge/dataconnect`\n"}}
[debug] [2026-02-03T08:03:24.321Z] E0203 13:33:24.320877    4101 watch.go:40] Failed to load config from "/home/user/antigravity/typpingchallenge/dataconnect": could not find dataconnect.yaml in `/home/user/antigravity/typpingchallenge/dataconnect`
 {"metadata":{"emulator":{"name":"dataconnect"},"message":"E0203 13:33:24.320877    4101 watch.go:40] Failed to load config from \"/home/user/antigravity/typpingchallenge/dataconnect\": could not find dataconnect.yaml in `/home/user/antigravity/typpingchallenge/dataconnect`\n"}}
[debug] [2026-02-03T08:03:34.312Z] E0203 13:33:34.311747    4101 watch.go:116] watchAllDir unable to walk dir `/home/user/antigravity/typpingchallenge/dataconnect`: lstat /home/user/antigravity/typpingchallenge/dataconnect: no such file or directory
E0203 13:33:34.311819    4101 watch.go:40] Failed to load config from "/home/user/antigravity/typpingchallenge/dataconnect": could not find dataconnect.yaml in `/home/user/antigravity/typpingchallenge/dataconnect`
 {"metadata":{"emulator":{"name":"dataconnect"},"message":"E0203 13:33:34.311747    4101 watch.go:116] watchAllDir unable to walk dir `/home/user/antigravity/typpingchallenge/dataconnect`: lstat /home/user/antigravity/typpingchallenge/dataconnect: no such file or directory\nE0203 13:33:34.311819    4101 watch.go:40] Failed to load config from \"/home/user/antigravity/typpingchallenge/dataconnect\": could not find dataconnect.yaml in `/home/user/antigravity/typpingchallenge/dataconnect`\n"}}
[debug] [2026-02-03T08:03:44.321Z] E0203 13:33:44.320802    4101 watch.go:40] Failed to load config from "/home/user/antigravity/typpingchallenge/dataconnect": could not find dataconnect.yaml in `/home/user/antigravity/typpingchallenge/dataconnect`
 {"metadata":{"emulator":{"name":"dataconnect"},"message":"E0203 13:33:44.320802    4101 watch.go:40] Failed to load config from \"/home/user/antigravity/typpingchallenge/dataconnect\": could not find dataconnect.yaml in `/home/user/antigravity/typpingchallenge/dataconnect`\n"}}
[debug] [2026-02-03T08:03:54.321Z] E0203 13:33:54.320873    4101 watch.go:40] Failed to load config from "/home/user/antigravity/typpingchallenge/dataconnect": could not find dataconnect.yaml in `/home/user/antigravity/typpingchallenge/dataconnect`
 {"metadata":{"emulator":{"name":"dataconnect"},"message":"E0203 13:33:54.320873    4101 watch.go:40] Failed to load config from \"/home/user/antigravity/typpingchallenge/dataconnect\": could not find dataconnect.yaml in `/home/user/antigravity/typpingchallenge/dataconnect`\n"}}
[debug] [2026-02-03T08:04:04.312Z] E0203 13:34:04.311891    4101 watch.go:40] Failed to load config from "/home/user/antigravity/typpingchallenge/dataconnect": could not find dataconnect.yaml in `/home/user/antigravity/typpingchallenge/dataconnect`
 {"metadata":{"emulator":{"name":"dataconnect"},"message":"E0203 13:34:04.311891    4101 watch.go:40] Failed to load config from \"/home/user/antigravity/typpingchallenge/dataconnect\": could not find dataconnect.yaml in `/home/user/antigravity/typpingchallenge/dataconnect`\n"}}
[debug] [2026-02-03T08:04:14.321Z] E0203 13:34:14.320758    4101 watch.go:40] Failed to load config from "/home/user/antigravity/typpingchallenge/dataconnect": could not find dataconnect.yaml in `/home/user/antigravity/typpingchallenge/dataconnect`
 {"metadata":{"emulator":{"name":"dataconnect"},"message":"E0203 13:34:14.320758    4101 watch.go:40] Failed to load config from \"/home/user/antigravity/typpingchallenge/dataconnect\": could not find dataconnect.yaml in `/home/user/antigravity/typpingchallenge/dataconnect`\n"}}
[debug] [2026-02-03T08:04:24.320Z] E0203 13:34:24.320687    4101 watch.go:40] Failed to load config from "/home/user/antigravity/typpingchallenge/dataconnect": could not find dataconnect.yaml in `/home/user/antigravity/typpingchallenge/dataconnect`
 {"metadata":{"emulator":{"name":"dataconnect"},"message":"E0203 13:34:24.320687    4101 watch.go:40] Failed to load config from \"/home/user/antigravity/typpingchallenge/dataconnect\": could not find dataconnect.yaml in `/home/user/antigravity/typpingchallenge/dataconnect`\n"}}
[debug] [2026-02-03T08:04:34.312Z] E0203 13:34:34.311862    4101 watch.go:116] watchAllDir unable to walk dir `/home/user/antigravity/typpingchallenge/dataconnect`: lstat /home/user/antigravity/typpingchallenge/dataconnect: no such file or directory
E0203 13:34:34.311950    4101 watch.go:40] Failed to load config from "/home/user/antigravity/typpingchallenge/dataconnect": could not find dataconnect.yaml in `/home/user/antigravity/typpingchallenge/dataconnect`
 {"metadata":{"emulator":{"name":"dataconnect"},"message":"E0203 13:34:34.311862    4101 watch.go:116] watchAllDir unable to walk dir `/home/user/antigravity/typpingchallenge/dataconnect`: lstat /home/user/antigravity/typpingchallenge/dataconnect: no such file or directory\nE0203 13:34:34.311950    4101 watch.go:40] Failed to load config from \"/home/user/antigravity/typpingchallenge/dataconnect\": could not find dataconnect.yaml in `/home/user/antigravity/typpingchallenge/dataconnect`\n"}}
[debug] [2026-02-03T08:04:44.321Z] E0203 13:34:44.320881    4101 watch.go:40] Failed to load config from "/home/user/antigravity/typpingchallenge/dataconnect": could not find dataconnect.yaml in `/home/user/antigravity/typpingchallenge/dataconnect`
 {"metadata":{"emulator":{"name":"dataconnect"},"message":"E0203 13:34:44.320881    4101 watch.go:40] Failed to load config from \"/home/user/antigravity/typpingchallenge/dataconnect\": could not find dataconnect.yaml in `/home/user/antigravity/typpingchallenge/dataconnect`\n"}}
[debug] [2026-02-03T08:04:54.320Z] E0203 13:34:54.320732    4101 watch.go:40] Failed to load config from "/home/user/antigravity/typpingchallenge/dataconnect": could not find dataconnect.yaml in `/home/user/antigravity/typpingchallenge/dataconnect`
 {"metadata":{"emulator":{"name":"dataconnect"},"message":"E0203 13:34:54.320732    4101 watch.go:40] Failed to load config from \"/home/user/antigravity/typpingchallenge/dataconnect\": could not find dataconnect.yaml in `/home/user/antigravity/typpingchallenge/dataconnect`\n"}}
[debug] [2026-02-03T08:05:04.312Z] E0203 13:35:04.311892    4101 watch.go:40] Failed to load config from "/home/user/antigravity/typpingchallenge/dataconnect": could not find dataconnect.yaml in `/home/user/antigravity/typpingchallenge/dataconnect`
 {"metadata":{"emulator":{"name":"dataconnect"},"message":"E0203 13:35:04.311892    4101 watch.go:40] Failed to load config from \"/home/user/antigravity/typpingchallenge/dataconnect\": could not find dataconnect.yaml in `/home/user/antigravity/typpingchallenge/dataconnect`\n"}}
[debug] [2026-02-03T08:05:14.321Z] E0203 13:35:14.320752    4101 watch.go:40] Failed to load config from "/home/user/antigravity/typpingchallenge/dataconnect": could not find dataconnect.yaml in `/home/user/antigravity/typpingchallenge/dataconnect`
 {"metadata":{"emulator":{"name":"dataconnect"},"message":"E0203 13:35:14.320752    4101 watch.go:40] Failed to load config from \"/home/user/antigravity/typpingchallenge/dataconnect\": could not find dataconnect.yaml in `/home/user/antigravity/typpingchallenge/dataconnect`\n"}}
[debug] [2026-02-03T08:05:24.322Z] E0203 13:35:24.320879    4101 watch.go:40] Failed to load config from "/home/user/antigravity/typpingchallenge/dataconnect": could not find dataconnect.yaml in `/home/user/antigravity/typpingchallenge/dataconnect`
 {"metadata":{"emulator":{"name":"dataconnect"},"message":"E0203 13:35:24.320879    4101 watch.go:40] Failed to load config from \"/home/user/antigravity/typpingchallenge/dataconnect\": could not find dataconnect.yaml in `/home/user/antigravity/typpingchallenge/dataconnect`\n"}}
[debug] [2026-02-03T08:05:34.312Z] E0203 13:35:34.312104    4101 watch.go:116] watchAllDir unable to walk dir `/home/user/antigravity/typpingchallenge/dataconnect`: lstat /home/user/antigravity/typpingchallenge/dataconnect: no such file or directory
E0203 13:35:34.312335    4101 watch.go:40] Failed to load config from "/home/user/antigravity/typpingchallenge/dataconnect": could not find dataconnect.yaml in `/home/user/antigravity/typpingchallenge/dataconnect`
 {"metadata":{"emulator":{"name":"dataconnect"},"message":"E0203 13:35:34.312104    4101 watch.go:116] watchAllDir unable to walk dir `/home/user/antigravity/typpingchallenge/dataconnect`: lstat /home/user/antigravity/typpingchallenge/dataconnect: no such file or directory\nE0203 13:35:34.312335    4101 watch.go:40] Failed to load config from \"/home/user/antigravity/typpingchallenge/dataconnect\": could not find dataconnect.yaml in `/home/user/antigravity/typpingchallenge/dataconnect`\n"}}
[debug] [2026-02-03T08:05:44.311Z] E0203 13:35:44.311766    4101 watch.go:40] Failed to load config from "/home/user/antigravity/typpingchallenge/dataconnect": could not find dataconnect.yaml in `/home/user/antigravity/typpingchallenge/dataconnect`
 {"metadata":{"emulator":{"name":"dataconnect"},"message":"E0203 13:35:44.311766    4101 watch.go:40] Failed to load config from \"/home/user/antigravity/typpingchallenge/dataconnect\": could not find dataconnect.yaml in `/home/user/antigravity/typpingchallenge/dataconnect`\n"}}
[debug] [2026-02-03T08:05:54.320Z] E0203 13:35:54.320773    4101 watch.go:40] Failed to load config from "/home/user/antigravity/typpingchallenge/dataconnect": could not find dataconnect.yaml in `/home/user/antigravity/typpingchallenge/dataconnect`
 {"metadata":{"emulator":{"name":"dataconnect"},"message":"E0203 13:35:54.320773    4101 watch.go:40] Failed to load config from \"/home/user/antigravity/typpingchallenge/dataconnect\": could not find dataconnect.yaml in `/home/user/antigravity/typpingchallenge/dataconnect`\n"}}
[debug] [2026-02-03T08:06:04.312Z] E0203 13:36:04.312508    4101 watch.go:40] Failed to load config from "/home/user/antigravity/typpingchallenge/dataconnect": could not find dataconnect.yaml in `/home/user/antigravity/typpingchallenge/dataconnect`
 {"metadata":{"emulator":{"name":"dataconnect"},"message":"E0203 13:36:04.312508    4101 watch.go:40] Failed to load config from \"/home/user/antigravity/typpingchallenge/dataconnect\": could not find dataconnect.yaml in `/home/user/antigravity/typpingchallenge/dataconnect`\n"}}
[debug] [2026-02-03T08:06:14.321Z] E0203 13:36:14.321323    4101 watch.go:40] Failed to load config from "/home/user/antigravity/typpingchallenge/dataconnect": could not find dataconnect.yaml in `/home/user/antigravity/typpingchallenge/dataconnect`
 {"metadata":{"emulator":{"name":"dataconnect"},"message":"E0203 13:36:14.321323    4101 watch.go:40] Failed to load config from \"/home/user/antigravity/typpingchallenge/dataconnect\": could not find dataconnect.yaml in `/home/user/antigravity/typpingchallenge/dataconnect`\n"}}
[debug] [2026-02-03T08:06:24.321Z] E0203 13:36:24.321020    4101 watch.go:40] Failed to load config from "/home/user/antigravity/typpingchallenge/dataconnect": could not find dataconnect.yaml in `/home/user/antigravity/typpingchallenge/dataconnect`
 {"metadata":{"emulator":{"name":"dataconnect"},"message":"E0203 13:36:24.321020    4101 watch.go:40] Failed to load config from \"/home/user/antigravity/typpingchallenge/dataconnect\": could not find dataconnect.yaml in `/home/user/antigravity/typpingchallenge/dataconnect`\n"}}
[debug] [2026-02-03T08:06:34.312Z] E0203 13:36:34.312056    4101 watch.go:40] Failed to load config from "/home/user/antigravity/typpingchallenge/dataconnect": could not find dataconnect.yaml in `/home/user/antigravity/typpingchallenge/dataconnect`
 {"metadata":{"emulator":{"name":"dataconnect"},"message":"E0203 13:36:34.312056    4101 watch.go:40] Failed to load config from \"/home/user/antigravity/typpingchallenge/dataconnect\": could not find dataconnect.yaml in `/home/user/antigravity/typpingchallenge/dataconnect`\n"}}
[debug] [2026-02-03T08:06:34.316Z] E0203 13:36:34.311962    4101 watch.go:116] watchAllDir unable to walk dir `/home/user/antigravity/typpingchallenge/dataconnect`: lstat /home/user/antigravity/typpingchallenge/dataconnect: no such file or directory
 {"metadata":{"emulator":{"name":"dataconnect"},"message":"E0203 13:36:34.311962    4101 watch.go:116] watchAllDir unable to walk dir `/home/user/antigravity/typpingchallenge/dataconnect`: lstat /home/user/antigravity/typpingchallenge/dataconnect: no such file or directory\n"}}
[debug] [2026-02-03T08:06:44.321Z] E0203 13:36:44.320823    4101 watch.go:40] Failed to load config from "/home/user/antigravity/typpingchallenge/dataconnect": could not find dataconnect.yaml in `/home/user/antigravity/typpingchallenge/dataconnect`
 {"metadata":{"emulator":{"name":"dataconnect"},"message":"E0203 13:36:44.320823    4101 watch.go:40] Failed to load config from \"/home/user/antigravity/typpingchallenge/dataconnect\": could not find dataconnect.yaml in `/home/user/antigravity/typpingchallenge/dataconnect`\n"}}
[debug] [2026-02-03T08:06:54.321Z] E0203 13:36:54.320806    4101 watch.go:40] Failed to load config from "/home/user/antigravity/typpingchallenge/dataconnect": could not find dataconnect.yaml in `/home/user/antigravity/typpingchallenge/dataconnect`
 {"metadata":{"emulator":{"name":"dataconnect"},"message":"E0203 13:36:54.320806    4101 watch.go:40] Failed to load config from \"/home/user/antigravity/typpingchallenge/dataconnect\": could not find dataconnect.yaml in `/home/user/antigravity/typpingchallenge/dataconnect`\n"}}
[debug] [2026-02-03T08:07:04.315Z] E0203 13:37:04.314351    4101 watch.go:40] Failed to load config from "/home/user/antigravity/typpingchallenge/dataconnect": could not find dataconnect.yaml in `/home/user/antigravity/typpingchallenge/dataconnect`
 {"metadata":{"emulator":{"name":"dataconnect"},"message":"E0203 13:37:04.314351    4101 watch.go:40] Failed to load config from \"/home/user/antigravity/typpingchallenge/dataconnect\": could not find dataconnect.yaml in `/home/user/antigravity/typpingchallenge/dataconnect`\n"}}
[debug] [2026-02-03T08:07:14.321Z] E0203 13:37:14.321164    4101 watch.go:40] Failed to load config from "/home/user/antigravity/typpingchallenge/dataconnect": could not find dataconnect.yaml in `/home/user/antigravity/typpingchallenge/dataconnect`
 {"metadata":{"emulator":{"name":"dataconnect"},"message":"E0203 13:37:14.321164    4101 watch.go:40] Failed to load config from \"/home/user/antigravity/typpingchallenge/dataconnect\": could not find dataconnect.yaml in `/home/user/antigravity/typpingchallenge/dataconnect`\n"}}
[debug] [2026-02-03T08:07:24.320Z] E0203 13:37:24.320755    4101 watch.go:40] Failed to load config from "/home/user/antigravity/typpingchallenge/dataconnect": could not find dataconnect.yaml in `/home/user/antigravity/typpingchallenge/dataconnect`
 {"metadata":{"emulator":{"name":"dataconnect"},"message":"E0203 13:37:24.320755    4101 watch.go:40] Failed to load config from \"/home/user/antigravity/typpingchallenge/dataconnect\": could not find dataconnect.yaml in `/home/user/antigravity/typpingchallenge/dataconnect`\n"}}
[debug] [2026-02-03T08:07:34.312Z] E0203 13:37:34.311978    4101 watch.go:40] Failed to load config from "/home/user/antigravity/typpingchallenge/dataconnect": could not find dataconnect.yaml in `/home/user/antigravity/typpingchallenge/dataconnect`
 {"metadata":{"emulator":{"name":"dataconnect"},"message":"E0203 13:37:34.311978    4101 watch.go:40] Failed to load config from \"/home/user/antigravity/typpingchallenge/dataconnect\": could not find dataconnect.yaml in `/home/user/antigravity/typpingchallenge/dataconnect`\n"}}
[debug] [2026-02-03T08:07:34.313Z] E0203 13:37:34.311892    4101 watch.go:116] watchAllDir unable to walk dir `/home/user/antigravity/typpingchallenge/dataconnect`: lstat /home/user/antigravity/typpingchallenge/dataconnect: no such file or directory
 {"metadata":{"emulator":{"name":"dataconnect"},"message":"E0203 13:37:34.311892    4101 watch.go:116] watchAllDir unable to walk dir `/home/user/antigravity/typpingchallenge/dataconnect`: lstat /home/user/antigravity/typpingchallenge/dataconnect: no such file or directory\n"}}
[debug] [2026-02-03T08:07:44.312Z] E0203 13:37:44.311894    4101 watch.go:40] Failed to load config from "/home/user/antigravity/typpingchallenge/dataconnect": could not find dataconnect.yaml in `/home/user/antigravity/typpingchallenge/dataconnect`
 {"metadata":{"emulator":{"name":"dataconnect"},"message":"E0203 13:37:44.311894    4101 watch.go:40] Failed to load config from \"/home/user/antigravity/typpingchallenge/dataconnect\": could not find dataconnect.yaml in `/home/user/antigravity/typpingchallenge/dataconnect`\n"}}
[debug] [2026-02-03T08:07:54.312Z] E0203 13:37:54.312257    4101 watch.go:40] Failed to load config from "/home/user/antigravity/typpingchallenge/dataconnect": could not find dataconnect.yaml in `/home/user/antigravity/typpingchallenge/dataconnect`
 {"metadata":{"emulator":{"name":"dataconnect"},"message":"E0203 13:37:54.312257    4101 watch.go:40] Failed to load config from \"/home/user/antigravity/typpingchallenge/dataconnect\": could not find dataconnect.yaml in `/home/user/antigravity/typpingchallenge/dataconnect`\n"}}
[debug] [2026-02-03T08:08:04.312Z] E0203 13:38:04.311850    4101 watch.go:40] Failed to load config from "/home/user/antigravity/typpingchallenge/dataconnect": could not find dataconnect.yaml in `/home/user/antigravity/typpingchallenge/dataconnect`
 {"metadata":{"emulator":{"name":"dataconnect"},"message":"E0203 13:38:04.311850    4101 watch.go:40] Failed to load config from \"/home/user/antigravity/typpingchallenge/dataconnect\": could not find dataconnect.yaml in `/home/user/antigravity/typpingchallenge/dataconnect`\n"}}
[debug] [2026-02-03T08:08:14.321Z] E0203 13:38:14.320755    4101 watch.go:40] Failed to load config from "/home/user/antigravity/typpingchallenge/dataconnect": could not find dataconnect.yaml in `/home/user/antigravity/typpingchallenge/dataconnect`
 {"metadata":{"emulator":{"name":"dataconnect"},"message":"E0203 13:38:14.320755    4101 watch.go:40] Failed to load config from \"/home/user/antigravity/typpingchallenge/dataconnect\": could not find dataconnect.yaml in `/home/user/antigravity/typpingchallenge/dataconnect`\n"}}
[debug] [2026-02-03T08:08:24.320Z] E0203 13:38:24.320724    4101 watch.go:40] Failed to load config from "/home/user/antigravity/typpingchallenge/dataconnect": could not find dataconnect.yaml in `/home/user/antigravity/typpingchallenge/dataconnect`
 {"metadata":{"emulator":{"name":"dataconnect"},"message":"E0203 13:38:24.320724    4101 watch.go:40] Failed to load config from \"/home/user/antigravity/typpingchallenge/dataconnect\": could not find dataconnect.yaml in `/home/user/antigravity/typpingchallenge/dataconnect`\n"}}
[debug] [2026-02-03T08:08:34.312Z] E0203 13:38:34.311906    4101 watch.go:116] watchAllDir unable to walk dir `/home/user/antigravity/typpingchallenge/dataconnect`: lstat /home/user/antigravity/typpingchallenge/dataconnect: no such file or directory
E0203 13:38:34.311948    4101 watch.go:40] Failed to load config from "/home/user/antigravity/typpingchallenge/dataconnect": could not find dataconnect.yaml in `/home/user/antigravity/typpingchallenge/dataconnect`
 {"metadata":{"emulator":{"name":"dataconnect"},"message":"E0203 13:38:34.311906    4101 watch.go:116] watchAllDir unable to walk dir `/home/user/antigravity/typpingchallenge/dataconnect`: lstat /home/user/antigravity/typpingchallenge/dataconnect: no such file or directory\nE0203 13:38:34.311948    4101 watch.go:40] Failed to load config from \"/home/user/antigravity/typpingchallenge/dataconnect\": could not find dataconnect.yaml in `/home/user/antigravity/typpingchallenge/dataconnect`\n"}}
[debug] [2026-02-03T08:08:44.321Z] E0203 13:38:44.320740    4101 watch.go:40] Failed to load config from "/home/user/antigravity/typpingchallenge/dataconnect": could not find dataconnect.yaml in `/home/user/antigravity/typpingchallenge/dataconnect`
 {"metadata":{"emulator":{"name":"dataconnect"},"message":"E0203 13:38:44.320740    4101 watch.go:40] Failed to load config from \"/home/user/antigravity/typpingchallenge/dataconnect\": could not find dataconnect.yaml in `/home/user/antigravity/typpingchallenge/dataconnect`\n"}}
[debug] [2026-02-03T08:08:54.321Z] E0203 13:38:54.321001    4101 watch.go:40] Failed to load config from "/home/user/antigravity/typpingchallenge/dataconnect": could not find dataconnect.yaml in `/home/user/antigravity/typpingchallenge/dataconnect`
 {"metadata":{"emulator":{"name":"dataconnect"},"message":"E0203 13:38:54.321001    4101 watch.go:40] Failed to load config from \"/home/user/antigravity/typpingchallenge/dataconnect\": could not find dataconnect.yaml in `/home/user/antigravity/typpingchallenge/dataconnect`\n"}}
[debug] [2026-02-03T08:09:04.312Z] E0203 13:39:04.312253    4101 watch.go:40] Failed to load config from "/home/user/antigravity/typpingchallenge/dataconnect": could not find dataconnect.yaml in `/home/user/antigravity/typpingchallenge/dataconnect`
 {"metadata":{"emulator":{"name":"dataconnect"},"message":"E0203 13:39:04.312253    4101 watch.go:40] Failed to load config from \"/home/user/antigravity/typpingchallenge/dataconnect\": could not find dataconnect.yaml in `/home/user/antigravity/typpingchallenge/dataconnect`\n"}}
[debug] [2026-02-03T08:09:14.321Z] E0203 13:39:14.321282    4101 watch.go:40] Failed to load config from "/home/user/antigravity/typpingchallenge/dataconnect": could not find dataconnect.yaml in `/home/user/antigravity/typpingchallenge/dataconnect`
 {"metadata":{"emulator":{"name":"dataconnect"},"message":"E0203 13:39:14.321282    4101 watch.go:40] Failed to load config from \"/home/user/antigravity/typpingchallenge/dataconnect\": could not find dataconnect.yaml in `/home/user/antigravity/typpingchallenge/dataconnect`\n"}}
[debug] [2026-02-03T08:09:24.323Z] E0203 13:39:24.323464    4101 watch.go:40] Failed to load config from "/home/user/antigravity/typpingchallenge/dataconnect": could not find dataconnect.yaml in `/home/user/antigravity/typpingchallenge/dataconnect`
 {"metadata":{"emulator":{"name":"dataconnect"},"message":"E0203 13:39:24.323464    4101 watch.go:40] Failed to load config from \"/home/user/antigravity/typpingchallenge/dataconnect\": could not find dataconnect.yaml in `/home/user/antigravity/typpingchallenge/dataconnect`\n"}}
[debug] [2026-02-03T08:09:34.314Z] E0203 13:39:34.313708    4101 watch.go:40] Failed to load config from "/home/user/antigravity/typpingchallenge/dataconnect": could not find dataconnect.yaml in `/home/user/antigravity/typpingchallenge/dataconnect`
 {"metadata":{"emulator":{"name":"dataconnect"},"message":"E0203 13:39:34.313708    4101 watch.go:40] Failed to load config from \"/home/user/antigravity/typpingchallenge/dataconnect\": could not find dataconnect.yaml in `/home/user/antigravity/typpingchallenge/dataconnect`\n"}}
[debug] [2026-02-03T08:09:34.315Z] E0203 13:39:34.313158    4101 watch.go:116] watchAllDir unable to walk dir `/home/user/antigravity/typpingchallenge/dataconnect`: lstat /home/user/antigravity/typpingchallenge/dataconnect: no such file or directory
 {"metadata":{"emulator":{"name":"dataconnect"},"message":"E0203 13:39:34.313158    4101 watch.go:116] watchAllDir unable to walk dir `/home/user/antigravity/typpingchallenge/dataconnect`: lstat /home/user/antigravity/typpingchallenge/dataconnect: no such file or directory\n"}}
[debug] [2026-02-03T08:09:44.321Z] E0203 13:39:44.321181    4101 watch.go:40] Failed to load config from "/home/user/antigravity/typpingchallenge/dataconnect": could not find dataconnect.yaml in `/home/user/antigravity/typpingchallenge/dataconnect`
 {"metadata":{"emulator":{"name":"dataconnect"},"message":"E0203 13:39:44.321181    4101 watch.go:40] Failed to load config from \"/home/user/antigravity/typpingchallenge/dataconnect\": could not find dataconnect.yaml in `/home/user/antigravity/typpingchallenge/dataconnect`\n"}}
[debug] [2026-02-03T08:09:54.315Z] E0203 13:39:54.314688    4101 watch.go:40] Failed to load config from "/home/user/antigravity/typpingchallenge/dataconnect": could not find dataconnect.yaml in `/home/user/antigravity/typpingchallenge/dataconnect`
 {"metadata":{"emulator":{"name":"dataconnect"},"message":"E0203 13:39:54.314688    4101 watch.go:40] Failed to load config from \"/home/user/antigravity/typpingchallenge/dataconnect\": could not find dataconnect.yaml in `/home/user/antigravity/typpingchallenge/dataconnect`\n"}}
[debug] [2026-02-03T08:10:04.311Z] E0203 13:40:04.311815    4101 watch.go:40] Failed to load config from "/home/user/antigravity/typpingchallenge/dataconnect": could not find dataconnect.yaml in `/home/user/antigravity/typpingchallenge/dataconnect`
 {"metadata":{"emulator":{"name":"dataconnect"},"message":"E0203 13:40:04.311815    4101 watch.go:40] Failed to load config from \"/home/user/antigravity/typpingchallenge/dataconnect\": could not find dataconnect.yaml in `/home/user/antigravity/typpingchallenge/dataconnect`\n"}}
[debug] [2026-02-03T08:10:14.320Z] E0203 13:40:14.320702    4101 watch.go:40] Failed to load config from "/home/user/antigravity/typpingchallenge/dataconnect": could not find dataconnect.yaml in `/home/user/antigravity/typpingchallenge/dataconnect`
 {"metadata":{"emulator":{"name":"dataconnect"},"message":"E0203 13:40:14.320702    4101 watch.go:40] Failed to load config from \"/home/user/antigravity/typpingchallenge/dataconnect\": could not find dataconnect.yaml in `/home/user/antigravity/typpingchallenge/dataconnect`\n"}}
[debug] [2026-02-03T08:10:24.320Z] E0203 13:40:24.320700    4101 watch.go:40] Failed to load config from "/home/user/antigravity/typpingchallenge/dataconnect": could not find dataconnect.yaml in `/home/user/antigravity/typpingchallenge/dataconnect`
 {"metadata":{"emulator":{"name":"dataconnect"},"message":"E0203 13:40:24.320700    4101 watch.go:40] Failed to load config from \"/home/user/antigravity/typpingchallenge/dataconnect\": could not find dataconnect.yaml in `/home/user/antigravity/typpingchallenge/dataconnect`\n"}}
[debug] [2026-02-03T08:10:34.311Z] E0203 13:40:34.311806    4101 watch.go:116] watchAllDir unable to walk dir `/home/user/antigravity/typpingchallenge/dataconnect`: lstat /home/user/antigravity/typpingchallenge/dataconnect: no such file or directory
E0203 13:40:34.311864    4101 watch.go:40] Failed to load config from "/home/user/antigravity/typpingchallenge/dataconnect": could not find dataconnect.yaml in `/home/user/antigravity/typpingchallenge/dataconnect`
 {"metadata":{"emulator":{"name":"dataconnect"},"message":"E0203 13:40:34.311806    4101 watch.go:116] watchAllDir unable to walk dir `/home/user/antigravity/typpingchallenge/dataconnect`: lstat /home/user/antigravity/typpingchallenge/dataconnect: no such file or directory\nE0203 13:40:34.311864    4101 watch.go:40] Failed to load config from \"/home/user/antigravity/typpingchallenge/dataconnect\": could not find dataconnect.yaml in `/home/user/antigravity/typpingchallenge/dataconnect`\n"}}
[debug] [2026-02-03T08:10:44.320Z] E0203 13:40:44.320683    4101 watch.go:40] Failed to load config from "/home/user/antigravity/typpingchallenge/dataconnect": could not find dataconnect.yaml in `/home/user/antigravity/typpingchallenge/dataconnect`
 {"metadata":{"emulator":{"name":"dataconnect"},"message":"E0203 13:40:44.320683    4101 watch.go:40] Failed to load config from \"/home/user/antigravity/typpingchallenge/dataconnect\": could not find dataconnect.yaml in `/home/user/antigravity/typpingchallenge/dataconnect`\n"}}
[debug] [2026-02-03T08:10:54.321Z] E0203 13:40:54.320751    4101 watch.go:40] Failed to load config from "/home/user/antigravity/typpingchallenge/dataconnect": could not find dataconnect.yaml in `/home/user/antigravity/typpingchallenge/dataconnect`
 {"metadata":{"emulator":{"name":"dataconnect"},"message":"E0203 13:40:54.320751    4101 watch.go:40] Failed to load config from \"/home/user/antigravity/typpingchallenge/dataconnect\": could not find dataconnect.yaml in `/home/user/antigravity/typpingchallenge/dataconnect`\n"}}
[debug] [2026-02-03T08:11:04.311Z] E0203 13:41:04.311794    4101 watch.go:40] Failed to load config from "/home/user/antigravity/typpingchallenge/dataconnect": could not find dataconnect.yaml in `/home/user/antigravity/typpingchallenge/dataconnect`
 {"metadata":{"emulator":{"name":"dataconnect"},"message":"E0203 13:41:04.311794    4101 watch.go:40] Failed to load config from \"/home/user/antigravity/typpingchallenge/dataconnect\": could not find dataconnect.yaml in `/home/user/antigravity/typpingchallenge/dataconnect`\n"}}
[debug] [2026-02-03T08:11:14.321Z] E0203 13:41:14.320898    4101 watch.go:40] Failed to load config from "/home/user/antigravity/typpingchallenge/dataconnect": could not find dataconnect.yaml in `/home/user/antigravity/typpingchallenge/dataconnect`
 {"metadata":{"emulator":{"name":"dataconnect"},"message":"E0203 13:41:14.320898    4101 watch.go:40] Failed to load config from \"/home/user/antigravity/typpingchallenge/dataconnect\": could not find dataconnect.yaml in `/home/user/antigravity/typpingchallenge/dataconnect`\n"}}
[debug] [2026-02-03T08:11:24.320Z] E0203 13:41:24.320712    4101 watch.go:40] Failed to load config from "/home/user/antigravity/typpingchallenge/dataconnect": could not find dataconnect.yaml in `/home/user/antigravity/typpingchallenge/dataconnect`
 {"metadata":{"emulator":{"name":"dataconnect"},"message":"E0203 13:41:24.320712    4101 watch.go:40] Failed to load config from \"/home/user/antigravity/typpingchallenge/dataconnect\": could not find dataconnect.yaml in `/home/user/antigravity/typpingchallenge/dataconnect`\n"}}
[debug] [2026-02-03T08:11:34.312Z] E0203 13:41:34.311825    4101 watch.go:116] watchAllDir unable to walk dir `/home/user/antigravity/typpingchallenge/dataconnect`: lstat /home/user/antigravity/typpingchallenge/dataconnect: no such file or directory
E0203 13:41:34.311901    4101 watch.go:40] Failed to load config from "/home/user/antigravity/typpingchallenge/dataconnect": could not find dataconnect.yaml in `/home/user/antigravity/typpingchallenge/dataconnect`
 {"metadata":{"emulator":{"name":"dataconnect"},"message":"E0203 13:41:34.311825    4101 watch.go:116] watchAllDir unable to walk dir `/home/user/antigravity/typpingchallenge/dataconnect`: lstat /home/user/antigravity/typpingchallenge/dataconnect: no such file or directory\nE0203 13:41:34.311901    4101 watch.go:40] Failed to load config from \"/home/user/antigravity/typpingchallenge/dataconnect\": could not find dataconnect.yaml in `/home/user/antigravity/typpingchallenge/dataconnect`\n"}}
[debug] [2026-02-03T08:11:44.320Z] E0203 13:41:44.320698    4101 watch.go:40] Failed to load config from "/home/user/antigravity/typpingchallenge/dataconnect": could not find dataconnect.yaml in `/home/user/antigravity/typpingchallenge/dataconnect`
 {"metadata":{"emulator":{"name":"dataconnect"},"message":"E0203 13:41:44.320698    4101 watch.go:40] Failed to load config from \"/home/user/antigravity/typpingchallenge/dataconnect\": could not find dataconnect.yaml in `/home/user/antigravity/typpingchallenge/dataconnect`\n"}}
[debug] [2026-02-03T08:11:54.320Z] E0203 13:41:54.320777    4101 watch.go:40] Failed to load config from "/home/user/antigravity/typpingchallenge/dataconnect": could not find dataconnect.yaml in `/home/user/antigravity/typpingchallenge/dataconnect`
 {"metadata":{"emulator":{"name":"dataconnect"},"message":"E0203 13:41:54.320777    4101 watch.go:40] Failed to load config from \"/home/user/antigravity/typpingchallenge/dataconnect\": could not find dataconnect.yaml in `/home/user/antigravity/typpingchallenge/dataconnect`\n"}}
[debug] [2026-02-03T08:12:04.311Z] E0203 13:42:04.311753    4101 watch.go:40] Failed to load config from "/home/user/antigravity/typpingchallenge/dataconnect": could not find dataconnect.yaml in `/home/user/antigravity/typpingchallenge/dataconnect`
 {"metadata":{"emulator":{"name":"dataconnect"},"message":"E0203 13:42:04.311753    4101 watch.go:40] Failed to load config from \"/home/user/antigravity/typpingchallenge/dataconnect\": could not find dataconnect.yaml in `/home/user/antigravity/typpingchallenge/dataconnect`\n"}}
[debug] [2026-02-03T08:12:14.320Z] E0203 13:42:14.320705    4101 watch.go:40] Failed to load config from "/home/user/antigravity/typpingchallenge/dataconnect": could not find dataconnect.yaml in `/home/user/antigravity/typpingchallenge/dataconnect`
 {"metadata":{"emulator":{"name":"dataconnect"},"message":"E0203 13:42:14.320705    4101 watch.go:40] Failed to load config from \"/home/user/antigravity/typpingchallenge/dataconnect\": could not find dataconnect.yaml in `/home/user/antigravity/typpingchallenge/dataconnect`\n"}}
[debug] [2026-02-03T08:12:24.338Z] E0203 13:42:24.332408    4101 watch.go:40] Failed to load config from "/home/user/antigravity/typpingchallenge/dataconnect": could not find dataconnect.yaml in `/home/user/antigravity/typpingchallenge/dataconnect`
 {"metadata":{"emulator":{"name":"dataconnect"},"message":"E0203 13:42:24.332408    4101 watch.go:40] Failed to load config from \"/home/user/antigravity/typpingchallenge/dataconnect\": could not find dataconnect.yaml in `/home/user/antigravity/typpingchallenge/dataconnect`\n"}}
[debug] [2026-02-03T08:12:34.312Z] E0203 13:42:34.311973    4101 watch.go:40] Failed to load config from "/home/user/antigravity/typpingchallenge/dataconnect": could not find dataconnect.yaml in `/home/user/antigravity/typpingchallenge/dataconnect`
 {"metadata":{"emulator":{"name":"dataconnect"},"message":"E0203 13:42:34.311973    4101 watch.go:40] Failed to load config from \"/home/user/antigravity/typpingchallenge/dataconnect\": could not find dataconnect.yaml in `/home/user/antigravity/typpingchallenge/dataconnect`\n"}}
[debug] [2026-02-03T08:12:34.312Z] E0203 13:42:34.311877    4101 watch.go:116] watchAllDir unable to walk dir `/home/user/antigravity/typpingchallenge/dataconnect`: lstat /home/user/antigravity/typpingchallenge/dataconnect: no such file or directory
 {"metadata":{"emulator":{"name":"dataconnect"},"message":"E0203 13:42:34.311877    4101 watch.go:116] watchAllDir unable to walk dir `/home/user/antigravity/typpingchallenge/dataconnect`: lstat /home/user/antigravity/typpingchallenge/dataconnect: no such file or directory\n"}}
[debug] [2026-02-03T08:12:44.320Z] E0203 13:42:44.320777    4101 watch.go:40] Failed to load config from "/home/user/antigravity/typpingchallenge/dataconnect": could not find dataconnect.yaml in `/home/user/antigravity/typpingchallenge/dataconnect`
 {"metadata":{"emulator":{"name":"dataconnect"},"message":"E0203 13:42:44.320777    4101 watch.go:40] Failed to load config from \"/home/user/antigravity/typpingchallenge/dataconnect\": could not find dataconnect.yaml in `/home/user/antigravity/typpingchallenge/dataconnect`\n"}}
[debug] [2026-02-03T08:12:54.320Z] E0203 13:42:54.320732    4101 watch.go:40] Failed to load config from "/home/user/antigravity/typpingchallenge/dataconnect": could not find dataconnect.yaml in `/home/user/antigravity/typpingchallenge/dataconnect`
 {"metadata":{"emulator":{"name":"dataconnect"},"message":"E0203 13:42:54.320732    4101 watch.go:40] Failed to load config from \"/home/user/antigravity/typpingchallenge/dataconnect\": could not find dataconnect.yaml in `/home/user/antigravity/typpingchallenge/dataconnect`\n"}}
[debug] [2026-02-03T08:13:04.312Z] E0203 13:43:04.312174    4101 watch.go:40] Failed to load config from "/home/user/antigravity/typpingchallenge/dataconnect": could not find dataconnect.yaml in `/home/user/antigravity/typpingchallenge/dataconnect`
 {"metadata":{"emulator":{"name":"dataconnect"},"message":"E0203 13:43:04.312174    4101 watch.go:40] Failed to load config from \"/home/user/antigravity/typpingchallenge/dataconnect\": could not find dataconnect.yaml in `/home/user/antigravity/typpingchallenge/dataconnect`\n"}}
[debug] [2026-02-03T08:13:14.321Z] E0203 13:43:14.320934    4101 watch.go:40] Failed to load config from "/home/user/antigravity/typpingchallenge/dataconnect": could not find dataconnect.yaml in `/home/user/antigravity/typpingchallenge/dataconnect`
 {"metadata":{"emulator":{"name":"dataconnect"},"message":"E0203 13:43:14.320934    4101 watch.go:40] Failed to load config from \"/home/user/antigravity/typpingchallenge/dataconnect\": could not find dataconnect.yaml in `/home/user/antigravity/typpingchallenge/dataconnect`\n"}}
[debug] [2026-02-03T08:13:24.321Z] E0203 13:43:24.320760    4101 watch.go:40] Failed to load config from "/home/user/antigravity/typpingchallenge/dataconnect": could not find dataconnect.yaml in `/home/user/antigravity/typpingchallenge/dataconnect`
 {"metadata":{"emulator":{"name":"dataconnect"},"message":"E0203 13:43:24.320760    4101 watch.go:40] Failed to load config from \"/home/user/antigravity/typpingchallenge/dataconnect\": could not find dataconnect.yaml in `/home/user/antigravity/typpingchallenge/dataconnect`\n"}}
[debug] [2026-02-03T08:13:34.319Z] E0203 13:43:34.316970    4101 watch.go:40] Failed to load config from "/home/user/antigravity/typpingchallenge/dataconnect": could not find dataconnect.yaml in `/home/user/antigravity/typpingchallenge/dataconnect`
 {"metadata":{"emulator":{"name":"dataconnect"},"message":"E0203 13:43:34.316970    4101 watch.go:40] Failed to load config from \"/home/user/antigravity/typpingchallenge/dataconnect\": could not find dataconnect.yaml in `/home/user/antigravity/typpingchallenge/dataconnect`\n"}}
[debug] [2026-02-03T08:13:34.320Z] E0203 13:43:34.311844    4101 watch.go:116] watchAllDir unable to walk dir `/home/user/antigravity/typpingchallenge/dataconnect`: lstat /home/user/antigravity/typpingchallenge/dataconnect: no such file or directory
 {"metadata":{"emulator":{"name":"dataconnect"},"message":"E0203 13:43:34.311844    4101 watch.go:116] watchAllDir unable to walk dir `/home/user/antigravity/typpingchallenge/dataconnect`: lstat /home/user/antigravity/typpingchallenge/dataconnect: no such file or directory\n"}}
[debug] [2026-02-03T08:13:44.320Z] E0203 13:43:44.320729    4101 watch.go:40] Failed to load config from "/home/user/antigravity/typpingchallenge/dataconnect": could not find dataconnect.yaml in `/home/user/antigravity/typpingchallenge/dataconnect`
 {"metadata":{"emulator":{"name":"dataconnect"},"message":"E0203 13:43:44.320729    4101 watch.go:40] Failed to load config from \"/home/user/antigravity/typpingchallenge/dataconnect\": could not find dataconnect.yaml in `/home/user/antigravity/typpingchallenge/dataconnect`\n"}}
[debug] [2026-02-03T08:13:54.321Z] E0203 13:43:54.320775    4101 watch.go:40] Failed to load config from "/home/user/antigravity/typpingchallenge/dataconnect": could not find dataconnect.yaml in `/home/user/antigravity/typpingchallenge/dataconnect`
 {"metadata":{"emulator":{"name":"dataconnect"},"message":"E0203 13:43:54.320775    4101 watch.go:40] Failed to load config from \"/home/user/antigravity/typpingchallenge/dataconnect\": could not find dataconnect.yaml in `/home/user/antigravity/typpingchallenge/dataconnect`\n"}}
[debug] [2026-02-03T08:14:04.316Z] E0203 13:44:04.315629    4101 watch.go:40] Failed to load config from "/home/user/antigravity/typpingchallenge/dataconnect": could not find dataconnect.yaml in `/home/user/antigravity/typpingchallenge/dataconnect`
 {"metadata":{"emulator":{"name":"dataconnect"},"message":"E0203 13:44:04.315629    4101 watch.go:40] Failed to load config from \"/home/user/antigravity/typpingchallenge/dataconnect\": could not find dataconnect.yaml in `/home/user/antigravity/typpingchallenge/dataconnect`\n"}}
[debug] [2026-02-03T08:14:14.311Z] E0203 13:44:14.311759    4101 watch.go:40] Failed to load config from "/home/user/antigravity/typpingchallenge/dataconnect": could not find dataconnect.yaml in `/home/user/antigravity/typpingchallenge/dataconnect`
 {"metadata":{"emulator":{"name":"dataconnect"},"message":"E0203 13:44:14.311759    4101 watch.go:40] Failed to load config from \"/home/user/antigravity/typpingchallenge/dataconnect\": could not find dataconnect.yaml in `/home/user/antigravity/typpingchallenge/dataconnect`\n"}}
[debug] [2026-02-03T08:14:24.320Z] E0203 13:44:24.320747    4101 watch.go:40] Failed to load config from "/home/user/antigravity/typpingchallenge/dataconnect": could not find dataconnect.yaml in `/home/user/antigravity/typpingchallenge/dataconnect`
 {"metadata":{"emulator":{"name":"dataconnect"},"message":"E0203 13:44:24.320747    4101 watch.go:40] Failed to load config from \"/home/user/antigravity/typpingchallenge/dataconnect\": could not find dataconnect.yaml in `/home/user/antigravity/typpingchallenge/dataconnect`\n"}}
[debug] [2026-02-03T08:14:34.312Z] E0203 13:44:34.311936    4101 watch.go:40] Failed to load config from "/home/user/antigravity/typpingchallenge/dataconnect": could not find dataconnect.yaml in `/home/user/antigravity/typpingchallenge/dataconnect`
 {"metadata":{"emulator":{"name":"dataconnect"},"message":"E0203 13:44:34.311936    4101 watch.go:40] Failed to load config from \"/home/user/antigravity/typpingchallenge/dataconnect\": could not find dataconnect.yaml in `/home/user/antigravity/typpingchallenge/dataconnect`\n"}}
[debug] [2026-02-03T08:14:34.313Z] E0203 13:44:34.311864    4101 watch.go:116] watchAllDir unable to walk dir `/home/user/antigravity/typpingchallenge/dataconnect`: lstat /home/user/antigravity/typpingchallenge/dataconnect: no such file or directory
 {"metadata":{"emulator":{"name":"dataconnect"},"message":"E0203 13:44:34.311864    4101 watch.go:116] watchAllDir unable to walk dir `/home/user/antigravity/typpingchallenge/dataconnect`: lstat /home/user/antigravity/typpingchallenge/dataconnect: no such file or directory\n"}}
[debug] [2026-02-03T08:14:44.320Z] E0203 13:44:44.320710    4101 watch.go:40] Failed to load config from "/home/user/antigravity/typpingchallenge/dataconnect": could not find dataconnect.yaml in `/home/user/antigravity/typpingchallenge/dataconnect`
 {"metadata":{"emulator":{"name":"dataconnect"},"message":"E0203 13:44:44.320710    4101 watch.go:40] Failed to load config from \"/home/user/antigravity/typpingchallenge/dataconnect\": could not find dataconnect.yaml in `/home/user/antigravity/typpingchallenge/dataconnect`\n"}}
[debug] [2026-02-03T08:14:54.320Z] E0203 13:44:54.320728    4101 watch.go:40] Failed to load config from "/home/user/antigravity/typpingchallenge/dataconnect": could not find dataconnect.yaml in `/home/user/antigravity/typpingchallenge/dataconnect`
 {"metadata":{"emulator":{"name":"dataconnect"},"message":"E0203 13:44:54.320728    4101 watch.go:40] Failed to load config from \"/home/user/antigravity/typpingchallenge/dataconnect\": could not find dataconnect.yaml in `/home/user/antigravity/typpingchallenge/dataconnect`\n"}}
[debug] [2026-02-03T08:15:04.312Z] E0203 13:45:04.311886    4101 watch.go:40] Failed to load config from "/home/user/antigravity/typpingchallenge/dataconnect": could not find dataconnect.yaml in `/home/user/antigravity/typpingchallenge/dataconnect`
 {"metadata":{"emulator":{"name":"dataconnect"},"message":"E0203 13:45:04.311886    4101 watch.go:40] Failed to load config from \"/home/user/antigravity/typpingchallenge/dataconnect\": could not find dataconnect.yaml in `/home/user/antigravity/typpingchallenge/dataconnect`\n"}}
[debug] [2026-02-03T08:15:14.320Z] E0203 13:45:14.320754    4101 watch.go:40] Failed to load config from "/home/user/antigravity/typpingchallenge/dataconnect": could not find dataconnect.yaml in `/home/user/antigravity/typpingchallenge/dataconnect`
 {"metadata":{"emulator":{"name":"dataconnect"},"message":"E0203 13:45:14.320754    4101 watch.go:40] Failed to load config from \"/home/user/antigravity/typpingchallenge/dataconnect\": could not find dataconnect.yaml in `/home/user/antigravity/typpingchallenge/dataconnect`\n"}}
[debug] [2026-02-03T08:15:24.312Z] E0203 13:45:24.312413    4101 watch.go:40] Failed to load config from "/home/user/antigravity/typpingchallenge/dataconnect": could not find dataconnect.yaml in `/home/user/antigravity/typpingchallenge/dataconnect`
 {"metadata":{"emulator":{"name":"dataconnect"},"message":"E0203 13:45:24.312413    4101 watch.go:40] Failed to load config from \"/home/user/antigravity/typpingchallenge/dataconnect\": could not find dataconnect.yaml in `/home/user/antigravity/typpingchallenge/dataconnect`\n"}}
[debug] [2026-02-03T08:15:34.312Z] E0203 13:45:34.312625    4101 watch.go:116] watchAllDir unable to walk dir `/home/user/antigravity/typpingchallenge/dataconnect`: lstat /home/user/antigravity/typpingchallenge/dataconnect: no such file or directory
E0203 13:45:34.312691    4101 watch.go:40] Failed to load config from "/home/user/antigravity/typpingchallenge/dataconnect": could not find dataconnect.yaml in `/home/user/antigravity/typpingchallenge/dataconnect`
 {"metadata":{"emulator":{"name":"dataconnect"},"message":"E0203 13:45:34.312625    4101 watch.go:116] watchAllDir unable to walk dir `/home/user/antigravity/typpingchallenge/dataconnect`: lstat /home/user/antigravity/typpingchallenge/dataconnect: no such file or directory\nE0203 13:45:34.312691    4101 watch.go:40] Failed to load config from \"/home/user/antigravity/typpingchallenge/dataconnect\": could not find dataconnect.yaml in `/home/user/antigravity/typpingchallenge/dataconnect`\n"}}
[debug] [2026-02-03T08:15:44.312Z] E0203 13:45:44.311728    4101 watch.go:40] Failed to load config from "/home/user/antigravity/typpingchallenge/dataconnect": could not find dataconnect.yaml in `/home/user/antigravity/typpingchallenge/dataconnect`
 {"metadata":{"emulator":{"name":"dataconnect"},"message":"E0203 13:45:44.311728    4101 watch.go:40] Failed to load config from \"/home/user/antigravity/typpingchallenge/dataconnect\": could not find dataconnect.yaml in `/home/user/antigravity/typpingchallenge/dataconnect`\n"}}
[debug] [2026-02-03T08:15:54.320Z] E0203 13:45:54.320778    4101 watch.go:40] Failed to load config from "/home/user/antigravity/typpingchallenge/dataconnect": could not find dataconnect.yaml in `/home/user/antigravity/typpingchallenge/dataconnect`
 {"metadata":{"emulator":{"name":"dataconnect"},"message":"E0203 13:45:54.320778    4101 watch.go:40] Failed to load config from \"/home/user/antigravity/typpingchallenge/dataconnect\": could not find dataconnect.yaml in `/home/user/antigravity/typpingchallenge/dataconnect`\n"}}
[debug] [2026-02-03T08:16:04.312Z] E0203 13:46:04.311975    4101 watch.go:40] Failed to load config from "/home/user/antigravity/typpingchallenge/dataconnect": could not find dataconnect.yaml in `/home/user/antigravity/typpingchallenge/dataconnect`
 {"metadata":{"emulator":{"name":"dataconnect"},"message":"E0203 13:46:04.311975    4101 watch.go:40] Failed to load config from \"/home/user/antigravity/typpingchallenge/dataconnect\": could not find dataconnect.yaml in `/home/user/antigravity/typpingchallenge/dataconnect`\n"}}
[debug] [2026-02-03T08:16:14.312Z] E0203 13:46:14.311892    4101 watch.go:40] Failed to load config from "/home/user/antigravity/typpingchallenge/dataconnect": could not find dataconnect.yaml in `/home/user/antigravity/typpingchallenge/dataconnect`
 {"metadata":{"emulator":{"name":"dataconnect"},"message":"E0203 13:46:14.311892    4101 watch.go:40] Failed to load config from \"/home/user/antigravity/typpingchallenge/dataconnect\": could not find dataconnect.yaml in `/home/user/antigravity/typpingchallenge/dataconnect`\n"}}
[debug] [2026-02-03T08:16:24.315Z] E0203 13:46:24.314590    4101 watch.go:40] Failed to load config from "/home/user/antigravity/typpingchallenge/dataconnect": could not find dataconnect.yaml in `/home/user/antigravity/typpingchallenge/dataconnect`
 {"metadata":{"emulator":{"name":"dataconnect"},"message":"E0203 13:46:24.314590    4101 watch.go:40] Failed to load config from \"/home/user/antigravity/typpingchallenge/dataconnect\": could not find dataconnect.yaml in `/home/user/antigravity/typpingchallenge/dataconnect`\n"}}
[debug] [2026-02-03T08:16:34.319Z] E0203 13:46:34.317132    4101 watch.go:40] Failed to load config from "/home/user/antigravity/typpingchallenge/dataconnect": could not find dataconnect.yaml in `/home/user/antigravity/typpingchallenge/dataconnect`
 {"metadata":{"emulator":{"name":"dataconnect"},"message":"E0203 13:46:34.317132    4101 watch.go:40] Failed to load config from \"/home/user/antigravity/typpingchallenge/dataconnect\": could not find dataconnect.yaml in `/home/user/antigravity/typpingchallenge/dataconnect`\n"}}
[debug] [2026-02-03T08:16:34.323Z] E0203 13:46:34.315198    4101 watch.go:116] watchAllDir unable to walk dir `/home/user/antigravity/typpingchallenge/dataconnect`: lstat /home/user/antigravity/typpingchallenge/dataconnect: no such file or directory
 {"metadata":{"emulator":{"name":"dataconnect"},"message":"E0203 13:46:34.315198    4101 watch.go:116] watchAllDir unable to walk dir `/home/user/antigravity/typpingchallenge/dataconnect`: lstat /home/user/antigravity/typpingchallenge/dataconnect: no such file or directory\n"}}
[debug] [2026-02-03T08:16:44.353Z] E0203 13:46:44.341628    4101 watch.go:40] Failed to load config from "/home/user/antigravity/typpingchallenge/dataconnect": could not find dataconnect.yaml in `/home/user/antigravity/typpingchallenge/dataconnect`
 {"metadata":{"emulator":{"name":"dataconnect"},"message":"E0203 13:46:44.341628    4101 watch.go:40] Failed to load config from \"/home/user/antigravity/typpingchallenge/dataconnect\": could not find dataconnect.yaml in `/home/user/antigravity/typpingchallenge/dataconnect`\n"}}
[debug] [2026-02-03T08:16:54.330Z] E0203 13:46:54.326142    4101 watch.go:40] Failed to load config from "/home/user/antigravity/typpingchallenge/dataconnect": could not find dataconnect.yaml in `/home/user/antigravity/typpingchallenge/dataconnect`
 {"metadata":{"emulator":{"name":"dataconnect"},"message":"E0203 13:46:54.326142    4101 watch.go:40] Failed to load config from \"/home/user/antigravity/typpingchallenge/dataconnect\": could not find dataconnect.yaml in `/home/user/antigravity/typpingchallenge/dataconnect`\n"}}
[debug] [2026-02-03T08:17:04.314Z] E0203 13:47:04.313865    4101 watch.go:40] Failed to load config from "/home/user/antigravity/typpingchallenge/dataconnect": could not find dataconnect.yaml in `/home/user/antigravity/typpingchallenge/dataconnect`
 {"metadata":{"emulator":{"name":"dataconnect"},"message":"E0203 13:47:04.313865    4101 watch.go:40] Failed to load config from \"/home/user/antigravity/typpingchallenge/dataconnect\": could not find dataconnect.yaml in `/home/user/antigravity/typpingchallenge/dataconnect`\n"}}
[debug] [2026-02-03T08:17:14.376Z] E0203 13:47:14.335957    4101 watch.go:40] Failed to load config from "/home/user/antigravity/typpingchallenge/dataconnect": could not find dataconnect.yaml in `/home/user/antigravity/typpingchallenge/dataconnect`
 {"metadata":{"emulator":{"name":"dataconnect"},"message":"E0203 13:47:14.335957    4101 watch.go:40] Failed to load config from \"/home/user/antigravity/typpingchallenge/dataconnect\": could not find dataconnect.yaml in `/home/user/antigravity/typpingchallenge/dataconnect`\n"}}
[debug] [2026-02-03T08:17:24.366Z] E0203 13:47:24.340227    4101 watch.go:40] Failed to load config from "/home/user/antigravity/typpingchallenge/dataconnect": could not find dataconnect.yaml in `/home/user/antigravity/typpingchallenge/dataconnect`
 {"metadata":{"emulator":{"name":"dataconnect"},"message":"E0203 13:47:24.340227    4101 watch.go:40] Failed to load config from \"/home/user/antigravity/typpingchallenge/dataconnect\": could not find dataconnect.yaml in `/home/user/antigravity/typpingchallenge/dataconnect`\n"}}
[debug] [2026-02-03T08:17:34.317Z] E0203 13:47:34.315683    4101 watch.go:40] Failed to load config from "/home/user/antigravity/typpingchallenge/dataconnect": could not find dataconnect.yaml in `/home/user/antigravity/typpingchallenge/dataconnect`
E0203 13:47:34.314485    4101 watch.go:116] watchAllDir unable to walk dir `/home/user/antigravity/typpingchallenge/dataconnect`: lstat /home/user/antigravity/typpingchallenge/dataconnect: no such file or directory
 {"metadata":{"emulator":{"name":"dataconnect"},"message":"E0203 13:47:34.315683    4101 watch.go:40] Failed to load config from \"/home/user/antigravity/typpingchallenge/dataconnect\": could not find dataconnect.yaml in `/home/user/antigravity/typpingchallenge/dataconnect`\nE0203 13:47:34.314485    4101 watch.go:116] watchAllDir unable to walk dir `/home/user/antigravity/typpingchallenge/dataconnect`: lstat /home/user/antigravity/typpingchallenge/dataconnect: no such file or directory\n"}}
[debug] [2026-02-03T08:17:44.322Z] E0203 13:47:44.320725    4101 watch.go:40] Failed to load config from "/home/user/antigravity/typpingchallenge/dataconnect": could not find dataconnect.yaml in `/home/user/antigravity/typpingchallenge/dataconnect`
 {"metadata":{"emulator":{"name":"dataconnect"},"message":"E0203 13:47:44.320725    4101 watch.go:40] Failed to load config from \"/home/user/antigravity/typpingchallenge/dataconnect\": could not find dataconnect.yaml in `/home/user/antigravity/typpingchallenge/dataconnect`\n"}}
[debug] [2026-02-03T08:17:54.321Z] E0203 13:47:54.321097    4101 watch.go:40] Failed to load config from "/home/user/antigravity/typpingchallenge/dataconnect": could not find dataconnect.yaml in `/home/user/antigravity/typpingchallenge/dataconnect`
 {"metadata":{"emulator":{"name":"dataconnect"},"message":"E0203 13:47:54.321097    4101 watch.go:40] Failed to load config from \"/home/user/antigravity/typpingchallenge/dataconnect\": could not find dataconnect.yaml in `/home/user/antigravity/typpingchallenge/dataconnect`\n"}}
[debug] [2026-02-03T08:18:04.312Z] E0203 13:48:04.311818    4101 watch.go:40] Failed to load config from "/home/user/antigravity/typpingchallenge/dataconnect": could not find dataconnect.yaml in `/home/user/antigravity/typpingchallenge/dataconnect`
 {"metadata":{"emulator":{"name":"dataconnect"},"message":"E0203 13:48:04.311818    4101 watch.go:40] Failed to load config from \"/home/user/antigravity/typpingchallenge/dataconnect\": could not find dataconnect.yaml in `/home/user/antigravity/typpingchallenge/dataconnect`\n"}}
[debug] [2026-02-03T08:18:14.325Z] E0203 13:48:14.324301    4101 watch.go:40] Failed to load config from "/home/user/antigravity/typpingchallenge/dataconnect": could not find dataconnect.yaml in `/home/user/antigravity/typpingchallenge/dataconnect`
 {"metadata":{"emulator":{"name":"dataconnect"},"message":"E0203 13:48:14.324301    4101 watch.go:40] Failed to load config from \"/home/user/antigravity/typpingchallenge/dataconnect\": could not find dataconnect.yaml in `/home/user/antigravity/typpingchallenge/dataconnect`\n"}}
[debug] [2026-02-03T08:18:24.311Z] E0203 13:48:24.311726    4101 watch.go:40] Failed to load config from "/home/user/antigravity/typpingchallenge/dataconnect": could not find dataconnect.yaml in `/home/user/antigravity/typpingchallenge/dataconnect`
 {"metadata":{"emulator":{"name":"dataconnect"},"message":"E0203 13:48:24.311726    4101 watch.go:40] Failed to load config from \"/home/user/antigravity/typpingchallenge/dataconnect\": could not find dataconnect.yaml in `/home/user/antigravity/typpingchallenge/dataconnect`\n"}}
[debug] [2026-02-03T08:18:34.312Z] E0203 13:48:34.311920    4101 watch.go:40] Failed to load config from "/home/user/antigravity/typpingchallenge/dataconnect": could not find dataconnect.yaml in `/home/user/antigravity/typpingchallenge/dataconnect`
 {"metadata":{"emulator":{"name":"dataconnect"},"message":"E0203 13:48:34.311920    4101 watch.go:40] Failed to load config from \"/home/user/antigravity/typpingchallenge/dataconnect\": could not find dataconnect.yaml in `/home/user/antigravity/typpingchallenge/dataconnect`\n"}}
[debug] [2026-02-03T08:18:34.313Z] E0203 13:48:34.311831    4101 watch.go:116] watchAllDir unable to walk dir `/home/user/antigravity/typpingchallenge/dataconnect`: lstat /home/user/antigravity/typpingchallenge/dataconnect: no such file or directory
 {"metadata":{"emulator":{"name":"dataconnect"},"message":"E0203 13:48:34.311831    4101 watch.go:116] watchAllDir unable to walk dir `/home/user/antigravity/typpingchallenge/dataconnect`: lstat /home/user/antigravity/typpingchallenge/dataconnect: no such file or directory\n"}}
[debug] [2026-02-03T08:18:44.321Z] E0203 13:48:44.320748    4101 watch.go:40] Failed to load config from "/home/user/antigravity/typpingchallenge/dataconnect": could not find dataconnect.yaml in `/home/user/antigravity/typpingchallenge/dataconnect`
 {"metadata":{"emulator":{"name":"dataconnect"},"message":"E0203 13:48:44.320748    4101 watch.go:40] Failed to load config from \"/home/user/antigravity/typpingchallenge/dataconnect\": could not find dataconnect.yaml in `/home/user/antigravity/typpingchallenge/dataconnect`\n"}}
[debug] [2026-02-03T08:18:54.321Z] E0203 13:48:54.320844    4101 watch.go:40] Failed to load config from "/home/user/antigravity/typpingchallenge/dataconnect": could not find dataconnect.yaml in `/home/user/antigravity/typpingchallenge/dataconnect`
 {"metadata":{"emulator":{"name":"dataconnect"},"message":"E0203 13:48:54.320844    4101 watch.go:40] Failed to load config from \"/home/user/antigravity/typpingchallenge/dataconnect\": could not find dataconnect.yaml in `/home/user/antigravity/typpingchallenge/dataconnect`\n"}}
[debug] [2026-02-03T08:19:04.353Z] E0203 13:49:04.324426    4101 watch.go:40] Failed to load config from "/home/user/antigravity/typpingchallenge/dataconnect": could not find dataconnect.yaml in `/home/user/antigravity/typpingchallenge/dataconnect`
 {"metadata":{"emulator":{"name":"dataconnect"},"message":"E0203 13:49:04.324426    4101 watch.go:40] Failed to load config from \"/home/user/antigravity/typpingchallenge/dataconnect\": could not find dataconnect.yaml in `/home/user/antigravity/typpingchallenge/dataconnect`\n"}}
[debug] [2026-02-03T08:19:14.335Z] E0203 13:49:14.325863    4101 watch.go:40] Failed to load config from "/home/user/antigravity/typpingchallenge/dataconnect": could not find dataconnect.yaml in `/home/user/antigravity/typpingchallenge/dataconnect`
 {"metadata":{"emulator":{"name":"dataconnect"},"message":"E0203 13:49:14.325863    4101 watch.go:40] Failed to load config from \"/home/user/antigravity/typpingchallenge/dataconnect\": could not find dataconnect.yaml in `/home/user/antigravity/typpingchallenge/dataconnect`\n"}}
[debug] [2026-02-03T08:19:24.359Z] E0203 13:49:24.334033    4101 watch.go:40] Failed to load config from "/home/user/antigravity/typpingchallenge/dataconnect": could not find dataconnect.yaml in `/home/user/antigravity/typpingchallenge/dataconnect`
 {"metadata":{"emulator":{"name":"dataconnect"},"message":"E0203 13:49:24.334033    4101 watch.go:40] Failed to load config from \"/home/user/antigravity/typpingchallenge/dataconnect\": could not find dataconnect.yaml in `/home/user/antigravity/typpingchallenge/dataconnect`\n"}}
[debug] [2026-02-03T08:19:34.317Z] E0203 13:49:34.316432    4101 watch.go:40] Failed to load config from "/home/user/antigravity/typpingchallenge/dataconnect": could not find dataconnect.yaml in `/home/user/antigravity/typpingchallenge/dataconnect`
E0203 13:49:34.315207    4101 watch.go:116] watchAllDir unable to walk dir `/home/user/antigravity/typpingchallenge/dataconnect`: lstat /home/user/antigravity/typpingchallenge/dataconnect: no such file or directory
 {"metadata":{"emulator":{"name":"dataconnect"},"message":"E0203 13:49:34.316432    4101 watch.go:40] Failed to load config from \"/home/user/antigravity/typpingchallenge/dataconnect\": could not find dataconnect.yaml in `/home/user/antigravity/typpingchallenge/dataconnect`\nE0203 13:49:34.315207    4101 watch.go:116] watchAllDir unable to walk dir `/home/user/antigravity/typpingchallenge/dataconnect`: lstat /home/user/antigravity/typpingchallenge/dataconnect: no such file or directory\n"}}
[debug] [2026-02-03T08:19:44.323Z] E0203 13:49:44.320745    4101 watch.go:40] Failed to load config from "/home/user/antigravity/typpingchallenge/dataconnect": could not find dataconnect.yaml in `/home/user/antigravity/typpingchallenge/dataconnect`
 {"metadata":{"emulator":{"name":"dataconnect"},"message":"E0203 13:49:44.320745    4101 watch.go:40] Failed to load config from \"/home/user/antigravity/typpingchallenge/dataconnect\": could not find dataconnect.yaml in `/home/user/antigravity/typpingchallenge/dataconnect`\n"}}
[debug] [2026-02-03T08:19:54.321Z] E0203 13:49:54.320770    4101 watch.go:40] Failed to load config from "/home/user/antigravity/typpingchallenge/dataconnect": could not find dataconnect.yaml in `/home/user/antigravity/typpingchallenge/dataconnect`
 {"metadata":{"emulator":{"name":"dataconnect"},"message":"E0203 13:49:54.320770    4101 watch.go:40] Failed to load config from \"/home/user/antigravity/typpingchallenge/dataconnect\": could not find dataconnect.yaml in `/home/user/antigravity/typpingchallenge/dataconnect`\n"}}
[debug] [2026-02-03T08:20:04.312Z] E0203 13:50:04.311950    4101 watch.go:40] Failed to load config from "/home/user/antigravity/typpingchallenge/dataconnect": could not find dataconnect.yaml in `/home/user/antigravity/typpingchallenge/dataconnect`
 {"metadata":{"emulator":{"name":"dataconnect"},"message":"E0203 13:50:04.311950    4101 watch.go:40] Failed to load config from \"/home/user/antigravity/typpingchallenge/dataconnect\": could not find dataconnect.yaml in `/home/user/antigravity/typpingchallenge/dataconnect`\n"}}
[debug] [2026-02-03T08:20:14.320Z] E0203 13:50:14.320757    4101 watch.go:40] Failed to load config from "/home/user/antigravity/typpingchallenge/dataconnect": could not find dataconnect.yaml in `/home/user/antigravity/typpingchallenge/dataconnect`
 {"metadata":{"emulator":{"name":"dataconnect"},"message":"E0203 13:50:14.320757    4101 watch.go:40] Failed to load config from \"/home/user/antigravity/typpingchallenge/dataconnect\": could not find dataconnect.yaml in `/home/user/antigravity/typpingchallenge/dataconnect`\n"}}
[debug] [2026-02-03T08:20:24.315Z] E0203 13:50:24.314505    4101 watch.go:40] Failed to load config from "/home/user/antigravity/typpingchallenge/dataconnect": could not find dataconnect.yaml in `/home/user/antigravity/typpingchallenge/dataconnect`
 {"metadata":{"emulator":{"name":"dataconnect"},"message":"E0203 13:50:24.314505    4101 watch.go:40] Failed to load config from \"/home/user/antigravity/typpingchallenge/dataconnect\": could not find dataconnect.yaml in `/home/user/antigravity/typpingchallenge/dataconnect`\n"}}
[debug] [2026-02-03T08:20:34.312Z] E0203 13:50:34.311869    4101 watch.go:116] watchAllDir unable to walk dir `/home/user/antigravity/typpingchallenge/dataconnect`: lstat /home/user/antigravity/typpingchallenge/dataconnect: no such file or directory
E0203 13:50:34.311946    4101 watch.go:40] Failed to load config from "/home/user/antigravity/typpingchallenge/dataconnect": could not find dataconnect.yaml in `/home/user/antigravity/typpingchallenge/dataconnect`
 {"metadata":{"emulator":{"name":"dataconnect"},"message":"E0203 13:50:34.311869    4101 watch.go:116] watchAllDir unable to walk dir `/home/user/antigravity/typpingchallenge/dataconnect`: lstat /home/user/antigravity/typpingchallenge/dataconnect: no such file or directory\nE0203 13:50:34.311946    4101 watch.go:40] Failed to load config from \"/home/user/antigravity/typpingchallenge/dataconnect\": could not find dataconnect.yaml in `/home/user/antigravity/typpingchallenge/dataconnect`\n"}}
[debug] [2026-02-03T08:20:44.320Z] E0203 13:50:44.320740    4101 watch.go:40] Failed to load config from "/home/user/antigravity/typpingchallenge/dataconnect": could not find dataconnect.yaml in `/home/user/antigravity/typpingchallenge/dataconnect`
 {"metadata":{"emulator":{"name":"dataconnect"},"message":"E0203 13:50:44.320740    4101 watch.go:40] Failed to load config from \"/home/user/antigravity/typpingchallenge/dataconnect\": could not find dataconnect.yaml in `/home/user/antigravity/typpingchallenge/dataconnect`\n"}}
[debug] [2026-02-03T08:20:54.321Z] E0203 13:50:54.320779    4101 watch.go:40] Failed to load config from "/home/user/antigravity/typpingchallenge/dataconnect": could not find dataconnect.yaml in `/home/user/antigravity/typpingchallenge/dataconnect`
 {"metadata":{"emulator":{"name":"dataconnect"},"message":"E0203 13:50:54.320779    4101 watch.go:40] Failed to load config from \"/home/user/antigravity/typpingchallenge/dataconnect\": could not find dataconnect.yaml in `/home/user/antigravity/typpingchallenge/dataconnect`\n"}}
[debug] [2026-02-03T08:21:04.312Z] E0203 13:51:04.311920    4101 watch.go:40] Failed to load config from "/home/user/antigravity/typpingchallenge/dataconnect": could not find dataconnect.yaml in `/home/user/antigravity/typpingchallenge/dataconnect`
 {"metadata":{"emulator":{"name":"dataconnect"},"message":"E0203 13:51:04.311920    4101 watch.go:40] Failed to load config from \"/home/user/antigravity/typpingchallenge/dataconnect\": could not find dataconnect.yaml in `/home/user/antigravity/typpingchallenge/dataconnect`\n"}}
[debug] [2026-02-03T08:21:14.321Z] E0203 13:51:14.320782    4101 watch.go:40] Failed to load config from "/home/user/antigravity/typpingchallenge/dataconnect": could not find dataconnect.yaml in `/home/user/antigravity/typpingchallenge/dataconnect`
 {"metadata":{"emulator":{"name":"dataconnect"},"message":"E0203 13:51:14.320782    4101 watch.go:40] Failed to load config from \"/home/user/antigravity/typpingchallenge/dataconnect\": could not find dataconnect.yaml in `/home/user/antigravity/typpingchallenge/dataconnect`\n"}}
[debug] [2026-02-03T08:21:24.321Z] E0203 13:51:24.320889    4101 watch.go:40] Failed to load config from "/home/user/antigravity/typpingchallenge/dataconnect": could not find dataconnect.yaml in `/home/user/antigravity/typpingchallenge/dataconnect`
 {"metadata":{"emulator":{"name":"dataconnect"},"message":"E0203 13:51:24.320889    4101 watch.go:40] Failed to load config from \"/home/user/antigravity/typpingchallenge/dataconnect\": could not find dataconnect.yaml in `/home/user/antigravity/typpingchallenge/dataconnect`\n"}}
[debug] [2026-02-03T08:21:34.312Z] E0203 13:51:34.312031    4101 watch.go:116] watchAllDir unable to walk dir `/home/user/antigravity/typpingchallenge/dataconnect`: lstat /home/user/antigravity/typpingchallenge/dataconnect: no such file or directory
E0203 13:51:34.312107    4101 watch.go:40] Failed to load config from "/home/user/antigravity/typpingchallenge/dataconnect": could not find dataconnect.yaml in `/home/user/antigravity/typpingchallenge/dataconnect`
 {"metadata":{"emulator":{"name":"dataconnect"},"message":"E0203 13:51:34.312031    4101 watch.go:116] watchAllDir unable to walk dir `/home/user/antigravity/typpingchallenge/dataconnect`: lstat /home/user/antigravity/typpingchallenge/dataconnect: no such file or directory\nE0203 13:51:34.312107    4101 watch.go:40] Failed to load config from \"/home/user/antigravity/typpingchallenge/dataconnect\": could not find dataconnect.yaml in `/home/user/antigravity/typpingchallenge/dataconnect`\n"}}
[debug] [2026-02-03T08:21:44.321Z] E0203 13:51:44.320888    4101 watch.go:40] Failed to load config from "/home/user/antigravity/typpingchallenge/dataconnect": could not find dataconnect.yaml in `/home/user/antigravity/typpingchallenge/dataconnect`
 {"metadata":{"emulator":{"name":"dataconnect"},"message":"E0203 13:51:44.320888    4101 watch.go:40] Failed to load config from \"/home/user/antigravity/typpingchallenge/dataconnect\": could not find dataconnect.yaml in `/home/user/antigravity/typpingchallenge/dataconnect`\n"}}
[debug] [2026-02-03T08:21:54.321Z] E0203 13:51:54.320850    4101 watch.go:40] Failed to load config from "/home/user/antigravity/typpingchallenge/dataconnect": could not find dataconnect.yaml in `/home/user/antigravity/typpingchallenge/dataconnect`
 {"metadata":{"emulator":{"name":"dataconnect"},"message":"E0203 13:51:54.320850    4101 watch.go:40] Failed to load config from \"/home/user/antigravity/typpingchallenge/dataconnect\": could not find dataconnect.yaml in `/home/user/antigravity/typpingchallenge/dataconnect`\n"}}
[debug] [2026-02-03T08:22:04.312Z] E0203 13:52:04.311859    4101 watch.go:40] Failed to load config from "/home/user/antigravity/typpingchallenge/dataconnect": could not find dataconnect.yaml in `/home/user/antigravity/typpingchallenge/dataconnect`
 {"metadata":{"emulator":{"name":"dataconnect"},"message":"E0203 13:52:04.311859    4101 watch.go:40] Failed to load config from \"/home/user/antigravity/typpingchallenge/dataconnect\": could not find dataconnect.yaml in `/home/user/antigravity/typpingchallenge/dataconnect`\n"}}
[debug] [2026-02-03T08:22:14.320Z] E0203 13:52:14.320745    4101 watch.go:40] Failed to load config from "/home/user/antigravity/typpingchallenge/dataconnect": could not find dataconnect.yaml in `/home/user/antigravity/typpingchallenge/dataconnect`
 {"metadata":{"emulator":{"name":"dataconnect"},"message":"E0203 13:52:14.320745    4101 watch.go:40] Failed to load config from \"/home/user/antigravity/typpingchallenge/dataconnect\": could not find dataconnect.yaml in `/home/user/antigravity/typpingchallenge/dataconnect`\n"}}
[debug] [2026-02-03T08:22:24.321Z] E0203 13:52:24.320869    4101 watch.go:40] Failed to load config from "/home/user/antigravity/typpingchallenge/dataconnect": could not find dataconnect.yaml in `/home/user/antigravity/typpingchallenge/dataconnect`
 {"metadata":{"emulator":{"name":"dataconnect"},"message":"E0203 13:52:24.320869    4101 watch.go:40] Failed to load config from \"/home/user/antigravity/typpingchallenge/dataconnect\": could not find dataconnect.yaml in `/home/user/antigravity/typpingchallenge/dataconnect`\n"}}
[debug] [2026-02-03T08:22:34.311Z] E0203 13:52:34.311699    4101 watch.go:40] Failed to load config from "/home/user/antigravity/typpingchallenge/dataconnect": could not find dataconnect.yaml in `/home/user/antigravity/typpingchallenge/dataconnect`
E0203 13:52:34.311631    4101 watch.go:116] watchAllDir unable to walk dir `/home/user/antigravity/typpingchallenge/dataconnect`: lstat /home/user/antigravity/typpingchallenge/dataconnect: no such file or directory
 {"metadata":{"emulator":{"name":"dataconnect"},"message":"E0203 13:52:34.311699    4101 watch.go:40] Failed to load config from \"/home/user/antigravity/typpingchallenge/dataconnect\": could not find dataconnect.yaml in `/home/user/antigravity/typpingchallenge/dataconnect`\nE0203 13:52:34.311631    4101 watch.go:116] watchAllDir unable to walk dir `/home/user/antigravity/typpingchallenge/dataconnect`: lstat /home/user/antigravity/typpingchallenge/dataconnect: no such file or directory\n"}}
[debug] [2026-02-03T08:22:44.321Z] E0203 13:52:44.320910    4101 watch.go:40] Failed to load config from "/home/user/antigravity/typpingchallenge/dataconnect": could not find dataconnect.yaml in `/home/user/antigravity/typpingchallenge/dataconnect`
 {"metadata":{"emulator":{"name":"dataconnect"},"message":"E0203 13:52:44.320910    4101 watch.go:40] Failed to load config from \"/home/user/antigravity/typpingchallenge/dataconnect\": could not find dataconnect.yaml in `/home/user/antigravity/typpingchallenge/dataconnect`\n"}}
[debug] [2026-02-03T08:22:54.320Z] E0203 13:52:54.320733    4101 watch.go:40] Failed to load config from "/home/user/antigravity/typpingchallenge/dataconnect": could not find dataconnect.yaml in `/home/user/antigravity/typpingchallenge/dataconnect`
 {"metadata":{"emulator":{"name":"dataconnect"},"message":"E0203 13:52:54.320733    4101 watch.go:40] Failed to load config from \"/home/user/antigravity/typpingchallenge/dataconnect\": could not find dataconnect.yaml in `/home/user/antigravity/typpingchallenge/dataconnect`\n"}}
[debug] [2026-02-03T08:23:04.312Z] E0203 13:53:04.312014    4101 watch.go:40] Failed to load config from "/home/user/antigravity/typpingchallenge/dataconnect": could not find dataconnect.yaml in `/home/user/antigravity/typpingchallenge/dataconnect`
 {"metadata":{"emulator":{"name":"dataconnect"},"message":"E0203 13:53:04.312014    4101 watch.go:40] Failed to load config from \"/home/user/antigravity/typpingchallenge/dataconnect\": could not find dataconnect.yaml in `/home/user/antigravity/typpingchallenge/dataconnect`\n"}}
[debug] [2026-02-03T08:23:14.321Z] E0203 13:53:14.320813    4101 watch.go:40] Failed to load config from "/home/user/antigravity/typpingchallenge/dataconnect": could not find dataconnect.yaml in `/home/user/antigravity/typpingchallenge/dataconnect`
 {"metadata":{"emulator":{"name":"dataconnect"},"message":"E0203 13:53:14.320813    4101 watch.go:40] Failed to load config from \"/home/user/antigravity/typpingchallenge/dataconnect\": could not find dataconnect.yaml in `/home/user/antigravity/typpingchallenge/dataconnect`\n"}}
[debug] [2026-02-03T08:23:24.321Z] E0203 13:53:24.320829    4101 watch.go:40] Failed to load config from "/home/user/antigravity/typpingchallenge/dataconnect": could not find dataconnect.yaml in `/home/user/antigravity/typpingchallenge/dataconnect`
 {"metadata":{"emulator":{"name":"dataconnect"},"message":"E0203 13:53:24.320829    4101 watch.go:40] Failed to load config from \"/home/user/antigravity/typpingchallenge/dataconnect\": could not find dataconnect.yaml in `/home/user/antigravity/typpingchallenge/dataconnect`\n"}}
[debug] [2026-02-03T08:23:34.312Z] E0203 13:53:34.311812    4101 watch.go:116] watchAllDir unable to walk dir `/home/user/antigravity/typpingchallenge/dataconnect`: lstat /home/user/antigravity/typpingchallenge/dataconnect: no such file or directory
E0203 13:53:34.311940    4101 watch.go:40] Failed to load config from "/home/user/antigravity/typpingchallenge/dataconnect": could not find dataconnect.yaml in `/home/user/antigravity/typpingchallenge/dataconnect`
 {"metadata":{"emulator":{"name":"dataconnect"},"message":"E0203 13:53:34.311812    4101 watch.go:116] watchAllDir unable to walk dir `/home/user/antigravity/typpingchallenge/dataconnect`: lstat /home/user/antigravity/typpingchallenge/dataconnect: no such file or directory\nE0203 13:53:34.311940    4101 watch.go:40] Failed to load config from \"/home/user/antigravity/typpingchallenge/dataconnect\": could not find dataconnect.yaml in `/home/user/antigravity/typpingchallenge/dataconnect`\n"}}
[debug] [2026-02-03T08:23:44.321Z] E0203 13:53:44.320833    4101 watch.go:40] Failed to load config from "/home/user/antigravity/typpingchallenge/dataconnect": could not find dataconnect.yaml in `/home/user/antigravity/typpingchallenge/dataconnect`
 {"metadata":{"emulator":{"name":"dataconnect"},"message":"E0203 13:53:44.320833    4101 watch.go:40] Failed to load config from \"/home/user/antigravity/typpingchallenge/dataconnect\": could not find dataconnect.yaml in `/home/user/antigravity/typpingchallenge/dataconnect`\n"}}
[debug] [2026-02-03T08:23:54.322Z] E0203 13:53:54.320895    4101 watch.go:40] Failed to load config from "/home/user/antigravity/typpingchallenge/dataconnect": could not find dataconnect.yaml in `/home/user/antigravity/typpingchallenge/dataconnect`
 {"metadata":{"emulator":{"name":"dataconnect"},"message":"E0203 13:53:54.320895    4101 watch.go:40] Failed to load config from \"/home/user/antigravity/typpingchallenge/dataconnect\": could not find dataconnect.yaml in `/home/user/antigravity/typpingchallenge/dataconnect`\n"}}
[debug] [2026-02-03T08:24:04.312Z] E0203 13:54:04.312023    4101 watch.go:40] Failed to load config from "/home/user/antigravity/typpingchallenge/dataconnect": could not find dataconnect.yaml in `/home/user/antigravity/typpingchallenge/dataconnect`
 {"metadata":{"emulator":{"name":"dataconnect"},"message":"E0203 13:54:04.312023    4101 watch.go:40] Failed to load config from \"/home/user/antigravity/typpingchallenge/dataconnect\": could not find dataconnect.yaml in `/home/user/antigravity/typpingchallenge/dataconnect`\n"}}
[debug] [2026-02-03T08:24:14.321Z] E0203 13:54:14.320772    4101 watch.go:40] Failed to load config from "/home/user/antigravity/typpingchallenge/dataconnect": could not find dataconnect.yaml in `/home/user/antigravity/typpingchallenge/dataconnect`
 {"metadata":{"emulator":{"name":"dataconnect"},"message":"E0203 13:54:14.320772    4101 watch.go:40] Failed to load config from \"/home/user/antigravity/typpingchallenge/dataconnect\": could not find dataconnect.yaml in `/home/user/antigravity/typpingchallenge/dataconnect`\n"}}
[debug] [2026-02-03T08:24:24.322Z] E0203 13:54:24.322822    4101 watch.go:40] Failed to load config from "/home/user/antigravity/typpingchallenge/dataconnect": could not find dataconnect.yaml in `/home/user/antigravity/typpingchallenge/dataconnect`
 {"metadata":{"emulator":{"name":"dataconnect"},"message":"E0203 13:54:24.322822    4101 watch.go:40] Failed to load config from \"/home/user/antigravity/typpingchallenge/dataconnect\": could not find dataconnect.yaml in `/home/user/antigravity/typpingchallenge/dataconnect`\n"}}
[debug] [2026-02-03T08:24:34.313Z] E0203 13:54:34.312832    4101 watch.go:40] Failed to load config from "/home/user/antigravity/typpingchallenge/dataconnect": could not find dataconnect.yaml in `/home/user/antigravity/typpingchallenge/dataconnect`
E0203 13:54:34.312118    4101 watch.go:116] watchAllDir unable to walk dir `/home/user/antigravity/typpingchallenge/dataconnect`: lstat /home/user/antigravity/typpingchallenge/dataconnect: no such file or directory
 {"metadata":{"emulator":{"name":"dataconnect"},"message":"E0203 13:54:34.312832    4101 watch.go:40] Failed to load config from \"/home/user/antigravity/typpingchallenge/dataconnect\": could not find dataconnect.yaml in `/home/user/antigravity/typpingchallenge/dataconnect`\nE0203 13:54:34.312118    4101 watch.go:116] watchAllDir unable to walk dir `/home/user/antigravity/typpingchallenge/dataconnect`: lstat /home/user/antigravity/typpingchallenge/dataconnect: no such file or directory\n"}}
[debug] [2026-02-03T08:24:44.312Z] E0203 13:54:44.311820    4101 watch.go:40] Failed to load config from "/home/user/antigravity/typpingchallenge/dataconnect": could not find dataconnect.yaml in `/home/user/antigravity/typpingchallenge/dataconnect`
 {"metadata":{"emulator":{"name":"dataconnect"},"message":"E0203 13:54:44.311820    4101 watch.go:40] Failed to load config from \"/home/user/antigravity/typpingchallenge/dataconnect\": could not find dataconnect.yaml in `/home/user/antigravity/typpingchallenge/dataconnect`\n"}}
[debug] [2026-02-03T08:24:54.320Z] E0203 13:54:54.320755    4101 watch.go:40] Failed to load config from "/home/user/antigravity/typpingchallenge/dataconnect": could not find dataconnect.yaml in `/home/user/antigravity/typpingchallenge/dataconnect`
 {"metadata":{"emulator":{"name":"dataconnect"},"message":"E0203 13:54:54.320755    4101 watch.go:40] Failed to load config from \"/home/user/antigravity/typpingchallenge/dataconnect\": could not find dataconnect.yaml in `/home/user/antigravity/typpingchallenge/dataconnect`\n"}}
[debug] [2026-02-03T08:25:04.313Z] E0203 13:55:04.312240    4101 watch.go:40] Failed to load config from "/home/user/antigravity/typpingchallenge/dataconnect": could not find dataconnect.yaml in `/home/user/antigravity/typpingchallenge/dataconnect`
 {"metadata":{"emulator":{"name":"dataconnect"},"message":"E0203 13:55:04.312240    4101 watch.go:40] Failed to load config from \"/home/user/antigravity/typpingchallenge/dataconnect\": could not find dataconnect.yaml in `/home/user/antigravity/typpingchallenge/dataconnect`\n"}}
[debug] [2026-02-03T08:25:14.321Z] E0203 13:55:14.320823    4101 watch.go:40] Failed to load config from "/home/user/antigravity/typpingchallenge/dataconnect": could not find dataconnect.yaml in `/home/user/antigravity/typpingchallenge/dataconnect`
 {"metadata":{"emulator":{"name":"dataconnect"},"message":"E0203 13:55:14.320823    4101 watch.go:40] Failed to load config from \"/home/user/antigravity/typpingchallenge/dataconnect\": could not find dataconnect.yaml in `/home/user/antigravity/typpingchallenge/dataconnect`\n"}}
[debug] [2026-02-03T08:25:24.321Z] E0203 13:55:24.320801    4101 watch.go:40] Failed to load config from "/home/user/antigravity/typpingchallenge/dataconnect": could not find dataconnect.yaml in `/home/user/antigravity/typpingchallenge/dataconnect`
 {"metadata":{"emulator":{"name":"dataconnect"},"message":"E0203 13:55:24.320801    4101 watch.go:40] Failed to load config from \"/home/user/antigravity/typpingchallenge/dataconnect\": could not find dataconnect.yaml in `/home/user/antigravity/typpingchallenge/dataconnect`\n"}}
[debug] [2026-02-03T08:25:34.312Z] E0203 13:55:34.311932    4101 watch.go:116] watchAllDir unable to walk dir `/home/user/antigravity/typpingchallenge/dataconnect`: lstat /home/user/antigravity/typpingchallenge/dataconnect: no such file or directory
E0203 13:55:34.312015    4101 watch.go:40] Failed to load config from "/home/user/antigravity/typpingchallenge/dataconnect": could not find dataconnect.yaml in `/home/user/antigravity/typpingchallenge/dataconnect`
 {"metadata":{"emulator":{"name":"dataconnect"},"message":"E0203 13:55:34.311932    4101 watch.go:116] watchAllDir unable to walk dir `/home/user/antigravity/typpingchallenge/dataconnect`: lstat /home/user/antigravity/typpingchallenge/dataconnect: no such file or directory\nE0203 13:55:34.312015    4101 watch.go:40] Failed to load config from \"/home/user/antigravity/typpingchallenge/dataconnect\": could not find dataconnect.yaml in `/home/user/antigravity/typpingchallenge/dataconnect`\n"}}
[debug] [2026-02-03T08:25:44.320Z] E0203 13:55:44.320758    4101 watch.go:40] Failed to load config from "/home/user/antigravity/typpingchallenge/dataconnect": could not find dataconnect.yaml in `/home/user/antigravity/typpingchallenge/dataconnect`
 {"metadata":{"emulator":{"name":"dataconnect"},"message":"E0203 13:55:44.320758    4101 watch.go:40] Failed to load config from \"/home/user/antigravity/typpingchallenge/dataconnect\": could not find dataconnect.yaml in `/home/user/antigravity/typpingchallenge/dataconnect`\n"}}
[debug] [2026-02-03T08:25:54.321Z] E0203 13:55:54.320718    4101 watch.go:40] Failed to load config from "/home/user/antigravity/typpingchallenge/dataconnect": could not find dataconnect.yaml in `/home/user/antigravity/typpingchallenge/dataconnect`
 {"metadata":{"emulator":{"name":"dataconnect"},"message":"E0203 13:55:54.320718    4101 watch.go:40] Failed to load config from \"/home/user/antigravity/typpingchallenge/dataconnect\": could not find dataconnect.yaml in `/home/user/antigravity/typpingchallenge/dataconnect`\n"}}
[debug] [2026-02-03T08:26:04.312Z] E0203 13:56:04.311886    4101 watch.go:40] Failed to load config from "/home/user/antigravity/typpingchallenge/dataconnect": could not find dataconnect.yaml in `/home/user/antigravity/typpingchallenge/dataconnect`
 {"metadata":{"emulator":{"name":"dataconnect"},"message":"E0203 13:56:04.311886    4101 watch.go:40] Failed to load config from \"/home/user/antigravity/typpingchallenge/dataconnect\": could not find dataconnect.yaml in `/home/user/antigravity/typpingchallenge/dataconnect`\n"}}
[debug] [2026-02-03T08:26:14.320Z] E0203 13:56:14.320747    4101 watch.go:40] Failed to load config from "/home/user/antigravity/typpingchallenge/dataconnect": could not find dataconnect.yaml in `/home/user/antigravity/typpingchallenge/dataconnect`
 {"metadata":{"emulator":{"name":"dataconnect"},"message":"E0203 13:56:14.320747    4101 watch.go:40] Failed to load config from \"/home/user/antigravity/typpingchallenge/dataconnect\": could not find dataconnect.yaml in `/home/user/antigravity/typpingchallenge/dataconnect`\n"}}
[debug] [2026-02-03T08:26:24.321Z] E0203 13:56:24.320747    4101 watch.go:40] Failed to load config from "/home/user/antigravity/typpingchallenge/dataconnect": could not find dataconnect.yaml in `/home/user/antigravity/typpingchallenge/dataconnect`
 {"metadata":{"emulator":{"name":"dataconnect"},"message":"E0203 13:56:24.320747    4101 watch.go:40] Failed to load config from \"/home/user/antigravity/typpingchallenge/dataconnect\": could not find dataconnect.yaml in `/home/user/antigravity/typpingchallenge/dataconnect`\n"}}
[debug] [2026-02-03T08:26:34.312Z] E0203 13:56:34.312022    4101 watch.go:116] watchAllDir unable to walk dir `/home/user/antigravity/typpingchallenge/dataconnect`: lstat /home/user/antigravity/typpingchallenge/dataconnect: no such file or directory
E0203 13:56:34.312125    4101 watch.go:40] Failed to load config from "/home/user/antigravity/typpingchallenge/dataconnect": could not find dataconnect.yaml in `/home/user/antigravity/typpingchallenge/dataconnect`
 {"metadata":{"emulator":{"name":"dataconnect"},"message":"E0203 13:56:34.312022    4101 watch.go:116] watchAllDir unable to walk dir `/home/user/antigravity/typpingchallenge/dataconnect`: lstat /home/user/antigravity/typpingchallenge/dataconnect: no such file or directory\nE0203 13:56:34.312125    4101 watch.go:40] Failed to load config from \"/home/user/antigravity/typpingchallenge/dataconnect\": could not find dataconnect.yaml in `/home/user/antigravity/typpingchallenge/dataconnect`\n"}}
[debug] [2026-02-03T08:26:44.312Z] E0203 13:56:44.312057    4101 watch.go:40] Failed to load config from "/home/user/antigravity/typpingchallenge/dataconnect": could not find dataconnect.yaml in `/home/user/antigravity/typpingchallenge/dataconnect`
 {"metadata":{"emulator":{"name":"dataconnect"},"message":"E0203 13:56:44.312057    4101 watch.go:40] Failed to load config from \"/home/user/antigravity/typpingchallenge/dataconnect\": could not find dataconnect.yaml in `/home/user/antigravity/typpingchallenge/dataconnect`\n"}}
[debug] [2026-02-03T08:26:54.311Z] E0203 13:56:54.311733    4101 watch.go:40] Failed to load config from "/home/user/antigravity/typpingchallenge/dataconnect": could not find dataconnect.yaml in `/home/user/antigravity/typpingchallenge/dataconnect`
 {"metadata":{"emulator":{"name":"dataconnect"},"message":"E0203 13:56:54.311733    4101 watch.go:40] Failed to load config from \"/home/user/antigravity/typpingchallenge/dataconnect\": could not find dataconnect.yaml in `/home/user/antigravity/typpingchallenge/dataconnect`\n"}}
[debug] [2026-02-03T08:27:04.312Z] E0203 13:57:04.311980    4101 watch.go:40] Failed to load config from "/home/user/antigravity/typpingchallenge/dataconnect": could not find dataconnect.yaml in `/home/user/antigravity/typpingchallenge/dataconnect`
 {"metadata":{"emulator":{"name":"dataconnect"},"message":"E0203 13:57:04.311980    4101 watch.go:40] Failed to load config from \"/home/user/antigravity/typpingchallenge/dataconnect\": could not find dataconnect.yaml in `/home/user/antigravity/typpingchallenge/dataconnect`\n"}}
[debug] [2026-02-03T08:27:14.321Z] E0203 13:57:14.321103    4101 watch.go:40] Failed to load config from "/home/user/antigravity/typpingchallenge/dataconnect": could not find dataconnect.yaml in `/home/user/antigravity/typpingchallenge/dataconnect`
 {"metadata":{"emulator":{"name":"dataconnect"},"message":"E0203 13:57:14.321103    4101 watch.go:40] Failed to load config from \"/home/user/antigravity/typpingchallenge/dataconnect\": could not find dataconnect.yaml in `/home/user/antigravity/typpingchallenge/dataconnect`\n"}}
[debug] [2026-02-03T08:27:24.320Z] E0203 13:57:24.320770    4101 watch.go:40] Failed to load config from "/home/user/antigravity/typpingchallenge/dataconnect": could not find dataconnect.yaml in `/home/user/antigravity/typpingchallenge/dataconnect`
 {"metadata":{"emulator":{"name":"dataconnect"},"message":"E0203 13:57:24.320770    4101 watch.go:40] Failed to load config from \"/home/user/antigravity/typpingchallenge/dataconnect\": could not find dataconnect.yaml in `/home/user/antigravity/typpingchallenge/dataconnect`\n"}}
[debug] [2026-02-03T08:27:34.312Z] E0203 13:57:34.311932    4101 watch.go:116] watchAllDir unable to walk dir `/home/user/antigravity/typpingchallenge/dataconnect`: lstat /home/user/antigravity/typpingchallenge/dataconnect: no such file or directory
E0203 13:57:34.312024    4101 watch.go:40] Failed to load config from "/home/user/antigravity/typpingchallenge/dataconnect": could not find dataconnect.yaml in `/home/user/antigravity/typpingchallenge/dataconnect`
 {"metadata":{"emulator":{"name":"dataconnect"},"message":"E0203 13:57:34.311932    4101 watch.go:116] watchAllDir unable to walk dir `/home/user/antigravity/typpingchallenge/dataconnect`: lstat /home/user/antigravity/typpingchallenge/dataconnect: no such file or directory\nE0203 13:57:34.312024    4101 watch.go:40] Failed to load config from \"/home/user/antigravity/typpingchallenge/dataconnect\": could not find dataconnect.yaml in `/home/user/antigravity/typpingchallenge/dataconnect`\n"}}
[debug] [2026-02-03T08:27:44.321Z] E0203 13:57:44.320864    4101 watch.go:40] Failed to load config from "/home/user/antigravity/typpingchallenge/dataconnect": could not find dataconnect.yaml in `/home/user/antigravity/typpingchallenge/dataconnect`
 {"metadata":{"emulator":{"name":"dataconnect"},"message":"E0203 13:57:44.320864    4101 watch.go:40] Failed to load config from \"/home/user/antigravity/typpingchallenge/dataconnect\": could not find dataconnect.yaml in `/home/user/antigravity/typpingchallenge/dataconnect`\n"}}
[debug] [2026-02-03T08:27:54.321Z] E0203 13:57:54.320757    4101 watch.go:40] Failed to load config from "/home/user/antigravity/typpingchallenge/dataconnect": could not find dataconnect.yaml in `/home/user/antigravity/typpingchallenge/dataconnect`
 {"metadata":{"emulator":{"name":"dataconnect"},"message":"E0203 13:57:54.320757    4101 watch.go:40] Failed to load config from \"/home/user/antigravity/typpingchallenge/dataconnect\": could not find dataconnect.yaml in `/home/user/antigravity/typpingchallenge/dataconnect`\n"}}
[debug] [2026-02-03T08:28:04.313Z] E0203 13:58:04.313672    4101 watch.go:40] Failed to load config from "/home/user/antigravity/typpingchallenge/dataconnect": could not find dataconnect.yaml in `/home/user/antigravity/typpingchallenge/dataconnect`
 {"metadata":{"emulator":{"name":"dataconnect"},"message":"E0203 13:58:04.313672    4101 watch.go:40] Failed to load config from \"/home/user/antigravity/typpingchallenge/dataconnect\": could not find dataconnect.yaml in `/home/user/antigravity/typpingchallenge/dataconnect`\n"}}
[debug] [2026-02-03T08:28:14.320Z] E0203 13:58:14.320727    4101 watch.go:40] Failed to load config from "/home/user/antigravity/typpingchallenge/dataconnect": could not find dataconnect.yaml in `/home/user/antigravity/typpingchallenge/dataconnect`
 {"metadata":{"emulator":{"name":"dataconnect"},"message":"E0203 13:58:14.320727    4101 watch.go:40] Failed to load config from \"/home/user/antigravity/typpingchallenge/dataconnect\": could not find dataconnect.yaml in `/home/user/antigravity/typpingchallenge/dataconnect`\n"}}
[debug] [2026-02-03T08:28:24.320Z] E0203 13:58:24.320734    4101 watch.go:40] Failed to load config from "/home/user/antigravity/typpingchallenge/dataconnect": could not find dataconnect.yaml in `/home/user/antigravity/typpingchallenge/dataconnect`
 {"metadata":{"emulator":{"name":"dataconnect"},"message":"E0203 13:58:24.320734    4101 watch.go:40] Failed to load config from \"/home/user/antigravity/typpingchallenge/dataconnect\": could not find dataconnect.yaml in `/home/user/antigravity/typpingchallenge/dataconnect`\n"}}
[debug] [2026-02-03T08:28:34.311Z] E0203 13:58:34.311815    4101 watch.go:116] watchAllDir unable to walk dir `/home/user/antigravity/typpingchallenge/dataconnect`: lstat /home/user/antigravity/typpingchallenge/dataconnect: no such file or directory
E0203 13:58:34.311863    4101 watch.go:40] Failed to load config from "/home/user/antigravity/typpingchallenge/dataconnect": could not find dataconnect.yaml in `/home/user/antigravity/typpingchallenge/dataconnect`
 {"metadata":{"emulator":{"name":"dataconnect"},"message":"E0203 13:58:34.311815    4101 watch.go:116] watchAllDir unable to walk dir `/home/user/antigravity/typpingchallenge/dataconnect`: lstat /home/user/antigravity/typpingchallenge/dataconnect: no such file or directory\nE0203 13:58:34.311863    4101 watch.go:40] Failed to load config from \"/home/user/antigravity/typpingchallenge/dataconnect\": could not find dataconnect.yaml in `/home/user/antigravity/typpingchallenge/dataconnect`\n"}}
[debug] [2026-02-03T08:28:44.341Z] E0203 13:58:44.338745    4101 watch.go:40] Failed to load config from "/home/user/antigravity/typpingchallenge/dataconnect": could not find dataconnect.yaml in `/home/user/antigravity/typpingchallenge/dataconnect`
 {"metadata":{"emulator":{"name":"dataconnect"},"message":"E0203 13:58:44.338745    4101 watch.go:40] Failed to load config from \"/home/user/antigravity/typpingchallenge/dataconnect\": could not find dataconnect.yaml in `/home/user/antigravity/typpingchallenge/dataconnect`\n"}}
[debug] [2026-02-03T08:28:54.323Z] E0203 13:58:54.319680    4101 watch.go:40] Failed to load config from "/home/user/antigravity/typpingchallenge/dataconnect": could not find dataconnect.yaml in `/home/user/antigravity/typpingchallenge/dataconnect`
 {"metadata":{"emulator":{"name":"dataconnect"},"message":"E0203 13:58:54.319680    4101 watch.go:40] Failed to load config from \"/home/user/antigravity/typpingchallenge/dataconnect\": could not find dataconnect.yaml in `/home/user/antigravity/typpingchallenge/dataconnect`\n"}}
[debug] [2026-02-03T08:29:04.320Z] E0203 13:59:04.317589    4101 watch.go:40] Failed to load config from "/home/user/antigravity/typpingchallenge/dataconnect": could not find dataconnect.yaml in `/home/user/antigravity/typpingchallenge/dataconnect`
 {"metadata":{"emulator":{"name":"dataconnect"},"message":"E0203 13:59:04.317589    4101 watch.go:40] Failed to load config from \"/home/user/antigravity/typpingchallenge/dataconnect\": could not find dataconnect.yaml in `/home/user/antigravity/typpingchallenge/dataconnect`\n"}}
[debug] [2026-02-03T08:29:14.333Z] E0203 13:59:14.330460    4101 watch.go:40] Failed to load config from "/home/user/antigravity/typpingchallenge/dataconnect": could not find dataconnect.yaml in `/home/user/antigravity/typpingchallenge/dataconnect`
 {"metadata":{"emulator":{"name":"dataconnect"},"message":"E0203 13:59:14.330460    4101 watch.go:40] Failed to load config from \"/home/user/antigravity/typpingchallenge/dataconnect\": could not find dataconnect.yaml in `/home/user/antigravity/typpingchallenge/dataconnect`\n"}}
[debug] [2026-02-03T08:29:24.330Z] E0203 13:59:24.326843    4101 watch.go:40] Failed to load config from "/home/user/antigravity/typpingchallenge/dataconnect": could not find dataconnect.yaml in `/home/user/antigravity/typpingchallenge/dataconnect`
 {"metadata":{"emulator":{"name":"dataconnect"},"message":"E0203 13:59:24.326843    4101 watch.go:40] Failed to load config from \"/home/user/antigravity/typpingchallenge/dataconnect\": could not find dataconnect.yaml in `/home/user/antigravity/typpingchallenge/dataconnect`\n"}}
[debug] [2026-02-03T08:29:34.320Z] E0203 13:59:34.316473    4101 watch.go:116] watchAllDir unable to walk dir `/home/user/antigravity/typpingchallenge/dataconnect`: lstat /home/user/antigravity/typpingchallenge/dataconnect: no such file or directory
 {"metadata":{"emulator":{"name":"dataconnect"},"message":"E0203 13:59:34.316473    4101 watch.go:116] watchAllDir unable to walk dir `/home/user/antigravity/typpingchallenge/dataconnect`: lstat /home/user/antigravity/typpingchallenge/dataconnect: no such file or directory\n"}}
[debug] [2026-02-03T08:29:34.324Z] E0203 13:59:34.318129    4101 watch.go:40] Failed to load config from "/home/user/antigravity/typpingchallenge/dataconnect": could not find dataconnect.yaml in `/home/user/antigravity/typpingchallenge/dataconnect`
 {"metadata":{"emulator":{"name":"dataconnect"},"message":"E0203 13:59:34.318129    4101 watch.go:40] Failed to load config from \"/home/user/antigravity/typpingchallenge/dataconnect\": could not find dataconnect.yaml in `/home/user/antigravity/typpingchallenge/dataconnect`\n"}}
[debug] [2026-02-03T08:29:44.336Z] E0203 13:59:44.331910    4101 watch.go:40] Failed to load config from "/home/user/antigravity/typpingchallenge/dataconnect": could not find dataconnect.yaml in `/home/user/antigravity/typpingchallenge/dataconnect`
 {"metadata":{"emulator":{"name":"dataconnect"},"message":"E0203 13:59:44.331910    4101 watch.go:40] Failed to load config from \"/home/user/antigravity/typpingchallenge/dataconnect\": could not find dataconnect.yaml in `/home/user/antigravity/typpingchallenge/dataconnect`\n"}}
[debug] [2026-02-03T08:29:54.336Z] E0203 13:59:54.332184    4101 watch.go:40] Failed to load config from "/home/user/antigravity/typpingchallenge/dataconnect": could not find dataconnect.yaml in `/home/user/antigravity/typpingchallenge/dataconnect`
 {"metadata":{"emulator":{"name":"dataconnect"},"message":"E0203 13:59:54.332184    4101 watch.go:40] Failed to load config from \"/home/user/antigravity/typpingchallenge/dataconnect\": could not find dataconnect.yaml in `/home/user/antigravity/typpingchallenge/dataconnect`\n"}}
[debug] [2026-02-03T08:30:36.606Z] E0203 14:00:36.278730    4101 watch.go:40] Failed to load config from "/home/user/antigravity/typpingchallenge/dataconnect": could not find dataconnect.yaml in `/home/user/antigravity/typpingchallenge/dataconnect`
E0203 14:00:36.251808    4101 watch.go:116] watchAllDir unable to walk dir `/home/user/antigravity/typpingchallenge/dataconnect`: lstat /home/user/antigravity/typpingchallenge/dataconnect: no such file or directory
E0203 14:00:36.348148    4101 watch.go:40] Failed to load config from "/home/user/antigravity/typpingchallenge/dataconnect": could not find dataconnect.yaml in `/home/user/antigravity/typpingchallenge/dataconnect`
E0203 14:00:36.495227    4101 watch.go:40] Failed to load config from "/home/user/antigravity/typpingchallenge/dataconnect": could not find dataconnect.yaml in `/home/user/antigravity/typpingchallenge/dataconnect`
 {"metadata":{"emulator":{"name":"dataconnect"},"message":"E0203 14:00:36.278730    4101 watch.go:40] Failed to load config from \"/home/user/antigravity/typpingchallenge/dataconnect\": could not find dataconnect.yaml in `/home/user/antigravity/typpingchallenge/dataconnect`\nE0203 14:00:36.251808    4101 watch.go:116] watchAllDir unable to walk dir `/home/user/antigravity/typpingchallenge/dataconnect`: lstat /home/user/antigravity/typpingchallenge/dataconnect: no such file or directory\nE0203 14:00:36.348148    4101 watch.go:40] Failed to load config from \"/home/user/antigravity/typpingchallenge/dataconnect\": could not find dataconnect.yaml in `/home/user/antigravity/typpingchallenge/dataconnect`\nE0203 14:00:36.495227    4101 watch.go:40] Failed to load config from \"/home/user/antigravity/typpingchallenge/dataconnect\": could not find dataconnect.yaml in `/home/user/antigravity/typpingchallenge/dataconnect`\n"}}
[debug] [2026-02-03T08:30:44.327Z] E0203 14:00:44.324463    4101 watch.go:40] Failed to load config from "/home/user/antigravity/typpingchallenge/dataconnect": could not find dataconnect.yaml in `/home/user/antigravity/typpingchallenge/dataconnect`
 {"metadata":{"emulator":{"name":"dataconnect"},"message":"E0203 14:00:44.324463    4101 watch.go:40] Failed to load config from \"/home/user/antigravity/typpingchallenge/dataconnect\": could not find dataconnect.yaml in `/home/user/antigravity/typpingchallenge/dataconnect`\n"}}
[debug] [2026-02-03T08:30:54.314Z] E0203 14:00:54.313563    4101 watch.go:40] Failed to load config from "/home/user/antigravity/typpingchallenge/dataconnect": could not find dataconnect.yaml in `/home/user/antigravity/typpingchallenge/dataconnect`
 {"metadata":{"emulator":{"name":"dataconnect"},"message":"E0203 14:00:54.313563    4101 watch.go:40] Failed to load config from \"/home/user/antigravity/typpingchallenge/dataconnect\": could not find dataconnect.yaml in `/home/user/antigravity/typpingchallenge/dataconnect`\n"}}
[debug] [2026-02-03T08:31:04.312Z] E0203 14:01:04.311848    4101 watch.go:40] Failed to load config from "/home/user/antigravity/typpingchallenge/dataconnect": could not find dataconnect.yaml in `/home/user/antigravity/typpingchallenge/dataconnect`
 {"metadata":{"emulator":{"name":"dataconnect"},"message":"E0203 14:01:04.311848    4101 watch.go:40] Failed to load config from \"/home/user/antigravity/typpingchallenge/dataconnect\": could not find dataconnect.yaml in `/home/user/antigravity/typpingchallenge/dataconnect`\n"}}
[debug] [2026-02-03T08:31:14.321Z] E0203 14:01:14.320770    4101 watch.go:40] Failed to load config from "/home/user/antigravity/typpingchallenge/dataconnect": could not find dataconnect.yaml in `/home/user/antigravity/typpingchallenge/dataconnect`
 {"metadata":{"emulator":{"name":"dataconnect"},"message":"E0203 14:01:14.320770    4101 watch.go:40] Failed to load config from \"/home/user/antigravity/typpingchallenge/dataconnect\": could not find dataconnect.yaml in `/home/user/antigravity/typpingchallenge/dataconnect`\n"}}
[debug] [2026-02-03T08:31:24.321Z] E0203 14:01:24.320822    4101 watch.go:40] Failed to load config from "/home/user/antigravity/typpingchallenge/dataconnect": could not find dataconnect.yaml in `/home/user/antigravity/typpingchallenge/dataconnect`
 {"metadata":{"emulator":{"name":"dataconnect"},"message":"E0203 14:01:24.320822    4101 watch.go:40] Failed to load config from \"/home/user/antigravity/typpingchallenge/dataconnect\": could not find dataconnect.yaml in `/home/user/antigravity/typpingchallenge/dataconnect`\n"}}
[debug] [2026-02-03T08:31:34.312Z] E0203 14:01:34.311929    4101 watch.go:40] Failed to load config from "/home/user/antigravity/typpingchallenge/dataconnect": could not find dataconnect.yaml in `/home/user/antigravity/typpingchallenge/dataconnect`
 {"metadata":{"emulator":{"name":"dataconnect"},"message":"E0203 14:01:34.311929    4101 watch.go:40] Failed to load config from \"/home/user/antigravity/typpingchallenge/dataconnect\": could not find dataconnect.yaml in `/home/user/antigravity/typpingchallenge/dataconnect`\n"}}
[debug] [2026-02-03T08:31:34.312Z] E0203 14:01:34.311853    4101 watch.go:116] watchAllDir unable to walk dir `/home/user/antigravity/typpingchallenge/dataconnect`: lstat /home/user/antigravity/typpingchallenge/dataconnect: no such file or directory
 {"metadata":{"emulator":{"name":"dataconnect"},"message":"E0203 14:01:34.311853    4101 watch.go:116] watchAllDir unable to walk dir `/home/user/antigravity/typpingchallenge/dataconnect`: lstat /home/user/antigravity/typpingchallenge/dataconnect: no such file or directory\n"}}
[debug] [2026-02-03T08:32:08.486Z] [Firebase Plugin] Activating Firebase extension.
[debug] [2026-02-03T08:32:09.424Z] [Firebase Plugin] requireAuthWrapper
[debug] [2026-02-03T08:32:09.425Z] > command requires scopes: ["email","openid","https://www.googleapis.com/auth/cloudplatformprojects.readonly","https://www.googleapis.com/auth/firebase","https://www.googleapis.com/auth/cloud-platform"]
[debug] [2026-02-03T08:32:09.433Z] [Firebase Plugin] VSCode notification server listening on port 40001
[info] [Firebase Plugin] Starting Data Connect toolkit (version 3.1.1) on port 50001
[debug] [2026-02-03T08:32:09.613Z] 'fdc build' failed with error: Unable to build your Data Connect schema and connectors (exit code 1): E0203 14:02:09.612492   37363 cmd.go:43] Error loading data connect config: could not find dataconnect.yaml in `/home/user/antigravity/typpingchallenge/dataconnect`
 {"metadata":{"emulator":{"name":"dataconnect"},"message":"'fdc build' failed with error: Unable to build your Data Connect schema and connectors (exit code 1): E0203 14:02:09.612492   37363 cmd.go:43] Error loading data connect config: could not find dataconnect.yaml in `/home/user/antigravity/typpingchallenge/dataconnect`\n"}}
[debug] [2026-02-03T08:32:09.614Z] Ignoring unsupported arg: auto_download {"metadata":{"emulator":{"name":"dataconnect"},"message":"Ignoring unsupported arg: auto_download"}}
[debug] [2026-02-03T08:32:09.614Z] Ignoring unsupported arg: port {"metadata":{"emulator":{"name":"dataconnect"},"message":"Ignoring unsupported arg: port"}}
[debug] [2026-02-03T08:32:09.614Z] Starting Data Connect Emulator with command {"binary":"/home/user/.cache/firebase/emulators/dataconnect-emulator-3.1.1","args":["--logtostderr","-v=2","dev","--listen=localhost:50001","--config_dir=/home/user/antigravity/typpingchallenge/dataconnect","--enable_output_schema_extensions=true","--enable_output_generated_sdk=true"],"optionalArgs":["listen","config_dir","enable_output_schema_extensions","enable_output_generated_sdk"],"joinArgs":true,"shell":false,"port":9399} {"metadata":{"emulator":{"name":"dataconnect"},"message":"Starting Data Connect Emulator with command {\"binary\":\"/home/user/.cache/firebase/emulators/dataconnect-emulator-3.1.1\",\"args\":[\"--logtostderr\",\"-v=2\",\"dev\",\"--listen=localhost:50001\",\"--config_dir=/home/user/antigravity/typpingchallenge/dataconnect\",\"--enable_output_schema_extensions=true\",\"--enable_output_generated_sdk=true\"],\"optionalArgs\":[\"listen\",\"config_dir\",\"enable_output_schema_extensions\",\"enable_output_generated_sdk\"],\"joinArgs\":true,\"shell\":false,\"port\":9399}"}}
[info] i  dataconnect: Data Connect Emulator logging to dataconnect-debug.log {"metadata":{"emulator":{"name":"dataconnect"},"message":"Data Connect Emulator logging to dataconnect-debug.log"}}
[error] [Firebase Plugin] requireAuth error: Could not load the default credentials. Browse to https://cloud.google.com/docs/authentication/getting-started for more information.
[debug] [2026-02-03T08:32:09.628Z] E0203 14:02:09.628010   37374 dev.go:83] Failed to load initial config from "/home/user/antigravity/typpingchallenge/dataconnect": could not find dataconnect.yaml in `/home/user/antigravity/typpingchallenge/dataconnect`
 {"metadata":{"emulator":{"name":"dataconnect"},"message":"E0203 14:02:09.628010   37374 dev.go:83] Failed to load initial config from \"/home/user/antigravity/typpingchallenge/dataconnect\": could not find dataconnect.yaml in `/home/user/antigravity/typpingchallenge/dataconnect`\n"}}
[debug] [2026-02-03T08:32:09.628Z] E0203 14:02:09.628182   37374 watch.go:116] watchAllDir unable to walk dir `/home/user/antigravity/typpingchallenge/dataconnect`: lstat /home/user/antigravity/typpingchallenge/dataconnect: no such file or directory
I0203 14:02:09.628533   37374 dev.go:104] Listening on address (HTTP + gRPC): 127.0.0.1:50001
 {"metadata":{"emulator":{"name":"dataconnect"},"message":"E0203 14:02:09.628182   37374 watch.go:116] watchAllDir unable to walk dir `/home/user/antigravity/typpingchallenge/dataconnect`: lstat /home/user/antigravity/typpingchallenge/dataconnect: no such file or directory\nI0203 14:02:09.628533   37374 dev.go:104] Listening on address (HTTP + gRPC): 127.0.0.1:50001\n"}}
[error] [Firebase Plugin] error:  {}
[debug] [2026-02-03T08:32:19.637Z] E0203 14:02:19.637567   37374 watch.go:40] Failed to load config from "/home/user/antigravity/typpingchallenge/dataconnect": could not find dataconnect.yaml in `/home/user/antigravity/typpingchallenge/dataconnect`
 {"metadata":{"emulator":{"name":"dataconnect"},"message":"E0203 14:02:19.637567   37374 watch.go:40] Failed to load config from \"/home/user/antigravity/typpingchallenge/dataconnect\": could not find dataconnect.yaml in `/home/user/antigravity/typpingchallenge/dataconnect`\n"}}
[debug] [2026-02-03T08:32:29.636Z] E0203 14:02:29.636820   37374 watch.go:40] Failed to load config from "/home/user/antigravity/typpingchallenge/dataconnect": could not find dataconnect.yaml in `/home/user/antigravity/typpingchallenge/dataconnect`
 {"metadata":{"emulator":{"name":"dataconnect"},"message":"E0203 14:02:29.636820   37374 watch.go:40] Failed to load config from \"/home/user/antigravity/typpingchallenge/dataconnect\": could not find dataconnect.yaml in `/home/user/antigravity/typpingchallenge/dataconnect`\n"}}
[debug] [2026-02-03T08:32:39.633Z] E0203 14:02:39.632988   37374 watch.go:40] Failed to load config from "/home/user/antigravity/typpingchallenge/dataconnect": could not find dataconnect.yaml in `/home/user/antigravity/typpingchallenge/dataconnect`
 {"metadata":{"emulator":{"name":"dataconnect"},"message":"E0203 14:02:39.632988   37374 watch.go:40] Failed to load config from \"/home/user/antigravity/typpingchallenge/dataconnect\": could not find dataconnect.yaml in `/home/user/antigravity/typpingchallenge/dataconnect`\n"}}
[debug] [2026-02-03T08:32:49.633Z] E0203 14:02:49.633759   37374 watch.go:40] Failed to load config from "/home/user/antigravity/typpingchallenge/dataconnect": could not find dataconnect.yaml in `/home/user/antigravity/typpingchallenge/dataconnect`
 {"metadata":{"emulator":{"name":"dataconnect"},"message":"E0203 14:02:49.633759   37374 watch.go:40] Failed to load config from \"/home/user/antigravity/typpingchallenge/dataconnect\": could not find dataconnect.yaml in `/home/user/antigravity/typpingchallenge/dataconnect`\n"}}
[debug] [2026-02-03T08:32:59.633Z] E0203 14:02:59.632924   37374 watch.go:40] Failed to load config from "/home/user/antigravity/typpingchallenge/dataconnect": could not find dataconnect.yaml in `/home/user/antigravity/typpingchallenge/dataconnect`
 {"metadata":{"emulator":{"name":"dataconnect"},"message":"E0203 14:02:59.632924   37374 watch.go:40] Failed to load config from \"/home/user/antigravity/typpingchallenge/dataconnect\": could not find dataconnect.yaml in `/home/user/antigravity/typpingchallenge/dataconnect`\n"}}
[debug] [2026-02-03T08:33:09.631Z] E0203 14:03:09.631753   37374 watch.go:116] watchAllDir unable to walk dir `/home/user/antigravity/typpingchallenge/dataconnect`: lstat /home/user/antigravity/typpingchallenge/dataconnect: no such file or directory
E0203 14:03:09.631785   37374 watch.go:40] Failed to load config from "/home/user/antigravity/typpingchallenge/dataconnect": could not find dataconnect.yaml in `/home/user/antigravity/typpingchallenge/dataconnect`
 {"metadata":{"emulator":{"name":"dataconnect"},"message":"E0203 14:03:09.631753   37374 watch.go:116] watchAllDir unable to walk dir `/home/user/antigravity/typpingchallenge/dataconnect`: lstat /home/user/antigravity/typpingchallenge/dataconnect: no such file or directory\nE0203 14:03:09.631785   37374 watch.go:40] Failed to load config from \"/home/user/antigravity/typpingchallenge/dataconnect\": could not find dataconnect.yaml in `/home/user/antigravity/typpingchallenge/dataconnect`\n"}}
[debug] [2026-02-03T08:33:19.638Z] E0203 14:03:19.637981   37374 watch.go:40] Failed to load config from "/home/user/antigravity/typpingchallenge/dataconnect": could not find dataconnect.yaml in `/home/user/antigravity/typpingchallenge/dataconnect`
 {"metadata":{"emulator":{"name":"dataconnect"},"message":"E0203 14:03:19.637981   37374 watch.go:40] Failed to load config from \"/home/user/antigravity/typpingchallenge/dataconnect\": could not find dataconnect.yaml in `/home/user/antigravity/typpingchallenge/dataconnect`\n"}}
[debug] [2026-02-03T08:33:29.638Z] E0203 14:03:29.637824   37374 watch.go:40] Failed to load config from "/home/user/antigravity/typpingchallenge/dataconnect": could not find dataconnect.yaml in `/home/user/antigravity/typpingchallenge/dataconnect`
 {"metadata":{"emulator":{"name":"dataconnect"},"message":"E0203 14:03:29.637824   37374 watch.go:40] Failed to load config from \"/home/user/antigravity/typpingchallenge/dataconnect\": could not find dataconnect.yaml in `/home/user/antigravity/typpingchallenge/dataconnect`\n"}}
[debug] [2026-02-03T08:33:39.633Z] E0203 14:03:39.633011   37374 watch.go:40] Failed to load config from "/home/user/antigravity/typpingchallenge/dataconnect": could not find dataconnect.yaml in `/home/user/antigravity/typpingchallenge/dataconnect`
 {"metadata":{"emulator":{"name":"dataconnect"},"message":"E0203 14:03:39.633011   37374 watch.go:40] Failed to load config from \"/home/user/antigravity/typpingchallenge/dataconnect\": could not find dataconnect.yaml in `/home/user/antigravity/typpingchallenge/dataconnect`\n"}}
[debug] [2026-02-03T08:33:49.638Z] E0203 14:03:49.638017   37374 watch.go:40] Failed to load config from "/home/user/antigravity/typpingchallenge/dataconnect": could not find dataconnect.yaml in `/home/user/antigravity/typpingchallenge/dataconnect`
 {"metadata":{"emulator":{"name":"dataconnect"},"message":"E0203 14:03:49.638017   37374 watch.go:40] Failed to load config from \"/home/user/antigravity/typpingchallenge/dataconnect\": could not find dataconnect.yaml in `/home/user/antigravity/typpingchallenge/dataconnect`\n"}}
[debug] [2026-02-03T08:33:59.638Z] E0203 14:03:59.637757   37374 watch.go:40] Failed to load config from "/home/user/antigravity/typpingchallenge/dataconnect": could not find dataconnect.yaml in `/home/user/antigravity/typpingchallenge/dataconnect`
 {"metadata":{"emulator":{"name":"dataconnect"},"message":"E0203 14:03:59.637757   37374 watch.go:40] Failed to load config from \"/home/user/antigravity/typpingchallenge/dataconnect\": could not find dataconnect.yaml in `/home/user/antigravity/typpingchallenge/dataconnect`\n"}}
[debug] [2026-02-03T08:34:09.633Z] E0203 14:04:09.632792   37374 watch.go:116] watchAllDir unable to walk dir `/home/user/antigravity/typpingchallenge/dataconnect`: lstat /home/user/antigravity/typpingchallenge/dataconnect: no such file or directory
 {"metadata":{"emulator":{"name":"dataconnect"},"message":"E0203 14:04:09.632792   37374 watch.go:116] watchAllDir unable to walk dir `/home/user/antigravity/typpingchallenge/dataconnect`: lstat /home/user/antigravity/typpingchallenge/dataconnect: no such file or directory\n"}}
[debug] [2026-02-03T08:34:09.635Z] E0203 14:04:09.634782   37374 watch.go:40] Failed to load config from "/home/user/antigravity/typpingchallenge/dataconnect": could not find dataconnect.yaml in `/home/user/antigravity/typpingchallenge/dataconnect`
 {"metadata":{"emulator":{"name":"dataconnect"},"message":"E0203 14:04:09.634782   37374 watch.go:40] Failed to load config from \"/home/user/antigravity/typpingchallenge/dataconnect\": could not find dataconnect.yaml in `/home/user/antigravity/typpingchallenge/dataconnect`\n"}}
[debug] [2026-02-03T08:34:19.632Z] E0203 14:04:19.632227   37374 watch.go:40] Failed to load config from "/home/user/antigravity/typpingchallenge/dataconnect": could not find dataconnect.yaml in `/home/user/antigravity/typpingchallenge/dataconnect`
 {"metadata":{"emulator":{"name":"dataconnect"},"message":"E0203 14:04:19.632227   37374 watch.go:40] Failed to load config from \"/home/user/antigravity/typpingchallenge/dataconnect\": could not find dataconnect.yaml in `/home/user/antigravity/typpingchallenge/dataconnect`\n"}}
[debug] [2026-02-03T08:34:29.628Z] E0203 14:04:29.628540   37374 watch.go:40] Failed to load config from "/home/user/antigravity/typpingchallenge/dataconnect": could not find dataconnect.yaml in `/home/user/antigravity/typpingchallenge/dataconnect`
 {"metadata":{"emulator":{"name":"dataconnect"},"message":"E0203 14:04:29.628540   37374 watch.go:40] Failed to load config from \"/home/user/antigravity/typpingchallenge/dataconnect\": could not find dataconnect.yaml in `/home/user/antigravity/typpingchallenge/dataconnect`\n"}}
[debug] [2026-02-03T08:34:39.632Z] E0203 14:04:39.632688   37374 watch.go:40] Failed to load config from "/home/user/antigravity/typpingchallenge/dataconnect": could not find dataconnect.yaml in `/home/user/antigravity/typpingchallenge/dataconnect`
 {"metadata":{"emulator":{"name":"dataconnect"},"message":"E0203 14:04:39.632688   37374 watch.go:40] Failed to load config from \"/home/user/antigravity/typpingchallenge/dataconnect\": could not find dataconnect.yaml in `/home/user/antigravity/typpingchallenge/dataconnect`\n"}}
[debug] [2026-02-03T08:34:49.637Z] E0203 14:04:49.637751   37374 watch.go:40] Failed to load config from "/home/user/antigravity/typpingchallenge/dataconnect": could not find dataconnect.yaml in `/home/user/antigravity/typpingchallenge/dataconnect`
 {"metadata":{"emulator":{"name":"dataconnect"},"message":"E0203 14:04:49.637751   37374 watch.go:40] Failed to load config from \"/home/user/antigravity/typpingchallenge/dataconnect\": could not find dataconnect.yaml in `/home/user/antigravity/typpingchallenge/dataconnect`\n"}}
[debug] [2026-02-03T08:34:59.637Z] E0203 14:04:59.637737   37374 watch.go:40] Failed to load config from "/home/user/antigravity/typpingchallenge/dataconnect": could not find dataconnect.yaml in `/home/user/antigravity/typpingchallenge/dataconnect`
 {"metadata":{"emulator":{"name":"dataconnect"},"message":"E0203 14:04:59.637737   37374 watch.go:40] Failed to load config from \"/home/user/antigravity/typpingchallenge/dataconnect\": could not find dataconnect.yaml in `/home/user/antigravity/typpingchallenge/dataconnect`\n"}}
[debug] [2026-02-03T08:35:09.632Z] E0203 14:05:09.632712   37374 watch.go:116] watchAllDir unable to walk dir `/home/user/antigravity/typpingchallenge/dataconnect`: lstat /home/user/antigravity/typpingchallenge/dataconnect: no such file or directory
E0203 14:05:09.632768   37374 watch.go:40] Failed to load config from "/home/user/antigravity/typpingchallenge/dataconnect": could not find dataconnect.yaml in `/home/user/antigravity/typpingchallenge/dataconnect`
 {"metadata":{"emulator":{"name":"dataconnect"},"message":"E0203 14:05:09.632712   37374 watch.go:116] watchAllDir unable to walk dir `/home/user/antigravity/typpingchallenge/dataconnect`: lstat /home/user/antigravity/typpingchallenge/dataconnect: no such file or directory\nE0203 14:05:09.632768   37374 watch.go:40] Failed to load config from \"/home/user/antigravity/typpingchallenge/dataconnect\": could not find dataconnect.yaml in `/home/user/antigravity/typpingchallenge/dataconnect`\n"}}
[debug] [2026-02-03T08:35:19.638Z] E0203 14:05:19.637909   37374 watch.go:40] Failed to load config from "/home/user/antigravity/typpingchallenge/dataconnect": could not find dataconnect.yaml in `/home/user/antigravity/typpingchallenge/dataconnect`
 {"metadata":{"emulator":{"name":"dataconnect"},"message":"E0203 14:05:19.637909   37374 watch.go:40] Failed to load config from \"/home/user/antigravity/typpingchallenge/dataconnect\": could not find dataconnect.yaml in `/home/user/antigravity/typpingchallenge/dataconnect`\n"}}
[debug] [2026-02-03T08:35:29.638Z] E0203 14:05:29.637752   37374 watch.go:40] Failed to load config from "/home/user/antigravity/typpingchallenge/dataconnect": could not find dataconnect.yaml in `/home/user/antigravity/typpingchallenge/dataconnect`
 {"metadata":{"emulator":{"name":"dataconnect"},"message":"E0203 14:05:29.637752   37374 watch.go:40] Failed to load config from \"/home/user/antigravity/typpingchallenge/dataconnect\": could not find dataconnect.yaml in `/home/user/antigravity/typpingchallenge/dataconnect`\n"}}
[debug] [2026-02-03T08:35:39.633Z] E0203 14:05:39.632769   37374 watch.go:40] Failed to load config from "/home/user/antigravity/typpingchallenge/dataconnect": could not find dataconnect.yaml in `/home/user/antigravity/typpingchallenge/dataconnect`
 {"metadata":{"emulator":{"name":"dataconnect"},"message":"E0203 14:05:39.632769   37374 watch.go:40] Failed to load config from \"/home/user/antigravity/typpingchallenge/dataconnect\": could not find dataconnect.yaml in `/home/user/antigravity/typpingchallenge/dataconnect`\n"}}
[debug] [2026-02-03T08:35:49.638Z] E0203 14:05:49.637898   37374 watch.go:40] Failed to load config from "/home/user/antigravity/typpingchallenge/dataconnect": could not find dataconnect.yaml in `/home/user/antigravity/typpingchallenge/dataconnect`
 {"metadata":{"emulator":{"name":"dataconnect"},"message":"E0203 14:05:49.637898   37374 watch.go:40] Failed to load config from \"/home/user/antigravity/typpingchallenge/dataconnect\": could not find dataconnect.yaml in `/home/user/antigravity/typpingchallenge/dataconnect`\n"}}
[debug] [2026-02-03T08:35:59.638Z] E0203 14:05:59.637839   37374 watch.go:40] Failed to load config from "/home/user/antigravity/typpingchallenge/dataconnect": could not find dataconnect.yaml in `/home/user/antigravity/typpingchallenge/dataconnect`
 {"metadata":{"emulator":{"name":"dataconnect"},"message":"E0203 14:05:59.637839   37374 watch.go:40] Failed to load config from \"/home/user/antigravity/typpingchallenge/dataconnect\": could not find dataconnect.yaml in `/home/user/antigravity/typpingchallenge/dataconnect`\n"}}
[debug] [2026-02-03T08:36:09.632Z] E0203 14:06:09.632736   37374 watch.go:116] watchAllDir unable to walk dir `/home/user/antigravity/typpingchallenge/dataconnect`: lstat /home/user/antigravity/typpingchallenge/dataconnect: no such file or directory
E0203 14:06:09.632812   37374 watch.go:40] Failed to load config from "/home/user/antigravity/typpingchallenge/dataconnect": could not find dataconnect.yaml in `/home/user/antigravity/typpingchallenge/dataconnect`
 {"metadata":{"emulator":{"name":"dataconnect"},"message":"E0203 14:06:09.632736   37374 watch.go:116] watchAllDir unable to walk dir `/home/user/antigravity/typpingchallenge/dataconnect`: lstat /home/user/antigravity/typpingchallenge/dataconnect: no such file or directory\nE0203 14:06:09.632812   37374 watch.go:40] Failed to load config from \"/home/user/antigravity/typpingchallenge/dataconnect\": could not find dataconnect.yaml in `/home/user/antigravity/typpingchallenge/dataconnect`\n"}}
[debug] [2026-02-03T08:36:19.637Z] E0203 14:06:19.637772   37374 watch.go:40] Failed to load config from "/home/user/antigravity/typpingchallenge/dataconnect": could not find dataconnect.yaml in `/home/user/antigravity/typpingchallenge/dataconnect`
 {"metadata":{"emulator":{"name":"dataconnect"},"message":"E0203 14:06:19.637772   37374 watch.go:40] Failed to load config from \"/home/user/antigravity/typpingchallenge/dataconnect\": could not find dataconnect.yaml in `/home/user/antigravity/typpingchallenge/dataconnect`\n"}}
[debug] [2026-02-03T08:36:29.634Z] E0203 14:06:29.634405   37374 watch.go:40] Failed to load config from "/home/user/antigravity/typpingchallenge/dataconnect": could not find dataconnect.yaml in `/home/user/antigravity/typpingchallenge/dataconnect`
 {"metadata":{"emulator":{"name":"dataconnect"},"message":"E0203 14:06:29.634405   37374 watch.go:40] Failed to load config from \"/home/user/antigravity/typpingchallenge/dataconnect\": could not find dataconnect.yaml in `/home/user/antigravity/typpingchallenge/dataconnect`\n"}}
[debug] [2026-02-03T08:36:39.632Z] E0203 14:06:39.632688   37374 watch.go:40] Failed to load config from "/home/user/antigravity/typpingchallenge/dataconnect": could not find dataconnect.yaml in `/home/user/antigravity/typpingchallenge/dataconnect`
 {"metadata":{"emulator":{"name":"dataconnect"},"message":"E0203 14:06:39.632688   37374 watch.go:40] Failed to load config from \"/home/user/antigravity/typpingchallenge/dataconnect\": could not find dataconnect.yaml in `/home/user/antigravity/typpingchallenge/dataconnect`\n"}}
[debug] [2026-02-03T08:36:49.636Z] E0203 14:06:49.636720   37374 watch.go:40] Failed to load config from "/home/user/antigravity/typpingchallenge/dataconnect": could not find dataconnect.yaml in `/home/user/antigravity/typpingchallenge/dataconnect`
 {"metadata":{"emulator":{"name":"dataconnect"},"message":"E0203 14:06:49.636720   37374 watch.go:40] Failed to load config from \"/home/user/antigravity/typpingchallenge/dataconnect\": could not find dataconnect.yaml in `/home/user/antigravity/typpingchallenge/dataconnect`\n"}}
[debug] [2026-02-03T08:36:59.637Z] E0203 14:06:59.637755   37374 watch.go:40] Failed to load config from "/home/user/antigravity/typpingchallenge/dataconnect": could not find dataconnect.yaml in `/home/user/antigravity/typpingchallenge/dataconnect`
 {"metadata":{"emulator":{"name":"dataconnect"},"message":"E0203 14:06:59.637755   37374 watch.go:40] Failed to load config from \"/home/user/antigravity/typpingchallenge/dataconnect\": could not find dataconnect.yaml in `/home/user/antigravity/typpingchallenge/dataconnect`\n"}}
[debug] [2026-02-03T08:37:09.632Z] E0203 14:07:09.632844   37374 watch.go:116] watchAllDir unable to walk dir `/home/user/antigravity/typpingchallenge/dataconnect`: lstat /home/user/antigravity/typpingchallenge/dataconnect: no such file or directory
E0203 14:07:09.632888   37374 watch.go:40] Failed to load config from "/home/user/antigravity/typpingchallenge/dataconnect": could not find dataconnect.yaml in `/home/user/antigravity/typpingchallenge/dataconnect`
 {"metadata":{"emulator":{"name":"dataconnect"},"message":"E0203 14:07:09.632844   37374 watch.go:116] watchAllDir unable to walk dir `/home/user/antigravity/typpingchallenge/dataconnect`: lstat /home/user/antigravity/typpingchallenge/dataconnect: no such file or directory\nE0203 14:07:09.632888   37374 watch.go:40] Failed to load config from \"/home/user/antigravity/typpingchallenge/dataconnect\": could not find dataconnect.yaml in `/home/user/antigravity/typpingchallenge/dataconnect`\n"}}
[debug] [2026-02-03T08:37:19.637Z] E0203 14:07:19.637768   37374 watch.go:40] Failed to load config from "/home/user/antigravity/typpingchallenge/dataconnect": could not find dataconnect.yaml in `/home/user/antigravity/typpingchallenge/dataconnect`
 {"metadata":{"emulator":{"name":"dataconnect"},"message":"E0203 14:07:19.637768   37374 watch.go:40] Failed to load config from \"/home/user/antigravity/typpingchallenge/dataconnect\": could not find dataconnect.yaml in `/home/user/antigravity/typpingchallenge/dataconnect`\n"}}
[debug] [2026-02-03T08:37:29.637Z] E0203 14:07:29.637754   37374 watch.go:40] Failed to load config from "/home/user/antigravity/typpingchallenge/dataconnect": could not find dataconnect.yaml in `/home/user/antigravity/typpingchallenge/dataconnect`
 {"metadata":{"emulator":{"name":"dataconnect"},"message":"E0203 14:07:29.637754   37374 watch.go:40] Failed to load config from \"/home/user/antigravity/typpingchallenge/dataconnect\": could not find dataconnect.yaml in `/home/user/antigravity/typpingchallenge/dataconnect`\n"}}
[debug] [2026-02-03T08:37:39.633Z] E0203 14:07:39.632913   37374 watch.go:40] Failed to load config from "/home/user/antigravity/typpingchallenge/dataconnect": could not find dataconnect.yaml in `/home/user/antigravity/typpingchallenge/dataconnect`
 {"metadata":{"emulator":{"name":"dataconnect"},"message":"E0203 14:07:39.632913   37374 watch.go:40] Failed to load config from \"/home/user/antigravity/typpingchallenge/dataconnect\": could not find dataconnect.yaml in `/home/user/antigravity/typpingchallenge/dataconnect`\n"}}
[debug] [2026-02-03T08:37:49.637Z] E0203 14:07:49.637750   37374 watch.go:40] Failed to load config from "/home/user/antigravity/typpingchallenge/dataconnect": could not find dataconnect.yaml in `/home/user/antigravity/typpingchallenge/dataconnect`
 {"metadata":{"emulator":{"name":"dataconnect"},"message":"E0203 14:07:49.637750   37374 watch.go:40] Failed to load config from \"/home/user/antigravity/typpingchallenge/dataconnect\": could not find dataconnect.yaml in `/home/user/antigravity/typpingchallenge/dataconnect`\n"}}
[debug] [2026-02-03T08:37:59.637Z] E0203 14:07:59.637753   37374 watch.go:40] Failed to load config from "/home/user/antigravity/typpingchallenge/dataconnect": could not find dataconnect.yaml in `/home/user/antigravity/typpingchallenge/dataconnect`
 {"metadata":{"emulator":{"name":"dataconnect"},"message":"E0203 14:07:59.637753   37374 watch.go:40] Failed to load config from \"/home/user/antigravity/typpingchallenge/dataconnect\": could not find dataconnect.yaml in `/home/user/antigravity/typpingchallenge/dataconnect`\n"}}
[debug] [2026-02-03T08:38:09.633Z] E0203 14:08:09.632855   37374 watch.go:116] watchAllDir unable to walk dir `/home/user/antigravity/typpingchallenge/dataconnect`: lstat /home/user/antigravity/typpingchallenge/dataconnect: no such file or directory
E0203 14:08:09.632914   37374 watch.go:40] Failed to load config from "/home/user/antigravity/typpingchallenge/dataconnect": could not find dataconnect.yaml in `/home/user/antigravity/typpingchallenge/dataconnect`
 {"metadata":{"emulator":{"name":"dataconnect"},"message":"E0203 14:08:09.632855   37374 watch.go:116] watchAllDir unable to walk dir `/home/user/antigravity/typpingchallenge/dataconnect`: lstat /home/user/antigravity/typpingchallenge/dataconnect: no such file or directory\nE0203 14:08:09.632914   37374 watch.go:40] Failed to load config from \"/home/user/antigravity/typpingchallenge/dataconnect\": could not find dataconnect.yaml in `/home/user/antigravity/typpingchallenge/dataconnect`\n"}}
[debug] [2026-02-03T08:38:19.637Z] E0203 14:08:19.637487   37374 watch.go:40] Failed to load config from "/home/user/antigravity/typpingchallenge/dataconnect": could not find dataconnect.yaml in `/home/user/antigravity/typpingchallenge/dataconnect`
 {"metadata":{"emulator":{"name":"dataconnect"},"message":"E0203 14:08:19.637487   37374 watch.go:40] Failed to load config from \"/home/user/antigravity/typpingchallenge/dataconnect\": could not find dataconnect.yaml in `/home/user/antigravity/typpingchallenge/dataconnect`\n"}}
[debug] [2026-02-03T08:38:29.637Z] E0203 14:08:29.637591   37374 watch.go:40] Failed to load config from "/home/user/antigravity/typpingchallenge/dataconnect": could not find dataconnect.yaml in `/home/user/antigravity/typpingchallenge/dataconnect`
 {"metadata":{"emulator":{"name":"dataconnect"},"message":"E0203 14:08:29.637591   37374 watch.go:40] Failed to load config from \"/home/user/antigravity/typpingchallenge/dataconnect\": could not find dataconnect.yaml in `/home/user/antigravity/typpingchallenge/dataconnect`\n"}}
[debug] [2026-02-03T08:38:39.631Z] E0203 14:08:39.631744   37374 watch.go:40] Failed to load config from "/home/user/antigravity/typpingchallenge/dataconnect": could not find dataconnect.yaml in `/home/user/antigravity/typpingchallenge/dataconnect`
 {"metadata":{"emulator":{"name":"dataconnect"},"message":"E0203 14:08:39.631744   37374 watch.go:40] Failed to load config from \"/home/user/antigravity/typpingchallenge/dataconnect\": could not find dataconnect.yaml in `/home/user/antigravity/typpingchallenge/dataconnect`\n"}}
[debug] [2026-02-03T08:38:49.628Z] E0203 14:08:49.628426   37374 watch.go:40] Failed to load config from "/home/user/antigravity/typpingchallenge/dataconnect": could not find dataconnect.yaml in `/home/user/antigravity/typpingchallenge/dataconnect`
 {"metadata":{"emulator":{"name":"dataconnect"},"message":"E0203 14:08:49.628426   37374 watch.go:40] Failed to load config from \"/home/user/antigravity/typpingchallenge/dataconnect\": could not find dataconnect.yaml in `/home/user/antigravity/typpingchallenge/dataconnect`\n"}}
[debug] [2026-02-03T08:38:59.637Z] E0203 14:08:59.637808   37374 watch.go:40] Failed to load config from "/home/user/antigravity/typpingchallenge/dataconnect": could not find dataconnect.yaml in `/home/user/antigravity/typpingchallenge/dataconnect`
 {"metadata":{"emulator":{"name":"dataconnect"},"message":"E0203 14:08:59.637808   37374 watch.go:40] Failed to load config from \"/home/user/antigravity/typpingchallenge/dataconnect\": could not find dataconnect.yaml in `/home/user/antigravity/typpingchallenge/dataconnect`\n"}}
[debug] [2026-02-03T08:39:09.632Z] E0203 14:09:09.632708   37374 watch.go:116] watchAllDir unable to walk dir `/home/user/antigravity/typpingchallenge/dataconnect`: lstat /home/user/antigravity/typpingchallenge/dataconnect: no such file or directory
E0203 14:09:09.632759   37374 watch.go:40] Failed to load config from "/home/user/antigravity/typpingchallenge/dataconnect": could not find dataconnect.yaml in `/home/user/antigravity/typpingchallenge/dataconnect`
 {"metadata":{"emulator":{"name":"dataconnect"},"message":"E0203 14:09:09.632708   37374 watch.go:116] watchAllDir unable to walk dir `/home/user/antigravity/typpingchallenge/dataconnect`: lstat /home/user/antigravity/typpingchallenge/dataconnect: no such file or directory\nE0203 14:09:09.632759   37374 watch.go:40] Failed to load config from \"/home/user/antigravity/typpingchallenge/dataconnect\": could not find dataconnect.yaml in `/home/user/antigravity/typpingchallenge/dataconnect`\n"}}
[debug] [2026-02-03T08:39:19.637Z] E0203 14:09:19.637688   37374 watch.go:40] Failed to load config from "/home/user/antigravity/typpingchallenge/dataconnect": could not find dataconnect.yaml in `/home/user/antigravity/typpingchallenge/dataconnect`
 {"metadata":{"emulator":{"name":"dataconnect"},"message":"E0203 14:09:19.637688   37374 watch.go:40] Failed to load config from \"/home/user/antigravity/typpingchallenge/dataconnect\": could not find dataconnect.yaml in `/home/user/antigravity/typpingchallenge/dataconnect`\n"}}
[debug] [2026-02-03T08:39:29.637Z] E0203 14:09:29.637749   37374 watch.go:40] Failed to load config from "/home/user/antigravity/typpingchallenge/dataconnect": could not find dataconnect.yaml in `/home/user/antigravity/typpingchallenge/dataconnect`
 {"metadata":{"emulator":{"name":"dataconnect"},"message":"E0203 14:09:29.637749   37374 watch.go:40] Failed to load config from \"/home/user/antigravity/typpingchallenge/dataconnect\": could not find dataconnect.yaml in `/home/user/antigravity/typpingchallenge/dataconnect`\n"}}
[debug] [2026-02-03T08:39:39.632Z] E0203 14:09:39.632774   37374 watch.go:40] Failed to load config from "/home/user/antigravity/typpingchallenge/dataconnect": could not find dataconnect.yaml in `/home/user/antigravity/typpingchallenge/dataconnect`
 {"metadata":{"emulator":{"name":"dataconnect"},"message":"E0203 14:09:39.632774   37374 watch.go:40] Failed to load config from \"/home/user/antigravity/typpingchallenge/dataconnect\": could not find dataconnect.yaml in `/home/user/antigravity/typpingchallenge/dataconnect`\n"}}
[debug] [2026-02-03T08:39:49.637Z] E0203 14:09:49.637713   37374 watch.go:40] Failed to load config from "/home/user/antigravity/typpingchallenge/dataconnect": could not find dataconnect.yaml in `/home/user/antigravity/typpingchallenge/dataconnect`
 {"metadata":{"emulator":{"name":"dataconnect"},"message":"E0203 14:09:49.637713   37374 watch.go:40] Failed to load config from \"/home/user/antigravity/typpingchallenge/dataconnect\": could not find dataconnect.yaml in `/home/user/antigravity/typpingchallenge/dataconnect`\n"}}
[debug] [2026-02-03T08:39:59.637Z] E0203 14:09:59.637749   37374 watch.go:40] Failed to load config from "/home/user/antigravity/typpingchallenge/dataconnect": could not find dataconnect.yaml in `/home/user/antigravity/typpingchallenge/dataconnect`
 {"metadata":{"emulator":{"name":"dataconnect"},"message":"E0203 14:09:59.637749   37374 watch.go:40] Failed to load config from \"/home/user/antigravity/typpingchallenge/dataconnect\": could not find dataconnect.yaml in `/home/user/antigravity/typpingchallenge/dataconnect`\n"}}
[debug] [2026-02-03T08:40:09.632Z] E0203 14:10:09.632695   37374 watch.go:116] watchAllDir unable to walk dir `/home/user/antigravity/typpingchallenge/dataconnect`: lstat /home/user/antigravity/typpingchallenge/dataconnect: no such file or directory
E0203 14:10:09.632712   37374 watch.go:40] Failed to load config from "/home/user/antigravity/typpingchallenge/dataconnect": could not find dataconnect.yaml in `/home/user/antigravity/typpingchallenge/dataconnect`
 {"metadata":{"emulator":{"name":"dataconnect"},"message":"E0203 14:10:09.632695   37374 watch.go:116] watchAllDir unable to walk dir `/home/user/antigravity/typpingchallenge/dataconnect`: lstat /home/user/antigravity/typpingchallenge/dataconnect: no such file or directory\nE0203 14:10:09.632712   37374 watch.go:40] Failed to load config from \"/home/user/antigravity/typpingchallenge/dataconnect\": could not find dataconnect.yaml in `/home/user/antigravity/typpingchallenge/dataconnect`\n"}}
[debug] [2026-02-03T08:40:19.637Z] E0203 14:10:19.637706   37374 watch.go:40] Failed to load config from "/home/user/antigravity/typpingchallenge/dataconnect": could not find dataconnect.yaml in `/home/user/antigravity/typpingchallenge/dataconnect`
 {"metadata":{"emulator":{"name":"dataconnect"},"message":"E0203 14:10:19.637706   37374 watch.go:40] Failed to load config from \"/home/user/antigravity/typpingchallenge/dataconnect\": could not find dataconnect.yaml in `/home/user/antigravity/typpingchallenge/dataconnect`\n"}}
[debug] [2026-02-03T08:40:29.638Z] E0203 14:10:29.637723   37374 watch.go:40] Failed to load config from "/home/user/antigravity/typpingchallenge/dataconnect": could not find dataconnect.yaml in `/home/user/antigravity/typpingchallenge/dataconnect`
 {"metadata":{"emulator":{"name":"dataconnect"},"message":"E0203 14:10:29.637723   37374 watch.go:40] Failed to load config from \"/home/user/antigravity/typpingchallenge/dataconnect\": could not find dataconnect.yaml in `/home/user/antigravity/typpingchallenge/dataconnect`\n"}}
[debug] [2026-02-03T08:40:39.633Z] E0203 14:10:39.632755   37374 watch.go:40] Failed to load config from "/home/user/antigravity/typpingchallenge/dataconnect": could not find dataconnect.yaml in `/home/user/antigravity/typpingchallenge/dataconnect`
 {"metadata":{"emulator":{"name":"dataconnect"},"message":"E0203 14:10:39.632755   37374 watch.go:40] Failed to load config from \"/home/user/antigravity/typpingchallenge/dataconnect\": could not find dataconnect.yaml in `/home/user/antigravity/typpingchallenge/dataconnect`\n"}}
[debug] [2026-02-03T08:40:49.629Z] E0203 14:10:49.628740   37374 watch.go:40] Failed to load config from "/home/user/antigravity/typpingchallenge/dataconnect": could not find dataconnect.yaml in `/home/user/antigravity/typpingchallenge/dataconnect`
 {"metadata":{"emulator":{"name":"dataconnect"},"message":"E0203 14:10:49.628740   37374 watch.go:40] Failed to load config from \"/home/user/antigravity/typpingchallenge/dataconnect\": could not find dataconnect.yaml in `/home/user/antigravity/typpingchallenge/dataconnect`\n"}}
[debug] [2026-02-03T08:40:59.628Z] E0203 14:10:59.628416   37374 watch.go:40] Failed to load config from "/home/user/antigravity/typpingchallenge/dataconnect": could not find dataconnect.yaml in `/home/user/antigravity/typpingchallenge/dataconnect`
 {"metadata":{"emulator":{"name":"dataconnect"},"message":"E0203 14:10:59.628416   37374 watch.go:40] Failed to load config from \"/home/user/antigravity/typpingchallenge/dataconnect\": could not find dataconnect.yaml in `/home/user/antigravity/typpingchallenge/dataconnect`\n"}}
[debug] [2026-02-03T08:41:09.632Z] E0203 14:11:09.632733   37374 watch.go:116] watchAllDir unable to walk dir `/home/user/antigravity/typpingchallenge/dataconnect`: lstat /home/user/antigravity/typpingchallenge/dataconnect: no such file or directory
E0203 14:11:09.632793   37374 watch.go:40] Failed to load config from "/home/user/antigravity/typpingchallenge/dataconnect": could not find dataconnect.yaml in `/home/user/antigravity/typpingchallenge/dataconnect`
 {"metadata":{"emulator":{"name":"dataconnect"},"message":"E0203 14:11:09.632733   37374 watch.go:116] watchAllDir unable to walk dir `/home/user/antigravity/typpingchallenge/dataconnect`: lstat /home/user/antigravity/typpingchallenge/dataconnect: no such file or directory\nE0203 14:11:09.632793   37374 watch.go:40] Failed to load config from \"/home/user/antigravity/typpingchallenge/dataconnect\": could not find dataconnect.yaml in `/home/user/antigravity/typpingchallenge/dataconnect`\n"}}
[debug] [2026-02-03T08:41:19.638Z] E0203 14:11:19.637751   37374 watch.go:40] Failed to load config from "/home/user/antigravity/typpingchallenge/dataconnect": could not find dataconnect.yaml in `/home/user/antigravity/typpingchallenge/dataconnect`
 {"metadata":{"emulator":{"name":"dataconnect"},"message":"E0203 14:11:19.637751   37374 watch.go:40] Failed to load config from \"/home/user/antigravity/typpingchallenge/dataconnect\": could not find dataconnect.yaml in `/home/user/antigravity/typpingchallenge/dataconnect`\n"}}
[debug] [2026-02-03T08:41:29.637Z] E0203 14:11:29.637788   37374 watch.go:40] Failed to load config from "/home/user/antigravity/typpingchallenge/dataconnect": could not find dataconnect.yaml in `/home/user/antigravity/typpingchallenge/dataconnect`
 {"metadata":{"emulator":{"name":"dataconnect"},"message":"E0203 14:11:29.637788   37374 watch.go:40] Failed to load config from \"/home/user/antigravity/typpingchallenge/dataconnect\": could not find dataconnect.yaml in `/home/user/antigravity/typpingchallenge/dataconnect`\n"}}
[debug] [2026-02-03T08:41:39.632Z] E0203 14:11:39.632812   37374 watch.go:40] Failed to load config from "/home/user/antigravity/typpingchallenge/dataconnect": could not find dataconnect.yaml in `/home/user/antigravity/typpingchallenge/dataconnect`
 {"metadata":{"emulator":{"name":"dataconnect"},"message":"E0203 14:11:39.632812   37374 watch.go:40] Failed to load config from \"/home/user/antigravity/typpingchallenge/dataconnect\": could not find dataconnect.yaml in `/home/user/antigravity/typpingchallenge/dataconnect`\n"}}
[debug] [2026-02-03T08:41:49.638Z] E0203 14:11:49.637941   37374 watch.go:40] Failed to load config from "/home/user/antigravity/typpingchallenge/dataconnect": could not find dataconnect.yaml in `/home/user/antigravity/typpingchallenge/dataconnect`
 {"metadata":{"emulator":{"name":"dataconnect"},"message":"E0203 14:11:49.637941   37374 watch.go:40] Failed to load config from \"/home/user/antigravity/typpingchallenge/dataconnect\": could not find dataconnect.yaml in `/home/user/antigravity/typpingchallenge/dataconnect`\n"}}
[debug] [2026-02-03T08:41:59.637Z] E0203 14:11:59.637772   37374 watch.go:40] Failed to load config from "/home/user/antigravity/typpingchallenge/dataconnect": could not find dataconnect.yaml in `/home/user/antigravity/typpingchallenge/dataconnect`
 {"metadata":{"emulator":{"name":"dataconnect"},"message":"E0203 14:11:59.637772   37374 watch.go:40] Failed to load config from \"/home/user/antigravity/typpingchallenge/dataconnect\": could not find dataconnect.yaml in `/home/user/antigravity/typpingchallenge/dataconnect`\n"}}
[debug] [2026-02-03T08:42:09.629Z] E0203 14:12:09.629317   37374 watch.go:116] watchAllDir unable to walk dir `/home/user/antigravity/typpingchallenge/dataconnect`: lstat /home/user/antigravity/typpingchallenge/dataconnect: no such file or directory
E0203 14:12:09.629377   37374 watch.go:40] Failed to load config from "/home/user/antigravity/typpingchallenge/dataconnect": could not find dataconnect.yaml in `/home/user/antigravity/typpingchallenge/dataconnect`
 {"metadata":{"emulator":{"name":"dataconnect"},"message":"E0203 14:12:09.629317   37374 watch.go:116] watchAllDir unable to walk dir `/home/user/antigravity/typpingchallenge/dataconnect`: lstat /home/user/antigravity/typpingchallenge/dataconnect: no such file or directory\nE0203 14:12:09.629377   37374 watch.go:40] Failed to load config from \"/home/user/antigravity/typpingchallenge/dataconnect\": could not find dataconnect.yaml in `/home/user/antigravity/typpingchallenge/dataconnect`\n"}}
[debug] [2026-02-03T08:42:19.636Z] E0203 14:12:19.635915   37374 watch.go:40] Failed to load config from "/home/user/antigravity/typpingchallenge/dataconnect": could not find dataconnect.yaml in `/home/user/antigravity/typpingchallenge/dataconnect`
 {"metadata":{"emulator":{"name":"dataconnect"},"message":"E0203 14:12:19.635915   37374 watch.go:40] Failed to load config from \"/home/user/antigravity/typpingchallenge/dataconnect\": could not find dataconnect.yaml in `/home/user/antigravity/typpingchallenge/dataconnect`\n"}}
[debug] [2026-02-03T08:42:29.636Z] E0203 14:12:29.635795   37374 watch.go:40] Failed to load config from "/home/user/antigravity/typpingchallenge/dataconnect": could not find dataconnect.yaml in `/home/user/antigravity/typpingchallenge/dataconnect`
 {"metadata":{"emulator":{"name":"dataconnect"},"message":"E0203 14:12:29.635795   37374 watch.go:40] Failed to load config from \"/home/user/antigravity/typpingchallenge/dataconnect\": could not find dataconnect.yaml in `/home/user/antigravity/typpingchallenge/dataconnect`\n"}}
[debug] [2026-02-03T08:42:39.632Z] E0203 14:12:39.632754   37374 watch.go:40] Failed to load config from "/home/user/antigravity/typpingchallenge/dataconnect": could not find dataconnect.yaml in `/home/user/antigravity/typpingchallenge/dataconnect`
 {"metadata":{"emulator":{"name":"dataconnect"},"message":"E0203 14:12:39.632754   37374 watch.go:40] Failed to load config from \"/home/user/antigravity/typpingchallenge/dataconnect\": could not find dataconnect.yaml in `/home/user/antigravity/typpingchallenge/dataconnect`\n"}}
[debug] [2026-02-03T08:42:49.635Z] E0203 14:12:49.635399   37374 watch.go:40] Failed to load config from "/home/user/antigravity/typpingchallenge/dataconnect": could not find dataconnect.yaml in `/home/user/antigravity/typpingchallenge/dataconnect`
 {"metadata":{"emulator":{"name":"dataconnect"},"message":"E0203 14:12:49.635399   37374 watch.go:40] Failed to load config from \"/home/user/antigravity/typpingchallenge/dataconnect\": could not find dataconnect.yaml in `/home/user/antigravity/typpingchallenge/dataconnect`\n"}}
[debug] [2026-02-03T08:42:59.629Z] E0203 14:12:59.628715   37374 watch.go:40] Failed to load config from "/home/user/antigravity/typpingchallenge/dataconnect": could not find dataconnect.yaml in `/home/user/antigravity/typpingchallenge/dataconnect`
 {"metadata":{"emulator":{"name":"dataconnect"},"message":"E0203 14:12:59.628715   37374 watch.go:40] Failed to load config from \"/home/user/antigravity/typpingchallenge/dataconnect\": could not find dataconnect.yaml in `/home/user/antigravity/typpingchallenge/dataconnect`\n"}}
[debug] [2026-02-03T08:43:09.633Z] E0203 14:13:09.632843   37374 watch.go:40] Failed to load config from "/home/user/antigravity/typpingchallenge/dataconnect": could not find dataconnect.yaml in `/home/user/antigravity/typpingchallenge/dataconnect`
 {"metadata":{"emulator":{"name":"dataconnect"},"message":"E0203 14:13:09.632843   37374 watch.go:40] Failed to load config from \"/home/user/antigravity/typpingchallenge/dataconnect\": could not find dataconnect.yaml in `/home/user/antigravity/typpingchallenge/dataconnect`\n"}}
[debug] [2026-02-03T08:43:09.634Z] E0203 14:13:09.632742   37374 watch.go:116] watchAllDir unable to walk dir `/home/user/antigravity/typpingchallenge/dataconnect`: lstat /home/user/antigravity/typpingchallenge/dataconnect: no such file or directory
 {"metadata":{"emulator":{"name":"dataconnect"},"message":"E0203 14:13:09.632742   37374 watch.go:116] watchAllDir unable to walk dir `/home/user/antigravity/typpingchallenge/dataconnect`: lstat /home/user/antigravity/typpingchallenge/dataconnect: no such file or directory\n"}}
[debug] [2026-02-03T08:43:19.634Z] E0203 14:13:19.634818   37374 watch.go:40] Failed to load config from "/home/user/antigravity/typpingchallenge/dataconnect": could not find dataconnect.yaml in `/home/user/antigravity/typpingchallenge/dataconnect`
 {"metadata":{"emulator":{"name":"dataconnect"},"message":"E0203 14:13:19.634818   37374 watch.go:40] Failed to load config from \"/home/user/antigravity/typpingchallenge/dataconnect\": could not find dataconnect.yaml in `/home/user/antigravity/typpingchallenge/dataconnect`\n"}}
[debug] [2026-02-03T08:43:29.638Z] E0203 14:13:29.637778   37374 watch.go:40] Failed to load config from "/home/user/antigravity/typpingchallenge/dataconnect": could not find dataconnect.yaml in `/home/user/antigravity/typpingchallenge/dataconnect`
 {"metadata":{"emulator":{"name":"dataconnect"},"message":"E0203 14:13:29.637778   37374 watch.go:40] Failed to load config from \"/home/user/antigravity/typpingchallenge/dataconnect\": could not find dataconnect.yaml in `/home/user/antigravity/typpingchallenge/dataconnect`\n"}}
[debug] [2026-02-03T08:43:39.632Z] E0203 14:13:39.632750   37374 watch.go:40] Failed to load config from "/home/user/antigravity/typpingchallenge/dataconnect": could not find dataconnect.yaml in `/home/user/antigravity/typpingchallenge/dataconnect`
 {"metadata":{"emulator":{"name":"dataconnect"},"message":"E0203 14:13:39.632750   37374 watch.go:40] Failed to load config from \"/home/user/antigravity/typpingchallenge/dataconnect\": could not find dataconnect.yaml in `/home/user/antigravity/typpingchallenge/dataconnect`\n"}}
[debug] [2026-02-03T08:43:49.638Z] E0203 14:13:49.637919   37374 watch.go:40] Failed to load config from "/home/user/antigravity/typpingchallenge/dataconnect": could not find dataconnect.yaml in `/home/user/antigravity/typpingchallenge/dataconnect`
 {"metadata":{"emulator":{"name":"dataconnect"},"message":"E0203 14:13:49.637919   37374 watch.go:40] Failed to load config from \"/home/user/antigravity/typpingchallenge/dataconnect\": could not find dataconnect.yaml in `/home/user/antigravity/typpingchallenge/dataconnect`\n"}}
[debug] [2026-02-03T08:43:59.638Z] E0203 14:13:59.637751   37374 watch.go:40] Failed to load config from "/home/user/antigravity/typpingchallenge/dataconnect": could not find dataconnect.yaml in `/home/user/antigravity/typpingchallenge/dataconnect`
 {"metadata":{"emulator":{"name":"dataconnect"},"message":"E0203 14:13:59.637751   37374 watch.go:40] Failed to load config from \"/home/user/antigravity/typpingchallenge/dataconnect\": could not find dataconnect.yaml in `/home/user/antigravity/typpingchallenge/dataconnect`\n"}}
[debug] [2026-02-03T08:44:09.632Z] E0203 14:14:09.631740   37374 watch.go:116] watchAllDir unable to walk dir `/home/user/antigravity/typpingchallenge/dataconnect`: lstat /home/user/antigravity/typpingchallenge/dataconnect: no such file or directory
E0203 14:14:09.631810   37374 watch.go:40] Failed to load config from "/home/user/antigravity/typpingchallenge/dataconnect": could not find dataconnect.yaml in `/home/user/antigravity/typpingchallenge/dataconnect`
 {"metadata":{"emulator":{"name":"dataconnect"},"message":"E0203 14:14:09.631740   37374 watch.go:116] watchAllDir unable to walk dir `/home/user/antigravity/typpingchallenge/dataconnect`: lstat /home/user/antigravity/typpingchallenge/dataconnect: no such file or directory\nE0203 14:14:09.631810   37374 watch.go:40] Failed to load config from \"/home/user/antigravity/typpingchallenge/dataconnect\": could not find dataconnect.yaml in `/home/user/antigravity/typpingchallenge/dataconnect`\n"}}
[debug] [2026-02-03T08:44:19.637Z] E0203 14:14:19.637734   37374 watch.go:40] Failed to load config from "/home/user/antigravity/typpingchallenge/dataconnect": could not find dataconnect.yaml in `/home/user/antigravity/typpingchallenge/dataconnect`
 {"metadata":{"emulator":{"name":"dataconnect"},"message":"E0203 14:14:19.637734   37374 watch.go:40] Failed to load config from \"/home/user/antigravity/typpingchallenge/dataconnect\": could not find dataconnect.yaml in `/home/user/antigravity/typpingchallenge/dataconnect`\n"}}
[debug] [2026-02-03T08:44:29.637Z] E0203 14:14:29.637711   37374 watch.go:40] Failed to load config from "/home/user/antigravity/typpingchallenge/dataconnect": could not find dataconnect.yaml in `/home/user/antigravity/typpingchallenge/dataconnect`
 {"metadata":{"emulator":{"name":"dataconnect"},"message":"E0203 14:14:29.637711   37374 watch.go:40] Failed to load config from \"/home/user/antigravity/typpingchallenge/dataconnect\": could not find dataconnect.yaml in `/home/user/antigravity/typpingchallenge/dataconnect`\n"}}
[debug] [2026-02-03T08:44:39.631Z] E0203 14:14:39.631811   37374 watch.go:40] Failed to load config from "/home/user/antigravity/typpingchallenge/dataconnect": could not find dataconnect.yaml in `/home/user/antigravity/typpingchallenge/dataconnect`
 {"metadata":{"emulator":{"name":"dataconnect"},"message":"E0203 14:14:39.631811   37374 watch.go:40] Failed to load config from \"/home/user/antigravity/typpingchallenge/dataconnect\": could not find dataconnect.yaml in `/home/user/antigravity/typpingchallenge/dataconnect`\n"}}
[debug] [2026-02-03T08:44:49.637Z] E0203 14:14:49.637715   37374 watch.go:40] Failed to load config from "/home/user/antigravity/typpingchallenge/dataconnect": could not find dataconnect.yaml in `/home/user/antigravity/typpingchallenge/dataconnect`
 {"metadata":{"emulator":{"name":"dataconnect"},"message":"E0203 14:14:49.637715   37374 watch.go:40] Failed to load config from \"/home/user/antigravity/typpingchallenge/dataconnect\": could not find dataconnect.yaml in `/home/user/antigravity/typpingchallenge/dataconnect`\n"}}
[debug] [2026-02-03T08:44:59.638Z] E0203 14:14:59.637768   37374 watch.go:40] Failed to load config from "/home/user/antigravity/typpingchallenge/dataconnect": could not find dataconnect.yaml in `/home/user/antigravity/typpingchallenge/dataconnect`
 {"metadata":{"emulator":{"name":"dataconnect"},"message":"E0203 14:14:59.637768   37374 watch.go:40] Failed to load config from \"/home/user/antigravity/typpingchallenge/dataconnect\": could not find dataconnect.yaml in `/home/user/antigravity/typpingchallenge/dataconnect`\n"}}
[debug] [2026-02-03T08:45:09.633Z] E0203 14:15:09.632915   37374 watch.go:40] Failed to load config from "/home/user/antigravity/typpingchallenge/dataconnect": could not find dataconnect.yaml in `/home/user/antigravity/typpingchallenge/dataconnect`
E0203 14:15:09.632819   37374 watch.go:116] watchAllDir unable to walk dir `/home/user/antigravity/typpingchallenge/dataconnect`: lstat /home/user/antigravity/typpingchallenge/dataconnect: no such file or directory
 {"metadata":{"emulator":{"name":"dataconnect"},"message":"E0203 14:15:09.632915   37374 watch.go:40] Failed to load config from \"/home/user/antigravity/typpingchallenge/dataconnect\": could not find dataconnect.yaml in `/home/user/antigravity/typpingchallenge/dataconnect`\nE0203 14:15:09.632819   37374 watch.go:116] watchAllDir unable to walk dir `/home/user/antigravity/typpingchallenge/dataconnect`: lstat /home/user/antigravity/typpingchallenge/dataconnect: no such file or directory\n"}}
[debug] [2026-02-03T08:45:19.628Z] E0203 14:15:19.628398   37374 watch.go:40] Failed to load config from "/home/user/antigravity/typpingchallenge/dataconnect": could not find dataconnect.yaml in `/home/user/antigravity/typpingchallenge/dataconnect`
 {"metadata":{"emulator":{"name":"dataconnect"},"message":"E0203 14:15:19.628398   37374 watch.go:40] Failed to load config from \"/home/user/antigravity/typpingchallenge/dataconnect\": could not find dataconnect.yaml in `/home/user/antigravity/typpingchallenge/dataconnect`\n"}}
[debug] [2026-02-03T08:45:29.638Z] E0203 14:15:29.637827   37374 watch.go:40] Failed to load config from "/home/user/antigravity/typpingchallenge/dataconnect": could not find dataconnect.yaml in `/home/user/antigravity/typpingchallenge/dataconnect`
 {"metadata":{"emulator":{"name":"dataconnect"},"message":"E0203 14:15:29.637827   37374 watch.go:40] Failed to load config from \"/home/user/antigravity/typpingchallenge/dataconnect\": could not find dataconnect.yaml in `/home/user/antigravity/typpingchallenge/dataconnect`\n"}}
[debug] [2026-02-03T08:45:39.632Z] E0203 14:15:39.632331   37374 watch.go:40] Failed to load config from "/home/user/antigravity/typpingchallenge/dataconnect": could not find dataconnect.yaml in `/home/user/antigravity/typpingchallenge/dataconnect`
 {"metadata":{"emulator":{"name":"dataconnect"},"message":"E0203 14:15:39.632331   37374 watch.go:40] Failed to load config from \"/home/user/antigravity/typpingchallenge/dataconnect\": could not find dataconnect.yaml in `/home/user/antigravity/typpingchallenge/dataconnect`\n"}}
[debug] [2026-02-03T08:45:49.637Z] E0203 14:15:49.636864   37374 watch.go:40] Failed to load config from "/home/user/antigravity/typpingchallenge/dataconnect": could not find dataconnect.yaml in `/home/user/antigravity/typpingchallenge/dataconnect`
 {"metadata":{"emulator":{"name":"dataconnect"},"message":"E0203 14:15:49.636864   37374 watch.go:40] Failed to load config from \"/home/user/antigravity/typpingchallenge/dataconnect\": could not find dataconnect.yaml in `/home/user/antigravity/typpingchallenge/dataconnect`\n"}}
[debug] [2026-02-03T08:45:59.637Z] E0203 14:15:59.637694   37374 watch.go:40] Failed to load config from "/home/user/antigravity/typpingchallenge/dataconnect": could not find dataconnect.yaml in `/home/user/antigravity/typpingchallenge/dataconnect`
 {"metadata":{"emulator":{"name":"dataconnect"},"message":"E0203 14:15:59.637694   37374 watch.go:40] Failed to load config from \"/home/user/antigravity/typpingchallenge/dataconnect\": could not find dataconnect.yaml in `/home/user/antigravity/typpingchallenge/dataconnect`\n"}}
[debug] [2026-02-03T08:46:09.636Z] E0203 14:16:09.635048   37374 watch.go:116] watchAllDir unable to walk dir `/home/user/antigravity/typpingchallenge/dataconnect`: lstat /home/user/antigravity/typpingchallenge/dataconnect: no such file or directory
E0203 14:16:09.635230   37374 watch.go:40] Failed to load config from "/home/user/antigravity/typpingchallenge/dataconnect": could not find dataconnect.yaml in `/home/user/antigravity/typpingchallenge/dataconnect`
 {"metadata":{"emulator":{"name":"dataconnect"},"message":"E0203 14:16:09.635048   37374 watch.go:116] watchAllDir unable to walk dir `/home/user/antigravity/typpingchallenge/dataconnect`: lstat /home/user/antigravity/typpingchallenge/dataconnect: no such file or directory\nE0203 14:16:09.635230   37374 watch.go:40] Failed to load config from \"/home/user/antigravity/typpingchallenge/dataconnect\": could not find dataconnect.yaml in `/home/user/antigravity/typpingchallenge/dataconnect`\n"}}
[debug] [2026-02-03T08:46:19.638Z] E0203 14:16:19.637786   37374 watch.go:40] Failed to load config from "/home/user/antigravity/typpingchallenge/dataconnect": could not find dataconnect.yaml in `/home/user/antigravity/typpingchallenge/dataconnect`
 {"metadata":{"emulator":{"name":"dataconnect"},"message":"E0203 14:16:19.637786   37374 watch.go:40] Failed to load config from \"/home/user/antigravity/typpingchallenge/dataconnect\": could not find dataconnect.yaml in `/home/user/antigravity/typpingchallenge/dataconnect`\n"}}
[debug] [2026-02-03T08:46:29.638Z] E0203 14:16:29.637786   37374 watch.go:40] Failed to load config from "/home/user/antigravity/typpingchallenge/dataconnect": could not find dataconnect.yaml in `/home/user/antigravity/typpingchallenge/dataconnect`
 {"metadata":{"emulator":{"name":"dataconnect"},"message":"E0203 14:16:29.637786   37374 watch.go:40] Failed to load config from \"/home/user/antigravity/typpingchallenge/dataconnect\": could not find dataconnect.yaml in `/home/user/antigravity/typpingchallenge/dataconnect`\n"}}
[debug] [2026-02-03T08:46:39.633Z] E0203 14:16:39.632769   37374 watch.go:40] Failed to load config from "/home/user/antigravity/typpingchallenge/dataconnect": could not find dataconnect.yaml in `/home/user/antigravity/typpingchallenge/dataconnect`
 {"metadata":{"emulator":{"name":"dataconnect"},"message":"E0203 14:16:39.632769   37374 watch.go:40] Failed to load config from \"/home/user/antigravity/typpingchallenge/dataconnect\": could not find dataconnect.yaml in `/home/user/antigravity/typpingchallenge/dataconnect`\n"}}
[debug] [2026-02-03T08:46:49.637Z] E0203 14:16:49.637772   37374 watch.go:40] Failed to load config from "/home/user/antigravity/typpingchallenge/dataconnect": could not find dataconnect.yaml in `/home/user/antigravity/typpingchallenge/dataconnect`
 {"metadata":{"emulator":{"name":"dataconnect"},"message":"E0203 14:16:49.637772   37374 watch.go:40] Failed to load config from \"/home/user/antigravity/typpingchallenge/dataconnect\": could not find dataconnect.yaml in `/home/user/antigravity/typpingchallenge/dataconnect`\n"}}
[debug] [2026-02-03T08:46:59.637Z] E0203 14:16:59.637751   37374 watch.go:40] Failed to load config from "/home/user/antigravity/typpingchallenge/dataconnect": could not find dataconnect.yaml in `/home/user/antigravity/typpingchallenge/dataconnect`
 {"metadata":{"emulator":{"name":"dataconnect"},"message":"E0203 14:16:59.637751   37374 watch.go:40] Failed to load config from \"/home/user/antigravity/typpingchallenge/dataconnect\": could not find dataconnect.yaml in `/home/user/antigravity/typpingchallenge/dataconnect`\n"}}
[debug] [2026-02-03T08:47:09.633Z] E0203 14:17:09.632732   37374 watch.go:116] watchAllDir unable to walk dir `/home/user/antigravity/typpingchallenge/dataconnect`: lstat /home/user/antigravity/typpingchallenge/dataconnect: no such file or directory
E0203 14:17:09.632809   37374 watch.go:40] Failed to load config from "/home/user/antigravity/typpingchallenge/dataconnect": could not find dataconnect.yaml in `/home/user/antigravity/typpingchallenge/dataconnect`
 {"metadata":{"emulator":{"name":"dataconnect"},"message":"E0203 14:17:09.632732   37374 watch.go:116] watchAllDir unable to walk dir `/home/user/antigravity/typpingchallenge/dataconnect`: lstat /home/user/antigravity/typpingchallenge/dataconnect: no such file or directory\nE0203 14:17:09.632809   37374 watch.go:40] Failed to load config from \"/home/user/antigravity/typpingchallenge/dataconnect\": could not find dataconnect.yaml in `/home/user/antigravity/typpingchallenge/dataconnect`\n"}}
[debug] [2026-02-03T08:47:19.629Z] E0203 14:17:19.628904   37374 watch.go:40] Failed to load config from "/home/user/antigravity/typpingchallenge/dataconnect": could not find dataconnect.yaml in `/home/user/antigravity/typpingchallenge/dataconnect`
 {"metadata":{"emulator":{"name":"dataconnect"},"message":"E0203 14:17:19.628904   37374 watch.go:40] Failed to load config from \"/home/user/antigravity/typpingchallenge/dataconnect\": could not find dataconnect.yaml in `/home/user/antigravity/typpingchallenge/dataconnect`\n"}}
[debug] [2026-02-03T08:47:29.628Z] E0203 14:17:29.628446   37374 watch.go:40] Failed to load config from "/home/user/antigravity/typpingchallenge/dataconnect": could not find dataconnect.yaml in `/home/user/antigravity/typpingchallenge/dataconnect`
 {"metadata":{"emulator":{"name":"dataconnect"},"message":"E0203 14:17:29.628446   37374 watch.go:40] Failed to load config from \"/home/user/antigravity/typpingchallenge/dataconnect\": could not find dataconnect.yaml in `/home/user/antigravity/typpingchallenge/dataconnect`\n"}}
[debug] [2026-02-03T08:47:39.633Z] E0203 14:17:39.632839   37374 watch.go:40] Failed to load config from "/home/user/antigravity/typpingchallenge/dataconnect": could not find dataconnect.yaml in `/home/user/antigravity/typpingchallenge/dataconnect`
 {"metadata":{"emulator":{"name":"dataconnect"},"message":"E0203 14:17:39.632839   37374 watch.go:40] Failed to load config from \"/home/user/antigravity/typpingchallenge/dataconnect\": could not find dataconnect.yaml in `/home/user/antigravity/typpingchallenge/dataconnect`\n"}}
[debug] [2026-02-03T08:47:49.637Z] E0203 14:17:49.637744   37374 watch.go:40] Failed to load config from "/home/user/antigravity/typpingchallenge/dataconnect": could not find dataconnect.yaml in `/home/user/antigravity/typpingchallenge/dataconnect`
 {"metadata":{"emulator":{"name":"dataconnect"},"message":"E0203 14:17:49.637744   37374 watch.go:40] Failed to load config from \"/home/user/antigravity/typpingchallenge/dataconnect\": could not find dataconnect.yaml in `/home/user/antigravity/typpingchallenge/dataconnect`\n"}}
[debug] [2026-02-03T08:47:59.638Z] E0203 14:17:59.637791   37374 watch.go:40] Failed to load config from "/home/user/antigravity/typpingchallenge/dataconnect": could not find dataconnect.yaml in `/home/user/antigravity/typpingchallenge/dataconnect`
 {"metadata":{"emulator":{"name":"dataconnect"},"message":"E0203 14:17:59.637791   37374 watch.go:40] Failed to load config from \"/home/user/antigravity/typpingchallenge/dataconnect\": could not find dataconnect.yaml in `/home/user/antigravity/typpingchallenge/dataconnect`\n"}}
[debug] [2026-02-03T08:48:09.632Z] E0203 14:18:09.632698   37374 watch.go:116] watchAllDir unable to walk dir `/home/user/antigravity/typpingchallenge/dataconnect`: lstat /home/user/antigravity/typpingchallenge/dataconnect: no such file or directory
E0203 14:18:09.632721   37374 watch.go:40] Failed to load config from "/home/user/antigravity/typpingchallenge/dataconnect": could not find dataconnect.yaml in `/home/user/antigravity/typpingchallenge/dataconnect`
 {"metadata":{"emulator":{"name":"dataconnect"},"message":"E0203 14:18:09.632698   37374 watch.go:116] watchAllDir unable to walk dir `/home/user/antigravity/typpingchallenge/dataconnect`: lstat /home/user/antigravity/typpingchallenge/dataconnect: no such file or directory\nE0203 14:18:09.632721   37374 watch.go:40] Failed to load config from \"/home/user/antigravity/typpingchallenge/dataconnect\": could not find dataconnect.yaml in `/home/user/antigravity/typpingchallenge/dataconnect`\n"}}
[debug] [2026-02-03T08:48:19.637Z] E0203 14:18:19.637743   37374 watch.go:40] Failed to load config from "/home/user/antigravity/typpingchallenge/dataconnect": could not find dataconnect.yaml in `/home/user/antigravity/typpingchallenge/dataconnect`
 {"metadata":{"emulator":{"name":"dataconnect"},"message":"E0203 14:18:19.637743   37374 watch.go:40] Failed to load config from \"/home/user/antigravity/typpingchallenge/dataconnect\": could not find dataconnect.yaml in `/home/user/antigravity/typpingchallenge/dataconnect`\n"}}
[debug] [2026-02-03T08:48:29.638Z] E0203 14:18:29.637823   37374 watch.go:40] Failed to load config from "/home/user/antigravity/typpingchallenge/dataconnect": could not find dataconnect.yaml in `/home/user/antigravity/typpingchallenge/dataconnect`
 {"metadata":{"emulator":{"name":"dataconnect"},"message":"E0203 14:18:29.637823   37374 watch.go:40] Failed to load config from \"/home/user/antigravity/typpingchallenge/dataconnect\": could not find dataconnect.yaml in `/home/user/antigravity/typpingchallenge/dataconnect`\n"}}
[debug] [2026-02-03T08:48:39.633Z] E0203 14:18:39.632816   37374 watch.go:40] Failed to load config from "/home/user/antigravity/typpingchallenge/dataconnect": could not find dataconnect.yaml in `/home/user/antigravity/typpingchallenge/dataconnect`
 {"metadata":{"emulator":{"name":"dataconnect"},"message":"E0203 14:18:39.632816   37374 watch.go:40] Failed to load config from \"/home/user/antigravity/typpingchallenge/dataconnect\": could not find dataconnect.yaml in `/home/user/antigravity/typpingchallenge/dataconnect`\n"}}
[debug] [2026-02-03T08:48:49.637Z] E0203 14:18:49.637739   37374 watch.go:40] Failed to load config from "/home/user/antigravity/typpingchallenge/dataconnect": could not find dataconnect.yaml in `/home/user/antigravity/typpingchallenge/dataconnect`
 {"metadata":{"emulator":{"name":"dataconnect"},"message":"E0203 14:18:49.637739   37374 watch.go:40] Failed to load config from \"/home/user/antigravity/typpingchallenge/dataconnect\": could not find dataconnect.yaml in `/home/user/antigravity/typpingchallenge/dataconnect`\n"}}
[debug] [2026-02-03T08:48:59.638Z] E0203 14:18:59.637811   37374 watch.go:40] Failed to load config from "/home/user/antigravity/typpingchallenge/dataconnect": could not find dataconnect.yaml in `/home/user/antigravity/typpingchallenge/dataconnect`
 {"metadata":{"emulator":{"name":"dataconnect"},"message":"E0203 14:18:59.637811   37374 watch.go:40] Failed to load config from \"/home/user/antigravity/typpingchallenge/dataconnect\": could not find dataconnect.yaml in `/home/user/antigravity/typpingchallenge/dataconnect`\n"}}
[debug] [2026-02-03T08:49:09.632Z] E0203 14:19:09.632673   37374 watch.go:116] watchAllDir unable to walk dir `/home/user/antigravity/typpingchallenge/dataconnect`: lstat /home/user/antigravity/typpingchallenge/dataconnect: no such file or directory
E0203 14:19:09.632722   37374 watch.go:40] Failed to load config from "/home/user/antigravity/typpingchallenge/dataconnect": could not find dataconnect.yaml in `/home/user/antigravity/typpingchallenge/dataconnect`
 {"metadata":{"emulator":{"name":"dataconnect"},"message":"E0203 14:19:09.632673   37374 watch.go:116] watchAllDir unable to walk dir `/home/user/antigravity/typpingchallenge/dataconnect`: lstat /home/user/antigravity/typpingchallenge/dataconnect: no such file or directory\nE0203 14:19:09.632722   37374 watch.go:40] Failed to load config from \"/home/user/antigravity/typpingchallenge/dataconnect\": could not find dataconnect.yaml in `/home/user/antigravity/typpingchallenge/dataconnect`\n"}}
[debug] [2026-02-03T08:49:19.638Z] E0203 14:19:19.637750   37374 watch.go:40] Failed to load config from "/home/user/antigravity/typpingchallenge/dataconnect": could not find dataconnect.yaml in `/home/user/antigravity/typpingchallenge/dataconnect`
 {"metadata":{"emulator":{"name":"dataconnect"},"message":"E0203 14:19:19.637750   37374 watch.go:40] Failed to load config from \"/home/user/antigravity/typpingchallenge/dataconnect\": could not find dataconnect.yaml in `/home/user/antigravity/typpingchallenge/dataconnect`\n"}}
[debug] [2026-02-03T08:49:29.629Z] E0203 14:19:29.628776   37374 watch.go:40] Failed to load config from "/home/user/antigravity/typpingchallenge/dataconnect": could not find dataconnect.yaml in `/home/user/antigravity/typpingchallenge/dataconnect`
 {"metadata":{"emulator":{"name":"dataconnect"},"message":"E0203 14:19:29.628776   37374 watch.go:40] Failed to load config from \"/home/user/antigravity/typpingchallenge/dataconnect\": could not find dataconnect.yaml in `/home/user/antigravity/typpingchallenge/dataconnect`\n"}}
[debug] [2026-02-03T08:49:39.632Z] E0203 14:19:39.631787   37374 watch.go:40] Failed to load config from "/home/user/antigravity/typpingchallenge/dataconnect": could not find dataconnect.yaml in `/home/user/antigravity/typpingchallenge/dataconnect`
 {"metadata":{"emulator":{"name":"dataconnect"},"message":"E0203 14:19:39.631787   37374 watch.go:40] Failed to load config from \"/home/user/antigravity/typpingchallenge/dataconnect\": could not find dataconnect.yaml in `/home/user/antigravity/typpingchallenge/dataconnect`\n"}}
[debug] [2026-02-03T08:49:49.638Z] E0203 14:19:49.637733   37374 watch.go:40] Failed to load config from "/home/user/antigravity/typpingchallenge/dataconnect": could not find dataconnect.yaml in `/home/user/antigravity/typpingchallenge/dataconnect`
 {"metadata":{"emulator":{"name":"dataconnect"},"message":"E0203 14:19:49.637733   37374 watch.go:40] Failed to load config from \"/home/user/antigravity/typpingchallenge/dataconnect\": could not find dataconnect.yaml in `/home/user/antigravity/typpingchallenge/dataconnect`\n"}}
[debug] [2026-02-03T08:49:59.634Z] E0203 14:19:59.634709   37374 watch.go:40] Failed to load config from "/home/user/antigravity/typpingchallenge/dataconnect": could not find dataconnect.yaml in `/home/user/antigravity/typpingchallenge/dataconnect`
 {"metadata":{"emulator":{"name":"dataconnect"},"message":"E0203 14:19:59.634709   37374 watch.go:40] Failed to load config from \"/home/user/antigravity/typpingchallenge/dataconnect\": could not find dataconnect.yaml in `/home/user/antigravity/typpingchallenge/dataconnect`\n"}}
[debug] [2026-02-03T08:50:09.629Z] E0203 14:20:09.629296   37374 watch.go:116] watchAllDir unable to walk dir `/home/user/antigravity/typpingchallenge/dataconnect`: lstat /home/user/antigravity/typpingchallenge/dataconnect: no such file or directory
E0203 14:20:09.629356   37374 watch.go:40] Failed to load config from "/home/user/antigravity/typpingchallenge/dataconnect": could not find dataconnect.yaml in `/home/user/antigravity/typpingchallenge/dataconnect`
 {"metadata":{"emulator":{"name":"dataconnect"},"message":"E0203 14:20:09.629296   37374 watch.go:116] watchAllDir unable to walk dir `/home/user/antigravity/typpingchallenge/dataconnect`: lstat /home/user/antigravity/typpingchallenge/dataconnect: no such file or directory\nE0203 14:20:09.629356   37374 watch.go:40] Failed to load config from \"/home/user/antigravity/typpingchallenge/dataconnect\": could not find dataconnect.yaml in `/home/user/antigravity/typpingchallenge/dataconnect`\n"}}
[debug] [2026-02-03T08:50:19.637Z] E0203 14:20:19.637116   37374 watch.go:40] Failed to load config from "/home/user/antigravity/typpingchallenge/dataconnect": could not find dataconnect.yaml in `/home/user/antigravity/typpingchallenge/dataconnect`
 {"metadata":{"emulator":{"name":"dataconnect"},"message":"E0203 14:20:19.637116   37374 watch.go:40] Failed to load config from \"/home/user/antigravity/typpingchallenge/dataconnect\": could not find dataconnect.yaml in `/home/user/antigravity/typpingchallenge/dataconnect`\n"}}
[debug] [2026-02-03T08:50:29.637Z] E0203 14:20:29.637771   37374 watch.go:40] Failed to load config from "/home/user/antigravity/typpingchallenge/dataconnect": could not find dataconnect.yaml in `/home/user/antigravity/typpingchallenge/dataconnect`
 {"metadata":{"emulator":{"name":"dataconnect"},"message":"E0203 14:20:29.637771   37374 watch.go:40] Failed to load config from \"/home/user/antigravity/typpingchallenge/dataconnect\": could not find dataconnect.yaml in `/home/user/antigravity/typpingchallenge/dataconnect`\n"}}
[debug] [2026-02-03T08:50:39.632Z] E0203 14:20:39.632691   37374 watch.go:40] Failed to load config from "/home/user/antigravity/typpingchallenge/dataconnect": could not find dataconnect.yaml in `/home/user/antigravity/typpingchallenge/dataconnect`
 {"metadata":{"emulator":{"name":"dataconnect"},"message":"E0203 14:20:39.632691   37374 watch.go:40] Failed to load config from \"/home/user/antigravity/typpingchallenge/dataconnect\": could not find dataconnect.yaml in `/home/user/antigravity/typpingchallenge/dataconnect`\n"}}
[debug] [2026-02-03T08:50:49.637Z] E0203 14:20:49.637725   37374 watch.go:40] Failed to load config from "/home/user/antigravity/typpingchallenge/dataconnect": could not find dataconnect.yaml in `/home/user/antigravity/typpingchallenge/dataconnect`
 {"metadata":{"emulator":{"name":"dataconnect"},"message":"E0203 14:20:49.637725   37374 watch.go:40] Failed to load config from \"/home/user/antigravity/typpingchallenge/dataconnect\": could not find dataconnect.yaml in `/home/user/antigravity/typpingchallenge/dataconnect`\n"}}
[debug] [2026-02-03T08:50:59.635Z] E0203 14:20:59.634914   37374 watch.go:40] Failed to load config from "/home/user/antigravity/typpingchallenge/dataconnect": could not find dataconnect.yaml in `/home/user/antigravity/typpingchallenge/dataconnect`
 {"metadata":{"emulator":{"name":"dataconnect"},"message":"E0203 14:20:59.634914   37374 watch.go:40] Failed to load config from \"/home/user/antigravity/typpingchallenge/dataconnect\": could not find dataconnect.yaml in `/home/user/antigravity/typpingchallenge/dataconnect`\n"}}
[debug] [2026-02-03T08:51:09.632Z] E0203 14:21:09.632657   37374 watch.go:116] watchAllDir unable to walk dir `/home/user/antigravity/typpingchallenge/dataconnect`: lstat /home/user/antigravity/typpingchallenge/dataconnect: no such file or directory
E0203 14:21:09.632703   37374 watch.go:40] Failed to load config from "/home/user/antigravity/typpingchallenge/dataconnect": could not find dataconnect.yaml in `/home/user/antigravity/typpingchallenge/dataconnect`
 {"metadata":{"emulator":{"name":"dataconnect"},"message":"E0203 14:21:09.632657   37374 watch.go:116] watchAllDir unable to walk dir `/home/user/antigravity/typpingchallenge/dataconnect`: lstat /home/user/antigravity/typpingchallenge/dataconnect: no such file or directory\nE0203 14:21:09.632703   37374 watch.go:40] Failed to load config from \"/home/user/antigravity/typpingchallenge/dataconnect\": could not find dataconnect.yaml in `/home/user/antigravity/typpingchallenge/dataconnect`\n"}}
[debug] [2026-02-03T08:51:19.638Z] E0203 14:21:19.637931   37374 watch.go:40] Failed to load config from "/home/user/antigravity/typpingchallenge/dataconnect": could not find dataconnect.yaml in `/home/user/antigravity/typpingchallenge/dataconnect`
 {"metadata":{"emulator":{"name":"dataconnect"},"message":"E0203 14:21:19.637931   37374 watch.go:40] Failed to load config from \"/home/user/antigravity/typpingchallenge/dataconnect\": could not find dataconnect.yaml in `/home/user/antigravity/typpingchallenge/dataconnect`\n"}}
[debug] [2026-02-03T08:51:29.629Z] E0203 14:21:29.629814   37374 watch.go:40] Failed to load config from "/home/user/antigravity/typpingchallenge/dataconnect": could not find dataconnect.yaml in `/home/user/antigravity/typpingchallenge/dataconnect`
 {"metadata":{"emulator":{"name":"dataconnect"},"message":"E0203 14:21:29.629814   37374 watch.go:40] Failed to load config from \"/home/user/antigravity/typpingchallenge/dataconnect\": could not find dataconnect.yaml in `/home/user/antigravity/typpingchallenge/dataconnect`\n"}}
[debug] [2026-02-03T08:51:39.631Z] E0203 14:21:39.630998   37374 watch.go:40] Failed to load config from "/home/user/antigravity/typpingchallenge/dataconnect": could not find dataconnect.yaml in `/home/user/antigravity/typpingchallenge/dataconnect`
 {"metadata":{"emulator":{"name":"dataconnect"},"message":"E0203 14:21:39.630998   37374 watch.go:40] Failed to load config from \"/home/user/antigravity/typpingchallenge/dataconnect\": could not find dataconnect.yaml in `/home/user/antigravity/typpingchallenge/dataconnect`\n"}}
[debug] [2026-02-03T08:51:49.628Z] E0203 14:21:49.628584   37374 watch.go:40] Failed to load config from "/home/user/antigravity/typpingchallenge/dataconnect": could not find dataconnect.yaml in `/home/user/antigravity/typpingchallenge/dataconnect`
 {"metadata":{"emulator":{"name":"dataconnect"},"message":"E0203 14:21:49.628584   37374 watch.go:40] Failed to load config from \"/home/user/antigravity/typpingchallenge/dataconnect\": could not find dataconnect.yaml in `/home/user/antigravity/typpingchallenge/dataconnect`\n"}}
[debug] [2026-02-03T08:51:59.635Z] E0203 14:21:59.635641   37374 watch.go:40] Failed to load config from "/home/user/antigravity/typpingchallenge/dataconnect": could not find dataconnect.yaml in `/home/user/antigravity/typpingchallenge/dataconnect`
 {"metadata":{"emulator":{"name":"dataconnect"},"message":"E0203 14:21:59.635641   37374 watch.go:40] Failed to load config from \"/home/user/antigravity/typpingchallenge/dataconnect\": could not find dataconnect.yaml in `/home/user/antigravity/typpingchallenge/dataconnect`\n"}}
[debug] [2026-02-03T08:52:09.632Z] E0203 14:22:09.632697   37374 watch.go:116] watchAllDir unable to walk dir `/home/user/antigravity/typpingchallenge/dataconnect`: lstat /home/user/antigravity/typpingchallenge/dataconnect: no such file or directory
 {"metadata":{"emulator":{"name":"dataconnect"},"message":"E0203 14:22:09.632697   37374 watch.go:116] watchAllDir unable to walk dir `/home/user/antigravity/typpingchallenge/dataconnect`: lstat /home/user/antigravity/typpingchallenge/dataconnect: no such file or directory\n"}}
[debug] [2026-02-03T08:52:09.633Z] E0203 14:22:09.632831   37374 watch.go:40] Failed to load config from "/home/user/antigravity/typpingchallenge/dataconnect": could not find dataconnect.yaml in `/home/user/antigravity/typpingchallenge/dataconnect`
 {"metadata":{"emulator":{"name":"dataconnect"},"message":"E0203 14:22:09.632831   37374 watch.go:40] Failed to load config from \"/home/user/antigravity/typpingchallenge/dataconnect\": could not find dataconnect.yaml in `/home/user/antigravity/typpingchallenge/dataconnect`\n"}}
[debug] [2026-02-03T08:52:19.638Z] E0203 14:22:19.638056   37374 watch.go:40] Failed to load config from "/home/user/antigravity/typpingchallenge/dataconnect": could not find dataconnect.yaml in `/home/user/antigravity/typpingchallenge/dataconnect`
 {"metadata":{"emulator":{"name":"dataconnect"},"message":"E0203 14:22:19.638056   37374 watch.go:40] Failed to load config from \"/home/user/antigravity/typpingchallenge/dataconnect\": could not find dataconnect.yaml in `/home/user/antigravity/typpingchallenge/dataconnect`\n"}}
[debug] [2026-02-03T08:52:29.638Z] E0203 14:22:29.638354   37374 watch.go:40] Failed to load config from "/home/user/antigravity/typpingchallenge/dataconnect": could not find dataconnect.yaml in `/home/user/antigravity/typpingchallenge/dataconnect`
 {"metadata":{"emulator":{"name":"dataconnect"},"message":"E0203 14:22:29.638354   37374 watch.go:40] Failed to load config from \"/home/user/antigravity/typpingchallenge/dataconnect\": could not find dataconnect.yaml in `/home/user/antigravity/typpingchallenge/dataconnect`\n"}}
[debug] [2026-02-03T08:52:39.632Z] E0203 14:22:39.632631   37374 watch.go:40] Failed to load config from "/home/user/antigravity/typpingchallenge/dataconnect": could not find dataconnect.yaml in `/home/user/antigravity/typpingchallenge/dataconnect`
 {"metadata":{"emulator":{"name":"dataconnect"},"message":"E0203 14:22:39.632631   37374 watch.go:40] Failed to load config from \"/home/user/antigravity/typpingchallenge/dataconnect\": could not find dataconnect.yaml in `/home/user/antigravity/typpingchallenge/dataconnect`\n"}}
[debug] [2026-02-03T08:52:49.629Z] E0203 14:22:49.629823   37374 watch.go:40] Failed to load config from "/home/user/antigravity/typpingchallenge/dataconnect": could not find dataconnect.yaml in `/home/user/antigravity/typpingchallenge/dataconnect`
 {"metadata":{"emulator":{"name":"dataconnect"},"message":"E0203 14:22:49.629823   37374 watch.go:40] Failed to load config from \"/home/user/antigravity/typpingchallenge/dataconnect\": could not find dataconnect.yaml in `/home/user/antigravity/typpingchallenge/dataconnect`\n"}}
[debug] [2026-02-03T08:52:59.635Z] E0203 14:22:59.635865   37374 watch.go:40] Failed to load config from "/home/user/antigravity/typpingchallenge/dataconnect": could not find dataconnect.yaml in `/home/user/antigravity/typpingchallenge/dataconnect`
 {"metadata":{"emulator":{"name":"dataconnect"},"message":"E0203 14:22:59.635865   37374 watch.go:40] Failed to load config from \"/home/user/antigravity/typpingchallenge/dataconnect\": could not find dataconnect.yaml in `/home/user/antigravity/typpingchallenge/dataconnect`\n"}}
[debug] [2026-02-03T08:53:09.633Z] E0203 14:23:09.632930   37374 watch.go:116] watchAllDir unable to walk dir `/home/user/antigravity/typpingchallenge/dataconnect`: lstat /home/user/antigravity/typpingchallenge/dataconnect: no such file or directory
E0203 14:23:09.633091   37374 watch.go:40] Failed to load config from "/home/user/antigravity/typpingchallenge/dataconnect": could not find dataconnect.yaml in `/home/user/antigravity/typpingchallenge/dataconnect`
 {"metadata":{"emulator":{"name":"dataconnect"},"message":"E0203 14:23:09.632930   37374 watch.go:116] watchAllDir unable to walk dir `/home/user/antigravity/typpingchallenge/dataconnect`: lstat /home/user/antigravity/typpingchallenge/dataconnect: no such file or directory\nE0203 14:23:09.633091   37374 watch.go:40] Failed to load config from \"/home/user/antigravity/typpingchallenge/dataconnect\": could not find dataconnect.yaml in `/home/user/antigravity/typpingchallenge/dataconnect`\n"}}
[debug] [2026-02-03T08:53:19.637Z] E0203 14:23:19.637754   37374 watch.go:40] Failed to load config from "/home/user/antigravity/typpingchallenge/dataconnect": could not find dataconnect.yaml in `/home/user/antigravity/typpingchallenge/dataconnect`
 {"metadata":{"emulator":{"name":"dataconnect"},"message":"E0203 14:23:19.637754   37374 watch.go:40] Failed to load config from \"/home/user/antigravity/typpingchallenge/dataconnect\": could not find dataconnect.yaml in `/home/user/antigravity/typpingchallenge/dataconnect`\n"}}
[debug] [2026-02-03T08:53:29.638Z] E0203 14:23:29.637868   37374 watch.go:40] Failed to load config from "/home/user/antigravity/typpingchallenge/dataconnect": could not find dataconnect.yaml in `/home/user/antigravity/typpingchallenge/dataconnect`
 {"metadata":{"emulator":{"name":"dataconnect"},"message":"E0203 14:23:29.637868   37374 watch.go:40] Failed to load config from \"/home/user/antigravity/typpingchallenge/dataconnect\": could not find dataconnect.yaml in `/home/user/antigravity/typpingchallenge/dataconnect`\n"}}
[debug] [2026-02-03T08:53:39.629Z] E0203 14:23:39.629535   37374 watch.go:40] Failed to load config from "/home/user/antigravity/typpingchallenge/dataconnect": could not find dataconnect.yaml in `/home/user/antigravity/typpingchallenge/dataconnect`
 {"metadata":{"emulator":{"name":"dataconnect"},"message":"E0203 14:23:39.629535   37374 watch.go:40] Failed to load config from \"/home/user/antigravity/typpingchallenge/dataconnect\": could not find dataconnect.yaml in `/home/user/antigravity/typpingchallenge/dataconnect`\n"}}
[debug] [2026-02-03T08:53:49.628Z] E0203 14:23:49.628779   37374 watch.go:40] Failed to load config from "/home/user/antigravity/typpingchallenge/dataconnect": could not find dataconnect.yaml in `/home/user/antigravity/typpingchallenge/dataconnect`
 {"metadata":{"emulator":{"name":"dataconnect"},"message":"E0203 14:23:49.628779   37374 watch.go:40] Failed to load config from \"/home/user/antigravity/typpingchallenge/dataconnect\": could not find dataconnect.yaml in `/home/user/antigravity/typpingchallenge/dataconnect`\n"}}
[debug] [2026-02-03T08:53:59.628Z] E0203 14:23:59.628475   37374 watch.go:40] Failed to load config from "/home/user/antigravity/typpingchallenge/dataconnect": could not find dataconnect.yaml in `/home/user/antigravity/typpingchallenge/dataconnect`
 {"metadata":{"emulator":{"name":"dataconnect"},"message":"E0203 14:23:59.628475   37374 watch.go:40] Failed to load config from \"/home/user/antigravity/typpingchallenge/dataconnect\": could not find dataconnect.yaml in `/home/user/antigravity/typpingchallenge/dataconnect`\n"}}
[debug] [2026-02-03T08:54:09.629Z] E0203 14:24:09.629591   37374 watch.go:116] watchAllDir unable to walk dir `/home/user/antigravity/typpingchallenge/dataconnect`: lstat /home/user/antigravity/typpingchallenge/dataconnect: no such file or directory
E0203 14:24:09.629671   37374 watch.go:40] Failed to load config from "/home/user/antigravity/typpingchallenge/dataconnect": could not find dataconnect.yaml in `/home/user/antigravity/typpingchallenge/dataconnect`
 {"metadata":{"emulator":{"name":"dataconnect"},"message":"E0203 14:24:09.629591   37374 watch.go:116] watchAllDir unable to walk dir `/home/user/antigravity/typpingchallenge/dataconnect`: lstat /home/user/antigravity/typpingchallenge/dataconnect: no such file or directory\nE0203 14:24:09.629671   37374 watch.go:40] Failed to load config from \"/home/user/antigravity/typpingchallenge/dataconnect\": could not find dataconnect.yaml in `/home/user/antigravity/typpingchallenge/dataconnect`\n"}}
[debug] [2026-02-03T08:54:19.634Z] E0203 14:24:19.633892   37374 watch.go:40] Failed to load config from "/home/user/antigravity/typpingchallenge/dataconnect": could not find dataconnect.yaml in `/home/user/antigravity/typpingchallenge/dataconnect`
 {"metadata":{"emulator":{"name":"dataconnect"},"message":"E0203 14:24:19.633892   37374 watch.go:40] Failed to load config from \"/home/user/antigravity/typpingchallenge/dataconnect\": could not find dataconnect.yaml in `/home/user/antigravity/typpingchallenge/dataconnect`\n"}}
[debug] [2026-02-03T08:54:29.628Z] E0203 14:24:29.628501   37374 watch.go:40] Failed to load config from "/home/user/antigravity/typpingchallenge/dataconnect": could not find dataconnect.yaml in `/home/user/antigravity/typpingchallenge/dataconnect`
 {"metadata":{"emulator":{"name":"dataconnect"},"message":"E0203 14:24:29.628501   37374 watch.go:40] Failed to load config from \"/home/user/antigravity/typpingchallenge/dataconnect\": could not find dataconnect.yaml in `/home/user/antigravity/typpingchallenge/dataconnect`\n"}}
[debug] [2026-02-03T08:54:39.632Z] E0203 14:24:39.632770   37374 watch.go:40] Failed to load config from "/home/user/antigravity/typpingchallenge/dataconnect": could not find dataconnect.yaml in `/home/user/antigravity/typpingchallenge/dataconnect`
 {"metadata":{"emulator":{"name":"dataconnect"},"message":"E0203 14:24:39.632770   37374 watch.go:40] Failed to load config from \"/home/user/antigravity/typpingchallenge/dataconnect\": could not find dataconnect.yaml in `/home/user/antigravity/typpingchallenge/dataconnect`\n"}}
[debug] [2026-02-03T08:54:49.637Z] E0203 14:24:49.637751   37374 watch.go:40] Failed to load config from "/home/user/antigravity/typpingchallenge/dataconnect": could not find dataconnect.yaml in `/home/user/antigravity/typpingchallenge/dataconnect`
 {"metadata":{"emulator":{"name":"dataconnect"},"message":"E0203 14:24:49.637751   37374 watch.go:40] Failed to load config from \"/home/user/antigravity/typpingchallenge/dataconnect\": could not find dataconnect.yaml in `/home/user/antigravity/typpingchallenge/dataconnect`\n"}}
[debug] [2026-02-03T08:54:59.637Z] E0203 14:24:59.637751   37374 watch.go:40] Failed to load config from "/home/user/antigravity/typpingchallenge/dataconnect": could not find dataconnect.yaml in `/home/user/antigravity/typpingchallenge/dataconnect`
 {"metadata":{"emulator":{"name":"dataconnect"},"message":"E0203 14:24:59.637751   37374 watch.go:40] Failed to load config from \"/home/user/antigravity/typpingchallenge/dataconnect\": could not find dataconnect.yaml in `/home/user/antigravity/typpingchallenge/dataconnect`\n"}}
[debug] [2026-02-03T08:55:09.628Z] E0203 14:25:09.628802   37374 watch.go:116] watchAllDir unable to walk dir `/home/user/antigravity/typpingchallenge/dataconnect`: lstat /home/user/antigravity/typpingchallenge/dataconnect: no such file or directory
E0203 14:25:09.628832   37374 watch.go:40] Failed to load config from "/home/user/antigravity/typpingchallenge/dataconnect": could not find dataconnect.yaml in `/home/user/antigravity/typpingchallenge/dataconnect`
 {"metadata":{"emulator":{"name":"dataconnect"},"message":"E0203 14:25:09.628802   37374 watch.go:116] watchAllDir unable to walk dir `/home/user/antigravity/typpingchallenge/dataconnect`: lstat /home/user/antigravity/typpingchallenge/dataconnect: no such file or directory\nE0203 14:25:09.628832   37374 watch.go:40] Failed to load config from \"/home/user/antigravity/typpingchallenge/dataconnect\": could not find dataconnect.yaml in `/home/user/antigravity/typpingchallenge/dataconnect`\n"}}
[debug] [2026-02-03T08:55:19.638Z] E0203 14:25:19.638164   37374 watch.go:40] Failed to load config from "/home/user/antigravity/typpingchallenge/dataconnect": could not find dataconnect.yaml in `/home/user/antigravity/typpingchallenge/dataconnect`
 {"metadata":{"emulator":{"name":"dataconnect"},"message":"E0203 14:25:19.638164   37374 watch.go:40] Failed to load config from \"/home/user/antigravity/typpingchallenge/dataconnect\": could not find dataconnect.yaml in `/home/user/antigravity/typpingchallenge/dataconnect`\n"}}
[debug] [2026-02-03T08:55:29.638Z] E0203 14:25:29.638356   37374 watch.go:40] Failed to load config from "/home/user/antigravity/typpingchallenge/dataconnect": could not find dataconnect.yaml in `/home/user/antigravity/typpingchallenge/dataconnect`
 {"metadata":{"emulator":{"name":"dataconnect"},"message":"E0203 14:25:29.638356   37374 watch.go:40] Failed to load config from \"/home/user/antigravity/typpingchallenge/dataconnect\": could not find dataconnect.yaml in `/home/user/antigravity/typpingchallenge/dataconnect`\n"}}
[debug] [2026-02-03T08:55:39.629Z] E0203 14:25:39.629112   37374 watch.go:40] Failed to load config from "/home/user/antigravity/typpingchallenge/dataconnect": could not find dataconnect.yaml in `/home/user/antigravity/typpingchallenge/dataconnect`
 {"metadata":{"emulator":{"name":"dataconnect"},"message":"E0203 14:25:39.629112   37374 watch.go:40] Failed to load config from \"/home/user/antigravity/typpingchallenge/dataconnect\": could not find dataconnect.yaml in `/home/user/antigravity/typpingchallenge/dataconnect`\n"}}
[debug] [2026-02-03T08:55:49.638Z] E0203 14:25:49.638221   37374 watch.go:40] Failed to load config from "/home/user/antigravity/typpingchallenge/dataconnect": could not find dataconnect.yaml in `/home/user/antigravity/typpingchallenge/dataconnect`
 {"metadata":{"emulator":{"name":"dataconnect"},"message":"E0203 14:25:49.638221   37374 watch.go:40] Failed to load config from \"/home/user/antigravity/typpingchallenge/dataconnect\": could not find dataconnect.yaml in `/home/user/antigravity/typpingchallenge/dataconnect`\n"}}
[debug] [2026-02-03T08:55:59.628Z] E0203 14:25:59.628638   37374 watch.go:40] Failed to load config from "/home/user/antigravity/typpingchallenge/dataconnect": could not find dataconnect.yaml in `/home/user/antigravity/typpingchallenge/dataconnect`
 {"metadata":{"emulator":{"name":"dataconnect"},"message":"E0203 14:25:59.628638   37374 watch.go:40] Failed to load config from \"/home/user/antigravity/typpingchallenge/dataconnect\": could not find dataconnect.yaml in `/home/user/antigravity/typpingchallenge/dataconnect`\n"}}
[debug] [2026-02-03T08:56:09.628Z] E0203 14:26:09.628583   37374 watch.go:116] watchAllDir unable to walk dir `/home/user/antigravity/typpingchallenge/dataconnect`: lstat /home/user/antigravity/typpingchallenge/dataconnect: no such file or directory
E0203 14:26:09.628680   37374 watch.go:40] Failed to load config from "/home/user/antigravity/typpingchallenge/dataconnect": could not find dataconnect.yaml in `/home/user/antigravity/typpingchallenge/dataconnect`
 {"metadata":{"emulator":{"name":"dataconnect"},"message":"E0203 14:26:09.628583   37374 watch.go:116] watchAllDir unable to walk dir `/home/user/antigravity/typpingchallenge/dataconnect`: lstat /home/user/antigravity/typpingchallenge/dataconnect: no such file or directory\nE0203 14:26:09.628680   37374 watch.go:40] Failed to load config from \"/home/user/antigravity/typpingchallenge/dataconnect\": could not find dataconnect.yaml in `/home/user/antigravity/typpingchallenge/dataconnect`\n"}}
[debug] [2026-02-03T08:56:19.637Z] E0203 14:26:19.637884   37374 watch.go:40] Failed to load config from "/home/user/antigravity/typpingchallenge/dataconnect": could not find dataconnect.yaml in `/home/user/antigravity/typpingchallenge/dataconnect`
 {"metadata":{"emulator":{"name":"dataconnect"},"message":"E0203 14:26:19.637884   37374 watch.go:40] Failed to load config from \"/home/user/antigravity/typpingchallenge/dataconnect\": could not find dataconnect.yaml in `/home/user/antigravity/typpingchallenge/dataconnect`\n"}}
[debug] [2026-02-03T08:56:29.629Z] E0203 14:26:29.629484   37374 watch.go:40] Failed to load config from "/home/user/antigravity/typpingchallenge/dataconnect": could not find dataconnect.yaml in `/home/user/antigravity/typpingchallenge/dataconnect`
 {"metadata":{"emulator":{"name":"dataconnect"},"message":"E0203 14:26:29.629484   37374 watch.go:40] Failed to load config from \"/home/user/antigravity/typpingchallenge/dataconnect\": could not find dataconnect.yaml in `/home/user/antigravity/typpingchallenge/dataconnect`\n"}}
[debug] [2026-02-03T08:56:39.629Z] E0203 14:26:39.629043   37374 watch.go:40] Failed to load config from "/home/user/antigravity/typpingchallenge/dataconnect": could not find dataconnect.yaml in `/home/user/antigravity/typpingchallenge/dataconnect`
 {"metadata":{"emulator":{"name":"dataconnect"},"message":"E0203 14:26:39.629043   37374 watch.go:40] Failed to load config from \"/home/user/antigravity/typpingchallenge/dataconnect\": could not find dataconnect.yaml in `/home/user/antigravity/typpingchallenge/dataconnect`\n"}}
[debug] [2026-02-03T08:56:49.638Z] E0203 14:26:49.638299   37374 watch.go:40] Failed to load config from "/home/user/antigravity/typpingchallenge/dataconnect": could not find dataconnect.yaml in `/home/user/antigravity/typpingchallenge/dataconnect`
 {"metadata":{"emulator":{"name":"dataconnect"},"message":"E0203 14:26:49.638299   37374 watch.go:40] Failed to load config from \"/home/user/antigravity/typpingchallenge/dataconnect\": could not find dataconnect.yaml in `/home/user/antigravity/typpingchallenge/dataconnect`\n"}}
[debug] [2026-02-03T08:56:59.637Z] E0203 14:26:59.637595   37374 watch.go:40] Failed to load config from "/home/user/antigravity/typpingchallenge/dataconnect": could not find dataconnect.yaml in `/home/user/antigravity/typpingchallenge/dataconnect`
 {"metadata":{"emulator":{"name":"dataconnect"},"message":"E0203 14:26:59.637595   37374 watch.go:40] Failed to load config from \"/home/user/antigravity/typpingchallenge/dataconnect\": could not find dataconnect.yaml in `/home/user/antigravity/typpingchallenge/dataconnect`\n"}}
[debug] [2026-02-03T08:57:09.632Z] E0203 14:27:09.632838   37374 watch.go:116] watchAllDir unable to walk dir `/home/user/antigravity/typpingchallenge/dataconnect`: lstat /home/user/antigravity/typpingchallenge/dataconnect: no such file or directory
E0203 14:27:09.632881   37374 watch.go:40] Failed to load config from "/home/user/antigravity/typpingchallenge/dataconnect": could not find dataconnect.yaml in `/home/user/antigravity/typpingchallenge/dataconnect`
 {"metadata":{"emulator":{"name":"dataconnect"},"message":"E0203 14:27:09.632838   37374 watch.go:116] watchAllDir unable to walk dir `/home/user/antigravity/typpingchallenge/dataconnect`: lstat /home/user/antigravity/typpingchallenge/dataconnect: no such file or directory\nE0203 14:27:09.632881   37374 watch.go:40] Failed to load config from \"/home/user/antigravity/typpingchallenge/dataconnect\": could not find dataconnect.yaml in `/home/user/antigravity/typpingchallenge/dataconnect`\n"}}
[debug] [2026-02-03T08:57:19.638Z] E0203 14:27:19.638155   37374 watch.go:40] Failed to load config from "/home/user/antigravity/typpingchallenge/dataconnect": could not find dataconnect.yaml in `/home/user/antigravity/typpingchallenge/dataconnect`
 {"metadata":{"emulator":{"name":"dataconnect"},"message":"E0203 14:27:19.638155   37374 watch.go:40] Failed to load config from \"/home/user/antigravity/typpingchallenge/dataconnect\": could not find dataconnect.yaml in `/home/user/antigravity/typpingchallenge/dataconnect`\n"}}
[debug] [2026-02-03T08:57:29.637Z] E0203 14:27:29.637365   37374 watch.go:40] Failed to load config from "/home/user/antigravity/typpingchallenge/dataconnect": could not find dataconnect.yaml in `/home/user/antigravity/typpingchallenge/dataconnect`
 {"metadata":{"emulator":{"name":"dataconnect"},"message":"E0203 14:27:29.637365   37374 watch.go:40] Failed to load config from \"/home/user/antigravity/typpingchallenge/dataconnect\": could not find dataconnect.yaml in `/home/user/antigravity/typpingchallenge/dataconnect`\n"}}
[debug] [2026-02-03T08:57:39.632Z] E0203 14:27:39.632613   37374 watch.go:40] Failed to load config from "/home/user/antigravity/typpingchallenge/dataconnect": could not find dataconnect.yaml in `/home/user/antigravity/typpingchallenge/dataconnect`
 {"metadata":{"emulator":{"name":"dataconnect"},"message":"E0203 14:27:39.632613   37374 watch.go:40] Failed to load config from \"/home/user/antigravity/typpingchallenge/dataconnect\": could not find dataconnect.yaml in `/home/user/antigravity/typpingchallenge/dataconnect`\n"}}
[debug] [2026-02-03T08:57:49.638Z] E0203 14:27:49.637870   37374 watch.go:40] Failed to load config from "/home/user/antigravity/typpingchallenge/dataconnect": could not find dataconnect.yaml in `/home/user/antigravity/typpingchallenge/dataconnect`
 {"metadata":{"emulator":{"name":"dataconnect"},"message":"E0203 14:27:49.637870   37374 watch.go:40] Failed to load config from \"/home/user/antigravity/typpingchallenge/dataconnect\": could not find dataconnect.yaml in `/home/user/antigravity/typpingchallenge/dataconnect`\n"}}
[debug] [2026-02-03T08:57:59.637Z] E0203 14:27:59.637727   37374 watch.go:40] Failed to load config from "/home/user/antigravity/typpingchallenge/dataconnect": could not find dataconnect.yaml in `/home/user/antigravity/typpingchallenge/dataconnect`
 {"metadata":{"emulator":{"name":"dataconnect"},"message":"E0203 14:27:59.637727   37374 watch.go:40] Failed to load config from \"/home/user/antigravity/typpingchallenge/dataconnect\": could not find dataconnect.yaml in `/home/user/antigravity/typpingchallenge/dataconnect`\n"}}
[debug] [2026-02-03T08:58:09.632Z] E0203 14:28:09.632688   37374 watch.go:116] watchAllDir unable to walk dir `/home/user/antigravity/typpingchallenge/dataconnect`: lstat /home/user/antigravity/typpingchallenge/dataconnect: no such file or directory
E0203 14:28:09.632745   37374 watch.go:40] Failed to load config from "/home/user/antigravity/typpingchallenge/dataconnect": could not find dataconnect.yaml in `/home/user/antigravity/typpingchallenge/dataconnect`
 {"metadata":{"emulator":{"name":"dataconnect"},"message":"E0203 14:28:09.632688   37374 watch.go:116] watchAllDir unable to walk dir `/home/user/antigravity/typpingchallenge/dataconnect`: lstat /home/user/antigravity/typpingchallenge/dataconnect: no such file or directory\nE0203 14:28:09.632745   37374 watch.go:40] Failed to load config from \"/home/user/antigravity/typpingchallenge/dataconnect\": could not find dataconnect.yaml in `/home/user/antigravity/typpingchallenge/dataconnect`\n"}}
[debug] [2026-02-03T08:58:19.628Z] E0203 14:28:19.628420   37374 watch.go:40] Failed to load config from "/home/user/antigravity/typpingchallenge/dataconnect": could not find dataconnect.yaml in `/home/user/antigravity/typpingchallenge/dataconnect`
 {"metadata":{"emulator":{"name":"dataconnect"},"message":"E0203 14:28:19.628420   37374 watch.go:40] Failed to load config from \"/home/user/antigravity/typpingchallenge/dataconnect\": could not find dataconnect.yaml in `/home/user/antigravity/typpingchallenge/dataconnect`\n"}}
[debug] [2026-02-03T08:58:29.637Z] E0203 14:28:29.637814   37374 watch.go:40] Failed to load config from "/home/user/antigravity/typpingchallenge/dataconnect": could not find dataconnect.yaml in `/home/user/antigravity/typpingchallenge/dataconnect`
 {"metadata":{"emulator":{"name":"dataconnect"},"message":"E0203 14:28:29.637814   37374 watch.go:40] Failed to load config from \"/home/user/antigravity/typpingchallenge/dataconnect\": could not find dataconnect.yaml in `/home/user/antigravity/typpingchallenge/dataconnect`\n"}}
[debug] [2026-02-03T08:58:39.633Z] E0203 14:28:39.632855   37374 watch.go:40] Failed to load config from "/home/user/antigravity/typpingchallenge/dataconnect": could not find dataconnect.yaml in `/home/user/antigravity/typpingchallenge/dataconnect`
 {"metadata":{"emulator":{"name":"dataconnect"},"message":"E0203 14:28:39.632855   37374 watch.go:40] Failed to load config from \"/home/user/antigravity/typpingchallenge/dataconnect\": could not find dataconnect.yaml in `/home/user/antigravity/typpingchallenge/dataconnect`\n"}}
[debug] [2026-02-03T08:58:49.628Z] E0203 14:28:49.628431   37374 watch.go:40] Failed to load config from "/home/user/antigravity/typpingchallenge/dataconnect": could not find dataconnect.yaml in `/home/user/antigravity/typpingchallenge/dataconnect`
 {"metadata":{"emulator":{"name":"dataconnect"},"message":"E0203 14:28:49.628431   37374 watch.go:40] Failed to load config from \"/home/user/antigravity/typpingchallenge/dataconnect\": could not find dataconnect.yaml in `/home/user/antigravity/typpingchallenge/dataconnect`\n"}}
[debug] [2026-02-03T08:58:59.636Z] E0203 14:28:59.636752   37374 watch.go:40] Failed to load config from "/home/user/antigravity/typpingchallenge/dataconnect": could not find dataconnect.yaml in `/home/user/antigravity/typpingchallenge/dataconnect`
 {"metadata":{"emulator":{"name":"dataconnect"},"message":"E0203 14:28:59.636752   37374 watch.go:40] Failed to load config from \"/home/user/antigravity/typpingchallenge/dataconnect\": could not find dataconnect.yaml in `/home/user/antigravity/typpingchallenge/dataconnect`\n"}}
[debug] [2026-02-03T08:59:09.630Z] E0203 14:29:09.629970   37374 watch.go:116] watchAllDir unable to walk dir `/home/user/antigravity/typpingchallenge/dataconnect`: lstat /home/user/antigravity/typpingchallenge/dataconnect: no such file or directory
E0203 14:29:09.630014   37374 watch.go:40] Failed to load config from "/home/user/antigravity/typpingchallenge/dataconnect": could not find dataconnect.yaml in `/home/user/antigravity/typpingchallenge/dataconnect`
 {"metadata":{"emulator":{"name":"dataconnect"},"message":"E0203 14:29:09.629970   37374 watch.go:116] watchAllDir unable to walk dir `/home/user/antigravity/typpingchallenge/dataconnect`: lstat /home/user/antigravity/typpingchallenge/dataconnect: no such file or directory\nE0203 14:29:09.630014   37374 watch.go:40] Failed to load config from \"/home/user/antigravity/typpingchallenge/dataconnect\": could not find dataconnect.yaml in `/home/user/antigravity/typpingchallenge/dataconnect`\n"}}
[debug] [2026-02-03T08:59:19.638Z] E0203 14:29:19.638305   37374 watch.go:40] Failed to load config from "/home/user/antigravity/typpingchallenge/dataconnect": could not find dataconnect.yaml in `/home/user/antigravity/typpingchallenge/dataconnect`
 {"metadata":{"emulator":{"name":"dataconnect"},"message":"E0203 14:29:19.638305   37374 watch.go:40] Failed to load config from \"/home/user/antigravity/typpingchallenge/dataconnect\": could not find dataconnect.yaml in `/home/user/antigravity/typpingchallenge/dataconnect`\n"}}
[debug] [2026-02-03T08:59:29.637Z] E0203 14:29:29.637565   37374 watch.go:40] Failed to load config from "/home/user/antigravity/typpingchallenge/dataconnect": could not find dataconnect.yaml in `/home/user/antigravity/typpingchallenge/dataconnect`
 {"metadata":{"emulator":{"name":"dataconnect"},"message":"E0203 14:29:29.637565   37374 watch.go:40] Failed to load config from \"/home/user/antigravity/typpingchallenge/dataconnect\": could not find dataconnect.yaml in `/home/user/antigravity/typpingchallenge/dataconnect`\n"}}
[debug] [2026-02-03T08:59:39.632Z] E0203 14:29:39.632318   37374 watch.go:40] Failed to load config from "/home/user/antigravity/typpingchallenge/dataconnect": could not find dataconnect.yaml in `/home/user/antigravity/typpingchallenge/dataconnect`
 {"metadata":{"emulator":{"name":"dataconnect"},"message":"E0203 14:29:39.632318   37374 watch.go:40] Failed to load config from \"/home/user/antigravity/typpingchallenge/dataconnect\": could not find dataconnect.yaml in `/home/user/antigravity/typpingchallenge/dataconnect`\n"}}
[debug] [2026-02-03T08:59:49.635Z] E0203 14:29:49.635610   37374 watch.go:40] Failed to load config from "/home/user/antigravity/typpingchallenge/dataconnect": could not find dataconnect.yaml in `/home/user/antigravity/typpingchallenge/dataconnect`
 {"metadata":{"emulator":{"name":"dataconnect"},"message":"E0203 14:29:49.635610   37374 watch.go:40] Failed to load config from \"/home/user/antigravity/typpingchallenge/dataconnect\": could not find dataconnect.yaml in `/home/user/antigravity/typpingchallenge/dataconnect`\n"}}
[debug] [2026-02-03T08:59:59.637Z] E0203 14:29:59.637784   37374 watch.go:40] Failed to load config from "/home/user/antigravity/typpingchallenge/dataconnect": could not find dataconnect.yaml in `/home/user/antigravity/typpingchallenge/dataconnect`
 {"metadata":{"emulator":{"name":"dataconnect"},"message":"E0203 14:29:59.637784   37374 watch.go:40] Failed to load config from \"/home/user/antigravity/typpingchallenge/dataconnect\": could not find dataconnect.yaml in `/home/user/antigravity/typpingchallenge/dataconnect`\n"}}
[debug] [2026-02-03T09:00:09.629Z] E0203 14:30:09.629500   37374 watch.go:116] watchAllDir unable to walk dir `/home/user/antigravity/typpingchallenge/dataconnect`: lstat /home/user/antigravity/typpingchallenge/dataconnect: no such file or directory
E0203 14:30:09.629545   37374 watch.go:40] Failed to load config from "/home/user/antigravity/typpingchallenge/dataconnect": could not find dataconnect.yaml in `/home/user/antigravity/typpingchallenge/dataconnect`
 {"metadata":{"emulator":{"name":"dataconnect"},"message":"E0203 14:30:09.629500   37374 watch.go:116] watchAllDir unable to walk dir `/home/user/antigravity/typpingchallenge/dataconnect`: lstat /home/user/antigravity/typpingchallenge/dataconnect: no such file or directory\nE0203 14:30:09.629545   37374 watch.go:40] Failed to load config from \"/home/user/antigravity/typpingchallenge/dataconnect\": could not find dataconnect.yaml in `/home/user/antigravity/typpingchallenge/dataconnect`\n"}}
[debug] [2026-02-03T09:00:19.628Z] E0203 14:30:19.628704   37374 watch.go:40] Failed to load config from "/home/user/antigravity/typpingchallenge/dataconnect": could not find dataconnect.yaml in `/home/user/antigravity/typpingchallenge/dataconnect`
 {"metadata":{"emulator":{"name":"dataconnect"},"message":"E0203 14:30:19.628704   37374 watch.go:40] Failed to load config from \"/home/user/antigravity/typpingchallenge/dataconnect\": could not find dataconnect.yaml in `/home/user/antigravity/typpingchallenge/dataconnect`\n"}}
[debug] [2026-02-03T09:00:29.628Z] E0203 14:30:29.628592   37374 watch.go:40] Failed to load config from "/home/user/antigravity/typpingchallenge/dataconnect": could not find dataconnect.yaml in `/home/user/antigravity/typpingchallenge/dataconnect`
 {"metadata":{"emulator":{"name":"dataconnect"},"message":"E0203 14:30:29.628592   37374 watch.go:40] Failed to load config from \"/home/user/antigravity/typpingchallenge/dataconnect\": could not find dataconnect.yaml in `/home/user/antigravity/typpingchallenge/dataconnect`\n"}}
[debug] [2026-02-03T09:00:39.628Z] E0203 14:30:39.628690   37374 watch.go:40] Failed to load config from "/home/user/antigravity/typpingchallenge/dataconnect": could not find dataconnect.yaml in `/home/user/antigravity/typpingchallenge/dataconnect`
 {"metadata":{"emulator":{"name":"dataconnect"},"message":"E0203 14:30:39.628690   37374 watch.go:40] Failed to load config from \"/home/user/antigravity/typpingchallenge/dataconnect\": could not find dataconnect.yaml in `/home/user/antigravity/typpingchallenge/dataconnect`\n"}}
[debug] [2026-02-03T09:00:49.632Z] E0203 14:30:49.632059   37374 watch.go:40] Failed to load config from "/home/user/antigravity/typpingchallenge/dataconnect": could not find dataconnect.yaml in `/home/user/antigravity/typpingchallenge/dataconnect`
 {"metadata":{"emulator":{"name":"dataconnect"},"message":"E0203 14:30:49.632059   37374 watch.go:40] Failed to load config from \"/home/user/antigravity/typpingchallenge/dataconnect\": could not find dataconnect.yaml in `/home/user/antigravity/typpingchallenge/dataconnect`\n"}}
[debug] [2026-02-03T09:00:59.638Z] E0203 14:30:59.638237   37374 watch.go:40] Failed to load config from "/home/user/antigravity/typpingchallenge/dataconnect": could not find dataconnect.yaml in `/home/user/antigravity/typpingchallenge/dataconnect`
 {"metadata":{"emulator":{"name":"dataconnect"},"message":"E0203 14:30:59.638237   37374 watch.go:40] Failed to load config from \"/home/user/antigravity/typpingchallenge/dataconnect\": could not find dataconnect.yaml in `/home/user/antigravity/typpingchallenge/dataconnect`\n"}}
[debug] [2026-02-03T09:01:09.632Z] E0203 14:31:09.632473   37374 watch.go:116] watchAllDir unable to walk dir `/home/user/antigravity/typpingchallenge/dataconnect`: lstat /home/user/antigravity/typpingchallenge/dataconnect: no such file or directory
E0203 14:31:09.632517   37374 watch.go:40] Failed to load config from "/home/user/antigravity/typpingchallenge/dataconnect": could not find dataconnect.yaml in `/home/user/antigravity/typpingchallenge/dataconnect`
 {"metadata":{"emulator":{"name":"dataconnect"},"message":"E0203 14:31:09.632473   37374 watch.go:116] watchAllDir unable to walk dir `/home/user/antigravity/typpingchallenge/dataconnect`: lstat /home/user/antigravity/typpingchallenge/dataconnect: no such file or directory\nE0203 14:31:09.632517   37374 watch.go:40] Failed to load config from \"/home/user/antigravity/typpingchallenge/dataconnect\": could not find dataconnect.yaml in `/home/user/antigravity/typpingchallenge/dataconnect`\n"}}
[debug] [2026-02-03T09:01:19.637Z] E0203 14:31:19.637730   37374 watch.go:40] Failed to load config from "/home/user/antigravity/typpingchallenge/dataconnect": could not find dataconnect.yaml in `/home/user/antigravity/typpingchallenge/dataconnect`
 {"metadata":{"emulator":{"name":"dataconnect"},"message":"E0203 14:31:19.637730   37374 watch.go:40] Failed to load config from \"/home/user/antigravity/typpingchallenge/dataconnect\": could not find dataconnect.yaml in `/home/user/antigravity/typpingchallenge/dataconnect`\n"}}
[debug] [2026-02-03T09:01:29.636Z] E0203 14:31:29.635945   37374 watch.go:40] Failed to load config from "/home/user/antigravity/typpingchallenge/dataconnect": could not find dataconnect.yaml in `/home/user/antigravity/typpingchallenge/dataconnect`
 {"metadata":{"emulator":{"name":"dataconnect"},"message":"E0203 14:31:29.635945   37374 watch.go:40] Failed to load config from \"/home/user/antigravity/typpingchallenge/dataconnect\": could not find dataconnect.yaml in `/home/user/antigravity/typpingchallenge/dataconnect`\n"}}
[debug] [2026-02-03T09:01:39.633Z] E0203 14:31:39.633105   37374 watch.go:40] Failed to load config from "/home/user/antigravity/typpingchallenge/dataconnect": could not find dataconnect.yaml in `/home/user/antigravity/typpingchallenge/dataconnect`
 {"metadata":{"emulator":{"name":"dataconnect"},"message":"E0203 14:31:39.633105   37374 watch.go:40] Failed to load config from \"/home/user/antigravity/typpingchallenge/dataconnect\": could not find dataconnect.yaml in `/home/user/antigravity/typpingchallenge/dataconnect`\n"}}
[debug] [2026-02-03T09:01:49.638Z] E0203 14:31:49.637812   37374 watch.go:40] Failed to load config from "/home/user/antigravity/typpingchallenge/dataconnect": could not find dataconnect.yaml in `/home/user/antigravity/typpingchallenge/dataconnect`
 {"metadata":{"emulator":{"name":"dataconnect"},"message":"E0203 14:31:49.637812   37374 watch.go:40] Failed to load config from \"/home/user/antigravity/typpingchallenge/dataconnect\": could not find dataconnect.yaml in `/home/user/antigravity/typpingchallenge/dataconnect`\n"}}
[debug] [2026-02-03T09:01:59.637Z] E0203 14:31:59.637782   37374 watch.go:40] Failed to load config from "/home/user/antigravity/typpingchallenge/dataconnect": could not find dataconnect.yaml in `/home/user/antigravity/typpingchallenge/dataconnect`
 {"metadata":{"emulator":{"name":"dataconnect"},"message":"E0203 14:31:59.637782   37374 watch.go:40] Failed to load config from \"/home/user/antigravity/typpingchallenge/dataconnect\": could not find dataconnect.yaml in `/home/user/antigravity/typpingchallenge/dataconnect`\n"}}
[debug] [2026-02-03T09:02:09.632Z] E0203 14:32:09.632799   37374 watch.go:116] watchAllDir unable to walk dir `/home/user/antigravity/typpingchallenge/dataconnect`: lstat /home/user/antigravity/typpingchallenge/dataconnect: no such file or directory
E0203 14:32:09.632828   37374 watch.go:40] Failed to load config from "/home/user/antigravity/typpingchallenge/dataconnect": could not find dataconnect.yaml in `/home/user/antigravity/typpingchallenge/dataconnect`
 {"metadata":{"emulator":{"name":"dataconnect"},"message":"E0203 14:32:09.632799   37374 watch.go:116] watchAllDir unable to walk dir `/home/user/antigravity/typpingchallenge/dataconnect`: lstat /home/user/antigravity/typpingchallenge/dataconnect: no such file or directory\nE0203 14:32:09.632828   37374 watch.go:40] Failed to load config from \"/home/user/antigravity/typpingchallenge/dataconnect\": could not find dataconnect.yaml in `/home/user/antigravity/typpingchallenge/dataconnect`\n"}}
[debug] [2026-02-03T09:02:19.633Z] E0203 14:32:19.633078   37374 watch.go:40] Failed to load config from "/home/user/antigravity/typpingchallenge/dataconnect": could not find dataconnect.yaml in `/home/user/antigravity/typpingchallenge/dataconnect`
 {"metadata":{"emulator":{"name":"dataconnect"},"message":"E0203 14:32:19.633078   37374 watch.go:40] Failed to load config from \"/home/user/antigravity/typpingchallenge/dataconnect\": could not find dataconnect.yaml in `/home/user/antigravity/typpingchallenge/dataconnect`\n"}}
[debug] [2026-02-03T09:02:29.628Z] E0203 14:32:29.628765   37374 watch.go:40] Failed to load config from "/home/user/antigravity/typpingchallenge/dataconnect": could not find dataconnect.yaml in `/home/user/antigravity/typpingchallenge/dataconnect`
 {"metadata":{"emulator":{"name":"dataconnect"},"message":"E0203 14:32:29.628765   37374 watch.go:40] Failed to load config from \"/home/user/antigravity/typpingchallenge/dataconnect\": could not find dataconnect.yaml in `/home/user/antigravity/typpingchallenge/dataconnect`\n"}}
[debug] [2026-02-03T09:02:39.629Z] E0203 14:32:39.629001   37374 watch.go:40] Failed to load config from "/home/user/antigravity/typpingchallenge/dataconnect": could not find dataconnect.yaml in `/home/user/antigravity/typpingchallenge/dataconnect`
 {"metadata":{"emulator":{"name":"dataconnect"},"message":"E0203 14:32:39.629001   37374 watch.go:40] Failed to load config from \"/home/user/antigravity/typpingchallenge/dataconnect\": could not find dataconnect.yaml in `/home/user/antigravity/typpingchallenge/dataconnect`\n"}}
[debug] [2026-02-03T09:02:49.638Z] E0203 14:32:49.638181   37374 watch.go:40] Failed to load config from "/home/user/antigravity/typpingchallenge/dataconnect": could not find dataconnect.yaml in `/home/user/antigravity/typpingchallenge/dataconnect`
 {"metadata":{"emulator":{"name":"dataconnect"},"message":"E0203 14:32:49.638181   37374 watch.go:40] Failed to load config from \"/home/user/antigravity/typpingchallenge/dataconnect\": could not find dataconnect.yaml in `/home/user/antigravity/typpingchallenge/dataconnect`\n"}}
[debug] [2026-02-03T09:02:59.636Z] E0203 14:32:59.636219   37374 watch.go:40] Failed to load config from "/home/user/antigravity/typpingchallenge/dataconnect": could not find dataconnect.yaml in `/home/user/antigravity/typpingchallenge/dataconnect`
 {"metadata":{"emulator":{"name":"dataconnect"},"message":"E0203 14:32:59.636219   37374 watch.go:40] Failed to load config from \"/home/user/antigravity/typpingchallenge/dataconnect\": could not find dataconnect.yaml in `/home/user/antigravity/typpingchallenge/dataconnect`\n"}}
[debug] [2026-02-03T09:03:09.632Z] E0203 14:33:09.632336   37374 watch.go:116] watchAllDir unable to walk dir `/home/user/antigravity/typpingchallenge/dataconnect`: lstat /home/user/antigravity/typpingchallenge/dataconnect: no such file or directory
E0203 14:33:09.632390   37374 watch.go:40] Failed to load config from "/home/user/antigravity/typpingchallenge/dataconnect": could not find dataconnect.yaml in `/home/user/antigravity/typpingchallenge/dataconnect`
 {"metadata":{"emulator":{"name":"dataconnect"},"message":"E0203 14:33:09.632336   37374 watch.go:116] watchAllDir unable to walk dir `/home/user/antigravity/typpingchallenge/dataconnect`: lstat /home/user/antigravity/typpingchallenge/dataconnect: no such file or directory\nE0203 14:33:09.632390   37374 watch.go:40] Failed to load config from \"/home/user/antigravity/typpingchallenge/dataconnect\": could not find dataconnect.yaml in `/home/user/antigravity/typpingchallenge/dataconnect`\n"}}
[debug] [2026-02-03T09:03:19.635Z] E0203 14:33:19.635762   37374 watch.go:40] Failed to load config from "/home/user/antigravity/typpingchallenge/dataconnect": could not find dataconnect.yaml in `/home/user/antigravity/typpingchallenge/dataconnect`
 {"metadata":{"emulator":{"name":"dataconnect"},"message":"E0203 14:33:19.635762   37374 watch.go:40] Failed to load config from \"/home/user/antigravity/typpingchallenge/dataconnect\": could not find dataconnect.yaml in `/home/user/antigravity/typpingchallenge/dataconnect`\n"}}
[debug] [2026-02-03T09:03:29.636Z] E0203 14:33:29.635847   37374 watch.go:40] Failed to load config from "/home/user/antigravity/typpingchallenge/dataconnect": could not find dataconnect.yaml in `/home/user/antigravity/typpingchallenge/dataconnect`
 {"metadata":{"emulator":{"name":"dataconnect"},"message":"E0203 14:33:29.635847   37374 watch.go:40] Failed to load config from \"/home/user/antigravity/typpingchallenge/dataconnect\": could not find dataconnect.yaml in `/home/user/antigravity/typpingchallenge/dataconnect`\n"}}
[debug] [2026-02-03T09:03:39.633Z] E0203 14:33:39.633091   37374 watch.go:40] Failed to load config from "/home/user/antigravity/typpingchallenge/dataconnect": could not find dataconnect.yaml in `/home/user/antigravity/typpingchallenge/dataconnect`
 {"metadata":{"emulator":{"name":"dataconnect"},"message":"E0203 14:33:39.633091   37374 watch.go:40] Failed to load config from \"/home/user/antigravity/typpingchallenge/dataconnect\": could not find dataconnect.yaml in `/home/user/antigravity/typpingchallenge/dataconnect`\n"}}
[debug] [2026-02-03T09:03:49.638Z] E0203 14:33:49.638286   37374 watch.go:40] Failed to load config from "/home/user/antigravity/typpingchallenge/dataconnect": could not find dataconnect.yaml in `/home/user/antigravity/typpingchallenge/dataconnect`
 {"metadata":{"emulator":{"name":"dataconnect"},"message":"E0203 14:33:49.638286   37374 watch.go:40] Failed to load config from \"/home/user/antigravity/typpingchallenge/dataconnect\": could not find dataconnect.yaml in `/home/user/antigravity/typpingchallenge/dataconnect`\n"}}
[debug] [2026-02-03T09:03:59.629Z] E0203 14:33:59.629847   37374 watch.go:40] Failed to load config from "/home/user/antigravity/typpingchallenge/dataconnect": could not find dataconnect.yaml in `/home/user/antigravity/typpingchallenge/dataconnect`
 {"metadata":{"emulator":{"name":"dataconnect"},"message":"E0203 14:33:59.629847   37374 watch.go:40] Failed to load config from \"/home/user/antigravity/typpingchallenge/dataconnect\": could not find dataconnect.yaml in `/home/user/antigravity/typpingchallenge/dataconnect`\n"}}
[debug] [2026-02-03T09:04:09.629Z] E0203 14:34:09.629358   37374 watch.go:116] watchAllDir unable to walk dir `/home/user/antigravity/typpingchallenge/dataconnect`: lstat /home/user/antigravity/typpingchallenge/dataconnect: no such file or directory
E0203 14:34:09.629435   37374 watch.go:40] Failed to load config from "/home/user/antigravity/typpingchallenge/dataconnect": could not find dataconnect.yaml in `/home/user/antigravity/typpingchallenge/dataconnect`
 {"metadata":{"emulator":{"name":"dataconnect"},"message":"E0203 14:34:09.629358   37374 watch.go:116] watchAllDir unable to walk dir `/home/user/antigravity/typpingchallenge/dataconnect`: lstat /home/user/antigravity/typpingchallenge/dataconnect: no such file or directory\nE0203 14:34:09.629435   37374 watch.go:40] Failed to load config from \"/home/user/antigravity/typpingchallenge/dataconnect\": could not find dataconnect.yaml in `/home/user/antigravity/typpingchallenge/dataconnect`\n"}}
[debug] [2026-02-03T09:04:19.636Z] E0203 14:34:19.636716   37374 watch.go:40] Failed to load config from "/home/user/antigravity/typpingchallenge/dataconnect": could not find dataconnect.yaml in `/home/user/antigravity/typpingchallenge/dataconnect`
 {"metadata":{"emulator":{"name":"dataconnect"},"message":"E0203 14:34:19.636716   37374 watch.go:40] Failed to load config from \"/home/user/antigravity/typpingchallenge/dataconnect\": could not find dataconnect.yaml in `/home/user/antigravity/typpingchallenge/dataconnect`\n"}}
[debug] [2026-02-03T09:04:29.637Z] E0203 14:34:29.637696   37374 watch.go:40] Failed to load config from "/home/user/antigravity/typpingchallenge/dataconnect": could not find dataconnect.yaml in `/home/user/antigravity/typpingchallenge/dataconnect`
 {"metadata":{"emulator":{"name":"dataconnect"},"message":"E0203 14:34:29.637696   37374 watch.go:40] Failed to load config from \"/home/user/antigravity/typpingchallenge/dataconnect\": could not find dataconnect.yaml in `/home/user/antigravity/typpingchallenge/dataconnect`\n"}}
[debug] [2026-02-03T09:04:39.632Z] E0203 14:34:39.632709   37374 watch.go:40] Failed to load config from "/home/user/antigravity/typpingchallenge/dataconnect": could not find dataconnect.yaml in `/home/user/antigravity/typpingchallenge/dataconnect`
 {"metadata":{"emulator":{"name":"dataconnect"},"message":"E0203 14:34:39.632709   37374 watch.go:40] Failed to load config from \"/home/user/antigravity/typpingchallenge/dataconnect\": could not find dataconnect.yaml in `/home/user/antigravity/typpingchallenge/dataconnect`\n"}}
[debug] [2026-02-03T09:04:49.628Z] E0203 14:34:49.628419   37374 watch.go:40] Failed to load config from "/home/user/antigravity/typpingchallenge/dataconnect": could not find dataconnect.yaml in `/home/user/antigravity/typpingchallenge/dataconnect`
 {"metadata":{"emulator":{"name":"dataconnect"},"message":"E0203 14:34:49.628419   37374 watch.go:40] Failed to load config from \"/home/user/antigravity/typpingchallenge/dataconnect\": could not find dataconnect.yaml in `/home/user/antigravity/typpingchallenge/dataconnect`\n"}}
[debug] [2026-02-03T09:04:59.636Z] E0203 14:34:59.635983   37374 watch.go:40] Failed to load config from "/home/user/antigravity/typpingchallenge/dataconnect": could not find dataconnect.yaml in `/home/user/antigravity/typpingchallenge/dataconnect`
 {"metadata":{"emulator":{"name":"dataconnect"},"message":"E0203 14:34:59.635983   37374 watch.go:40] Failed to load config from \"/home/user/antigravity/typpingchallenge/dataconnect\": could not find dataconnect.yaml in `/home/user/antigravity/typpingchallenge/dataconnect`\n"}}
[debug] [2026-02-03T09:05:09.633Z] E0203 14:35:09.632725   37374 watch.go:116] watchAllDir unable to walk dir `/home/user/antigravity/typpingchallenge/dataconnect`: lstat /home/user/antigravity/typpingchallenge/dataconnect: no such file or directory
E0203 14:35:09.632801   37374 watch.go:40] Failed to load config from "/home/user/antigravity/typpingchallenge/dataconnect": could not find dataconnect.yaml in `/home/user/antigravity/typpingchallenge/dataconnect`
 {"metadata":{"emulator":{"name":"dataconnect"},"message":"E0203 14:35:09.632725   37374 watch.go:116] watchAllDir unable to walk dir `/home/user/antigravity/typpingchallenge/dataconnect`: lstat /home/user/antigravity/typpingchallenge/dataconnect: no such file or directory\nE0203 14:35:09.632801   37374 watch.go:40] Failed to load config from \"/home/user/antigravity/typpingchallenge/dataconnect\": could not find dataconnect.yaml in `/home/user/antigravity/typpingchallenge/dataconnect`\n"}}
[debug] [2026-02-03T09:05:19.637Z] E0203 14:35:19.637721   37374 watch.go:40] Failed to load config from "/home/user/antigravity/typpingchallenge/dataconnect": could not find dataconnect.yaml in `/home/user/antigravity/typpingchallenge/dataconnect`
 {"metadata":{"emulator":{"name":"dataconnect"},"message":"E0203 14:35:19.637721   37374 watch.go:40] Failed to load config from \"/home/user/antigravity/typpingchallenge/dataconnect\": could not find dataconnect.yaml in `/home/user/antigravity/typpingchallenge/dataconnect`\n"}}
[debug] [2026-02-03T09:05:29.630Z] E0203 14:35:29.629978   37374 watch.go:40] Failed to load config from "/home/user/antigravity/typpingchallenge/dataconnect": could not find dataconnect.yaml in `/home/user/antigravity/typpingchallenge/dataconnect`
 {"metadata":{"emulator":{"name":"dataconnect"},"message":"E0203 14:35:29.629978   37374 watch.go:40] Failed to load config from \"/home/user/antigravity/typpingchallenge/dataconnect\": could not find dataconnect.yaml in `/home/user/antigravity/typpingchallenge/dataconnect`\n"}}
[debug] [2026-02-03T09:05:39.630Z] E0203 14:35:39.630044   37374 watch.go:40] Failed to load config from "/home/user/antigravity/typpingchallenge/dataconnect": could not find dataconnect.yaml in `/home/user/antigravity/typpingchallenge/dataconnect`
 {"metadata":{"emulator":{"name":"dataconnect"},"message":"E0203 14:35:39.630044   37374 watch.go:40] Failed to load config from \"/home/user/antigravity/typpingchallenge/dataconnect\": could not find dataconnect.yaml in `/home/user/antigravity/typpingchallenge/dataconnect`\n"}}
[debug] [2026-02-03T09:05:49.637Z] E0203 14:35:49.637709   37374 watch.go:40] Failed to load config from "/home/user/antigravity/typpingchallenge/dataconnect": could not find dataconnect.yaml in `/home/user/antigravity/typpingchallenge/dataconnect`
 {"metadata":{"emulator":{"name":"dataconnect"},"message":"E0203 14:35:49.637709   37374 watch.go:40] Failed to load config from \"/home/user/antigravity/typpingchallenge/dataconnect\": could not find dataconnect.yaml in `/home/user/antigravity/typpingchallenge/dataconnect`\n"}}
[debug] [2026-02-03T09:05:59.637Z] E0203 14:35:59.637705   37374 watch.go:40] Failed to load config from "/home/user/antigravity/typpingchallenge/dataconnect": could not find dataconnect.yaml in `/home/user/antigravity/typpingchallenge/dataconnect`
 {"metadata":{"emulator":{"name":"dataconnect"},"message":"E0203 14:35:59.637705   37374 watch.go:40] Failed to load config from \"/home/user/antigravity/typpingchallenge/dataconnect\": could not find dataconnect.yaml in `/home/user/antigravity/typpingchallenge/dataconnect`\n"}}
[debug] [2026-02-03T09:06:09.632Z] E0203 14:36:09.632743   37374 watch.go:116] watchAllDir unable to walk dir `/home/user/antigravity/typpingchallenge/dataconnect`: lstat /home/user/antigravity/typpingchallenge/dataconnect: no such file or directory
E0203 14:36:09.632798   37374 watch.go:40] Failed to load config from "/home/user/antigravity/typpingchallenge/dataconnect": could not find dataconnect.yaml in `/home/user/antigravity/typpingchallenge/dataconnect`
 {"metadata":{"emulator":{"name":"dataconnect"},"message":"E0203 14:36:09.632743   37374 watch.go:116] watchAllDir unable to walk dir `/home/user/antigravity/typpingchallenge/dataconnect`: lstat /home/user/antigravity/typpingchallenge/dataconnect: no such file or directory\nE0203 14:36:09.632798   37374 watch.go:40] Failed to load config from \"/home/user/antigravity/typpingchallenge/dataconnect\": could not find dataconnect.yaml in `/home/user/antigravity/typpingchallenge/dataconnect`\n"}}
[debug] [2026-02-03T09:06:19.636Z] E0203 14:36:19.636093   37374 watch.go:40] Failed to load config from "/home/user/antigravity/typpingchallenge/dataconnect": could not find dataconnect.yaml in `/home/user/antigravity/typpingchallenge/dataconnect`
 {"metadata":{"emulator":{"name":"dataconnect"},"message":"E0203 14:36:19.636093   37374 watch.go:40] Failed to load config from \"/home/user/antigravity/typpingchallenge/dataconnect\": could not find dataconnect.yaml in `/home/user/antigravity/typpingchallenge/dataconnect`\n"}}
